--
-- PostgreSQL database dump
--

-- Dumped from database version 15.4 (Debian 15.4-2.pgdg120+1)
-- Dumped by pg_dump version 15.4 (Debian 15.4-2.pgdg120+1)

SET statement_timeout = 0;
SET lock_timeout = 0;
SET idle_in_transaction_session_timeout = 0;
SET client_encoding = 'UTF8';
SET standard_conforming_strings = on;
SELECT pg_catalog.set_config('search_path', '', false);
SET check_function_bodies = false;
SET xmloption = content;
SET client_min_messages = warning;
SET row_security = off;

--
-- Name: keycloak; Type: SCHEMA; Schema: -; Owner: Stey
--

CREATE SCHEMA keycloak;


ALTER SCHEMA keycloak OWNER TO "Stey";

--
-- Name: correct_dashboard_name_function(); Type: FUNCTION; Schema: public; Owner: Stey
--

CREATE FUNCTION public.correct_dashboard_name_function() RETURNS trigger
    LANGUAGE plpgsql
    AS $$
BEGIN
IF NEW.name IS NULL THEN
NEW.name := 'Dashboard ' || SUBSTR(new.dashboard_id::VARCHAR, 1, 13);
end if; 
RETURN NEW;
END;
$$;


ALTER FUNCTION public.correct_dashboard_name_function() OWNER TO "Stey";

SET default_tablespace = '';

SET default_table_access_method = heap;

--
-- Name: admin_event_entity; Type: TABLE; Schema: keycloak; Owner: keycloak_user
--

CREATE TABLE keycloak.admin_event_entity (
    id character varying(36) NOT NULL,
    admin_event_time bigint,
    realm_id character varying(255),
    operation_type character varying(255),
    auth_realm_id character varying(255),
    auth_client_id character varying(255),
    auth_user_id character varying(255),
    ip_address character varying(255),
    resource_path character varying(2550),
    representation text,
    error character varying(255),
    resource_type character varying(64)
);


ALTER TABLE keycloak.admin_event_entity OWNER TO keycloak_user;

--
-- Name: associated_policy; Type: TABLE; Schema: keycloak; Owner: keycloak_user
--

CREATE TABLE keycloak.associated_policy (
    policy_id character varying(36) NOT NULL,
    associated_policy_id character varying(36) NOT NULL
);


ALTER TABLE keycloak.associated_policy OWNER TO keycloak_user;

--
-- Name: authentication_execution; Type: TABLE; Schema: keycloak; Owner: keycloak_user
--

CREATE TABLE keycloak.authentication_execution (
    id character varying(36) NOT NULL,
    alias character varying(255),
    authenticator character varying(36),
    realm_id character varying(36),
    flow_id character varying(36),
    requirement integer,
    priority integer,
    authenticator_flow boolean DEFAULT false NOT NULL,
    auth_flow_id character varying(36),
    auth_config character varying(36)
);


ALTER TABLE keycloak.authentication_execution OWNER TO keycloak_user;

--
-- Name: authentication_flow; Type: TABLE; Schema: keycloak; Owner: keycloak_user
--

CREATE TABLE keycloak.authentication_flow (
    id character varying(36) NOT NULL,
    alias character varying(255),
    description character varying(255),
    realm_id character varying(36),
    provider_id character varying(36) DEFAULT 'basic-flow'::character varying NOT NULL,
    top_level boolean DEFAULT false NOT NULL,
    built_in boolean DEFAULT false NOT NULL
);


ALTER TABLE keycloak.authentication_flow OWNER TO keycloak_user;

--
-- Name: authenticator_config; Type: TABLE; Schema: keycloak; Owner: keycloak_user
--

CREATE TABLE keycloak.authenticator_config (
    id character varying(36) NOT NULL,
    alias character varying(255),
    realm_id character varying(36)
);


ALTER TABLE keycloak.authenticator_config OWNER TO keycloak_user;

--
-- Name: authenticator_config_entry; Type: TABLE; Schema: keycloak; Owner: keycloak_user
--

CREATE TABLE keycloak.authenticator_config_entry (
    authenticator_id character varying(36) NOT NULL,
    value text,
    name character varying(255) NOT NULL
);


ALTER TABLE keycloak.authenticator_config_entry OWNER TO keycloak_user;

--
-- Name: broker_link; Type: TABLE; Schema: keycloak; Owner: keycloak_user
--

CREATE TABLE keycloak.broker_link (
    identity_provider character varying(255) NOT NULL,
    storage_provider_id character varying(255),
    realm_id character varying(36) NOT NULL,
    broker_user_id character varying(255),
    broker_username character varying(255),
    token text,
    user_id character varying(255) NOT NULL
);


ALTER TABLE keycloak.broker_link OWNER TO keycloak_user;

--
-- Name: client; Type: TABLE; Schema: keycloak; Owner: keycloak_user
--

CREATE TABLE keycloak.client (
    id character varying(36) NOT NULL,
    enabled boolean DEFAULT false NOT NULL,
    full_scope_allowed boolean DEFAULT false NOT NULL,
    client_id character varying(255),
    not_before integer,
    public_client boolean DEFAULT false NOT NULL,
    secret character varying(255),
    base_url character varying(255),
    bearer_only boolean DEFAULT false NOT NULL,
    management_url character varying(255),
    surrogate_auth_required boolean DEFAULT false NOT NULL,
    realm_id character varying(36),
    protocol character varying(255),
    node_rereg_timeout integer DEFAULT 0,
    frontchannel_logout boolean DEFAULT false NOT NULL,
    consent_required boolean DEFAULT false NOT NULL,
    name character varying(255),
    service_accounts_enabled boolean DEFAULT false NOT NULL,
    client_authenticator_type character varying(255),
    root_url character varying(255),
    description character varying(255),
    registration_token character varying(255),
    standard_flow_enabled boolean DEFAULT true NOT NULL,
    implicit_flow_enabled boolean DEFAULT false NOT NULL,
    direct_access_grants_enabled boolean DEFAULT false NOT NULL,
    always_display_in_console boolean DEFAULT false NOT NULL
);


ALTER TABLE keycloak.client OWNER TO keycloak_user;

--
-- Name: client_attributes; Type: TABLE; Schema: keycloak; Owner: keycloak_user
--

CREATE TABLE keycloak.client_attributes (
    client_id character varying(36) NOT NULL,
    name character varying(255) NOT NULL,
    value text
);


ALTER TABLE keycloak.client_attributes OWNER TO keycloak_user;

--
-- Name: client_auth_flow_bindings; Type: TABLE; Schema: keycloak; Owner: keycloak_user
--

CREATE TABLE keycloak.client_auth_flow_bindings (
    client_id character varying(36) NOT NULL,
    flow_id character varying(36),
    binding_name character varying(255) NOT NULL
);


ALTER TABLE keycloak.client_auth_flow_bindings OWNER TO keycloak_user;

--
-- Name: client_initial_access; Type: TABLE; Schema: keycloak; Owner: keycloak_user
--

CREATE TABLE keycloak.client_initial_access (
    id character varying(36) NOT NULL,
    realm_id character varying(36) NOT NULL,
    "timestamp" integer,
    expiration integer,
    count integer,
    remaining_count integer
);


ALTER TABLE keycloak.client_initial_access OWNER TO keycloak_user;

--
-- Name: client_node_registrations; Type: TABLE; Schema: keycloak; Owner: keycloak_user
--

CREATE TABLE keycloak.client_node_registrations (
    client_id character varying(36) NOT NULL,
    value integer,
    name character varying(255) NOT NULL
);


ALTER TABLE keycloak.client_node_registrations OWNER TO keycloak_user;

--
-- Name: client_scope; Type: TABLE; Schema: keycloak; Owner: keycloak_user
--

CREATE TABLE keycloak.client_scope (
    id character varying(36) NOT NULL,
    name character varying(255),
    realm_id character varying(36),
    description character varying(255),
    protocol character varying(255)
);


ALTER TABLE keycloak.client_scope OWNER TO keycloak_user;

--
-- Name: client_scope_attributes; Type: TABLE; Schema: keycloak; Owner: keycloak_user
--

CREATE TABLE keycloak.client_scope_attributes (
    scope_id character varying(36) NOT NULL,
    value character varying(2048),
    name character varying(255) NOT NULL
);


ALTER TABLE keycloak.client_scope_attributes OWNER TO keycloak_user;

--
-- Name: client_scope_client; Type: TABLE; Schema: keycloak; Owner: keycloak_user
--

CREATE TABLE keycloak.client_scope_client (
    client_id character varying(255) NOT NULL,
    scope_id character varying(255) NOT NULL,
    default_scope boolean DEFAULT false NOT NULL
);


ALTER TABLE keycloak.client_scope_client OWNER TO keycloak_user;

--
-- Name: client_scope_role_mapping; Type: TABLE; Schema: keycloak; Owner: keycloak_user
--

CREATE TABLE keycloak.client_scope_role_mapping (
    scope_id character varying(36) NOT NULL,
    role_id character varying(36) NOT NULL
);


ALTER TABLE keycloak.client_scope_role_mapping OWNER TO keycloak_user;

--
-- Name: client_session; Type: TABLE; Schema: keycloak; Owner: keycloak_user
--

CREATE TABLE keycloak.client_session (
    id character varying(36) NOT NULL,
    client_id character varying(36),
    redirect_uri character varying(255),
    state character varying(255),
    "timestamp" integer,
    session_id character varying(36),
    auth_method character varying(255),
    realm_id character varying(255),
    auth_user_id character varying(36),
    current_action character varying(36)
);


ALTER TABLE keycloak.client_session OWNER TO keycloak_user;

--
-- Name: client_session_auth_status; Type: TABLE; Schema: keycloak; Owner: keycloak_user
--

CREATE TABLE keycloak.client_session_auth_status (
    authenticator character varying(36) NOT NULL,
    status integer,
    client_session character varying(36) NOT NULL
);


ALTER TABLE keycloak.client_session_auth_status OWNER TO keycloak_user;

--
-- Name: client_session_note; Type: TABLE; Schema: keycloak; Owner: keycloak_user
--

CREATE TABLE keycloak.client_session_note (
    name character varying(255) NOT NULL,
    value character varying(255),
    client_session character varying(36) NOT NULL
);


ALTER TABLE keycloak.client_session_note OWNER TO keycloak_user;

--
-- Name: client_session_prot_mapper; Type: TABLE; Schema: keycloak; Owner: keycloak_user
--

CREATE TABLE keycloak.client_session_prot_mapper (
    protocol_mapper_id character varying(36) NOT NULL,
    client_session character varying(36) NOT NULL
);


ALTER TABLE keycloak.client_session_prot_mapper OWNER TO keycloak_user;

--
-- Name: client_session_role; Type: TABLE; Schema: keycloak; Owner: keycloak_user
--

CREATE TABLE keycloak.client_session_role (
    role_id character varying(255) NOT NULL,
    client_session character varying(36) NOT NULL
);


ALTER TABLE keycloak.client_session_role OWNER TO keycloak_user;

--
-- Name: client_user_session_note; Type: TABLE; Schema: keycloak; Owner: keycloak_user
--

CREATE TABLE keycloak.client_user_session_note (
    name character varying(255) NOT NULL,
    value character varying(2048),
    client_session character varying(36) NOT NULL
);


ALTER TABLE keycloak.client_user_session_note OWNER TO keycloak_user;

--
-- Name: component; Type: TABLE; Schema: keycloak; Owner: keycloak_user
--

CREATE TABLE keycloak.component (
    id character varying(36) NOT NULL,
    name character varying(255),
    parent_id character varying(36),
    provider_id character varying(36),
    provider_type character varying(255),
    realm_id character varying(36),
    sub_type character varying(255)
);


ALTER TABLE keycloak.component OWNER TO keycloak_user;

--
-- Name: component_config; Type: TABLE; Schema: keycloak; Owner: keycloak_user
--

CREATE TABLE keycloak.component_config (
    id character varying(36) NOT NULL,
    component_id character varying(36) NOT NULL,
    name character varying(255) NOT NULL,
    value character varying(4000)
);


ALTER TABLE keycloak.component_config OWNER TO keycloak_user;

--
-- Name: composite_role; Type: TABLE; Schema: keycloak; Owner: keycloak_user
--

CREATE TABLE keycloak.composite_role (
    composite character varying(36) NOT NULL,
    child_role character varying(36) NOT NULL
);


ALTER TABLE keycloak.composite_role OWNER TO keycloak_user;

--
-- Name: credential; Type: TABLE; Schema: keycloak; Owner: keycloak_user
--

CREATE TABLE keycloak.credential (
    id character varying(36) NOT NULL,
    salt bytea,
    type character varying(255),
    user_id character varying(36),
    created_date bigint,
    user_label character varying(255),
    secret_data text,
    credential_data text,
    priority integer
);


ALTER TABLE keycloak.credential OWNER TO keycloak_user;

--
-- Name: databasechangelog; Type: TABLE; Schema: keycloak; Owner: keycloak_user
--

CREATE TABLE keycloak.databasechangelog (
    id character varying(255) NOT NULL,
    author character varying(255) NOT NULL,
    filename character varying(255) NOT NULL,
    dateexecuted timestamp without time zone NOT NULL,
    orderexecuted integer NOT NULL,
    exectype character varying(10) NOT NULL,
    md5sum character varying(35),
    description character varying(255),
    comments character varying(255),
    tag character varying(255),
    liquibase character varying(20),
    contexts character varying(255),
    labels character varying(255),
    deployment_id character varying(10)
);


ALTER TABLE keycloak.databasechangelog OWNER TO keycloak_user;

--
-- Name: databasechangeloglock; Type: TABLE; Schema: keycloak; Owner: keycloak_user
--

CREATE TABLE keycloak.databasechangeloglock (
    id integer NOT NULL,
    locked boolean NOT NULL,
    lockgranted timestamp without time zone,
    lockedby character varying(255)
);


ALTER TABLE keycloak.databasechangeloglock OWNER TO keycloak_user;

--
-- Name: default_client_scope; Type: TABLE; Schema: keycloak; Owner: keycloak_user
--

CREATE TABLE keycloak.default_client_scope (
    realm_id character varying(36) NOT NULL,
    scope_id character varying(36) NOT NULL,
    default_scope boolean DEFAULT false NOT NULL
);


ALTER TABLE keycloak.default_client_scope OWNER TO keycloak_user;

--
-- Name: event_entity; Type: TABLE; Schema: keycloak; Owner: keycloak_user
--

CREATE TABLE keycloak.event_entity (
    id character varying(36) NOT NULL,
    client_id character varying(255),
    details_json character varying(2550),
    error character varying(255),
    ip_address character varying(255),
    realm_id character varying(255),
    session_id character varying(255),
    event_time bigint,
    type character varying(255),
    user_id character varying(255)
);


ALTER TABLE keycloak.event_entity OWNER TO keycloak_user;

--
-- Name: fed_user_attribute; Type: TABLE; Schema: keycloak; Owner: keycloak_user
--

CREATE TABLE keycloak.fed_user_attribute (
    id character varying(36) NOT NULL,
    name character varying(255) NOT NULL,
    user_id character varying(255) NOT NULL,
    realm_id character varying(36) NOT NULL,
    storage_provider_id character varying(36),
    value character varying(2024)
);


ALTER TABLE keycloak.fed_user_attribute OWNER TO keycloak_user;

--
-- Name: fed_user_consent; Type: TABLE; Schema: keycloak; Owner: keycloak_user
--

CREATE TABLE keycloak.fed_user_consent (
    id character varying(36) NOT NULL,
    client_id character varying(255),
    user_id character varying(255) NOT NULL,
    realm_id character varying(36) NOT NULL,
    storage_provider_id character varying(36),
    created_date bigint,
    last_updated_date bigint,
    client_storage_provider character varying(36),
    external_client_id character varying(255)
);


ALTER TABLE keycloak.fed_user_consent OWNER TO keycloak_user;

--
-- Name: fed_user_consent_cl_scope; Type: TABLE; Schema: keycloak; Owner: keycloak_user
--

CREATE TABLE keycloak.fed_user_consent_cl_scope (
    user_consent_id character varying(36) NOT NULL,
    scope_id character varying(36) NOT NULL
);


ALTER TABLE keycloak.fed_user_consent_cl_scope OWNER TO keycloak_user;

--
-- Name: fed_user_credential; Type: TABLE; Schema: keycloak; Owner: keycloak_user
--

CREATE TABLE keycloak.fed_user_credential (
    id character varying(36) NOT NULL,
    salt bytea,
    type character varying(255),
    created_date bigint,
    user_id character varying(255) NOT NULL,
    realm_id character varying(36) NOT NULL,
    storage_provider_id character varying(36),
    user_label character varying(255),
    secret_data text,
    credential_data text,
    priority integer
);


ALTER TABLE keycloak.fed_user_credential OWNER TO keycloak_user;

--
-- Name: fed_user_group_membership; Type: TABLE; Schema: keycloak; Owner: keycloak_user
--

CREATE TABLE keycloak.fed_user_group_membership (
    group_id character varying(36) NOT NULL,
    user_id character varying(255) NOT NULL,
    realm_id character varying(36) NOT NULL,
    storage_provider_id character varying(36)
);


ALTER TABLE keycloak.fed_user_group_membership OWNER TO keycloak_user;

--
-- Name: fed_user_required_action; Type: TABLE; Schema: keycloak; Owner: keycloak_user
--

CREATE TABLE keycloak.fed_user_required_action (
    required_action character varying(255) DEFAULT ' '::character varying NOT NULL,
    user_id character varying(255) NOT NULL,
    realm_id character varying(36) NOT NULL,
    storage_provider_id character varying(36)
);


ALTER TABLE keycloak.fed_user_required_action OWNER TO keycloak_user;

--
-- Name: fed_user_role_mapping; Type: TABLE; Schema: keycloak; Owner: keycloak_user
--

CREATE TABLE keycloak.fed_user_role_mapping (
    role_id character varying(36) NOT NULL,
    user_id character varying(255) NOT NULL,
    realm_id character varying(36) NOT NULL,
    storage_provider_id character varying(36)
);


ALTER TABLE keycloak.fed_user_role_mapping OWNER TO keycloak_user;

--
-- Name: federated_identity; Type: TABLE; Schema: keycloak; Owner: keycloak_user
--

CREATE TABLE keycloak.federated_identity (
    identity_provider character varying(255) NOT NULL,
    realm_id character varying(36),
    federated_user_id character varying(255),
    federated_username character varying(255),
    token text,
    user_id character varying(36) NOT NULL
);


ALTER TABLE keycloak.federated_identity OWNER TO keycloak_user;

--
-- Name: federated_user; Type: TABLE; Schema: keycloak; Owner: keycloak_user
--

CREATE TABLE keycloak.federated_user (
    id character varying(255) NOT NULL,
    storage_provider_id character varying(255),
    realm_id character varying(36) NOT NULL
);


ALTER TABLE keycloak.federated_user OWNER TO keycloak_user;

--
-- Name: group_attribute; Type: TABLE; Schema: keycloak; Owner: keycloak_user
--

CREATE TABLE keycloak.group_attribute (
    id character varying(36) DEFAULT 'sybase-needs-something-here'::character varying NOT NULL,
    name character varying(255) NOT NULL,
    value character varying(255),
    group_id character varying(36) NOT NULL
);


ALTER TABLE keycloak.group_attribute OWNER TO keycloak_user;

--
-- Name: group_role_mapping; Type: TABLE; Schema: keycloak; Owner: keycloak_user
--

CREATE TABLE keycloak.group_role_mapping (
    role_id character varying(36) NOT NULL,
    group_id character varying(36) NOT NULL
);


ALTER TABLE keycloak.group_role_mapping OWNER TO keycloak_user;

--
-- Name: identity_provider; Type: TABLE; Schema: keycloak; Owner: keycloak_user
--

CREATE TABLE keycloak.identity_provider (
    internal_id character varying(36) NOT NULL,
    enabled boolean DEFAULT false NOT NULL,
    provider_alias character varying(255),
    provider_id character varying(255),
    store_token boolean DEFAULT false NOT NULL,
    authenticate_by_default boolean DEFAULT false NOT NULL,
    realm_id character varying(36),
    add_token_role boolean DEFAULT true NOT NULL,
    trust_email boolean DEFAULT false NOT NULL,
    first_broker_login_flow_id character varying(36),
    post_broker_login_flow_id character varying(36),
    provider_display_name character varying(255),
    link_only boolean DEFAULT false NOT NULL
);


ALTER TABLE keycloak.identity_provider OWNER TO keycloak_user;

--
-- Name: identity_provider_config; Type: TABLE; Schema: keycloak; Owner: keycloak_user
--

CREATE TABLE keycloak.identity_provider_config (
    identity_provider_id character varying(36) NOT NULL,
    value text,
    name character varying(255) NOT NULL
);


ALTER TABLE keycloak.identity_provider_config OWNER TO keycloak_user;

--
-- Name: identity_provider_mapper; Type: TABLE; Schema: keycloak; Owner: keycloak_user
--

CREATE TABLE keycloak.identity_provider_mapper (
    id character varying(36) NOT NULL,
    name character varying(255) NOT NULL,
    idp_alias character varying(255) NOT NULL,
    idp_mapper_name character varying(255) NOT NULL,
    realm_id character varying(36) NOT NULL
);


ALTER TABLE keycloak.identity_provider_mapper OWNER TO keycloak_user;

--
-- Name: idp_mapper_config; Type: TABLE; Schema: keycloak; Owner: keycloak_user
--

CREATE TABLE keycloak.idp_mapper_config (
    idp_mapper_id character varying(36) NOT NULL,
    value text,
    name character varying(255) NOT NULL
);


ALTER TABLE keycloak.idp_mapper_config OWNER TO keycloak_user;

--
-- Name: keycloak_group; Type: TABLE; Schema: keycloak; Owner: keycloak_user
--

CREATE TABLE keycloak.keycloak_group (
    id character varying(36) NOT NULL,
    name character varying(255),
    parent_group character varying(36) NOT NULL,
    realm_id character varying(36)
);


ALTER TABLE keycloak.keycloak_group OWNER TO keycloak_user;

--
-- Name: keycloak_role; Type: TABLE; Schema: keycloak; Owner: keycloak_user
--

CREATE TABLE keycloak.keycloak_role (
    id character varying(36) NOT NULL,
    client_realm_constraint character varying(255),
    client_role boolean DEFAULT false NOT NULL,
    description character varying(255),
    name character varying(255),
    realm_id character varying(255),
    client character varying(36),
    realm character varying(36)
);


ALTER TABLE keycloak.keycloak_role OWNER TO keycloak_user;

--
-- Name: migration_model; Type: TABLE; Schema: keycloak; Owner: keycloak_user
--

CREATE TABLE keycloak.migration_model (
    id character varying(36) NOT NULL,
    version character varying(36),
    update_time bigint DEFAULT 0 NOT NULL
);


ALTER TABLE keycloak.migration_model OWNER TO keycloak_user;

--
-- Name: offline_client_session; Type: TABLE; Schema: keycloak; Owner: keycloak_user
--

CREATE TABLE keycloak.offline_client_session (
    user_session_id character varying(36) NOT NULL,
    client_id character varying(255) NOT NULL,
    offline_flag character varying(4) NOT NULL,
    "timestamp" integer,
    data text,
    client_storage_provider character varying(36) DEFAULT 'local'::character varying NOT NULL,
    external_client_id character varying(255) DEFAULT 'local'::character varying NOT NULL
);


ALTER TABLE keycloak.offline_client_session OWNER TO keycloak_user;

--
-- Name: offline_user_session; Type: TABLE; Schema: keycloak; Owner: keycloak_user
--

CREATE TABLE keycloak.offline_user_session (
    user_session_id character varying(36) NOT NULL,
    user_id character varying(255) NOT NULL,
    realm_id character varying(36) NOT NULL,
    created_on integer NOT NULL,
    offline_flag character varying(4) NOT NULL,
    data text,
    last_session_refresh integer DEFAULT 0 NOT NULL
);


ALTER TABLE keycloak.offline_user_session OWNER TO keycloak_user;

--
-- Name: policy_config; Type: TABLE; Schema: keycloak; Owner: keycloak_user
--

CREATE TABLE keycloak.policy_config (
    policy_id character varying(36) NOT NULL,
    name character varying(255) NOT NULL,
    value text
);


ALTER TABLE keycloak.policy_config OWNER TO keycloak_user;

--
-- Name: protocol_mapper; Type: TABLE; Schema: keycloak; Owner: keycloak_user
--

CREATE TABLE keycloak.protocol_mapper (
    id character varying(36) NOT NULL,
    name character varying(255) NOT NULL,
    protocol character varying(255) NOT NULL,
    protocol_mapper_name character varying(255) NOT NULL,
    client_id character varying(36),
    client_scope_id character varying(36)
);


ALTER TABLE keycloak.protocol_mapper OWNER TO keycloak_user;

--
-- Name: protocol_mapper_config; Type: TABLE; Schema: keycloak; Owner: keycloak_user
--

CREATE TABLE keycloak.protocol_mapper_config (
    protocol_mapper_id character varying(36) NOT NULL,
    value text,
    name character varying(255) NOT NULL
);


ALTER TABLE keycloak.protocol_mapper_config OWNER TO keycloak_user;

--
-- Name: realm; Type: TABLE; Schema: keycloak; Owner: keycloak_user
--

CREATE TABLE keycloak.realm (
    id character varying(36) NOT NULL,
    access_code_lifespan integer,
    user_action_lifespan integer,
    access_token_lifespan integer,
    account_theme character varying(255),
    admin_theme character varying(255),
    email_theme character varying(255),
    enabled boolean DEFAULT false NOT NULL,
    events_enabled boolean DEFAULT false NOT NULL,
    events_expiration bigint,
    login_theme character varying(255),
    name character varying(255),
    not_before integer,
    password_policy character varying(2550),
    registration_allowed boolean DEFAULT false NOT NULL,
    remember_me boolean DEFAULT false NOT NULL,
    reset_password_allowed boolean DEFAULT false NOT NULL,
    social boolean DEFAULT false NOT NULL,
    ssl_required character varying(255),
    sso_idle_timeout integer,
    sso_max_lifespan integer,
    update_profile_on_soc_login boolean DEFAULT false NOT NULL,
    verify_email boolean DEFAULT false NOT NULL,
    master_admin_client character varying(36),
    login_lifespan integer,
    internationalization_enabled boolean DEFAULT false NOT NULL,
    default_locale character varying(255),
    reg_email_as_username boolean DEFAULT false NOT NULL,
    admin_events_enabled boolean DEFAULT false NOT NULL,
    admin_events_details_enabled boolean DEFAULT false NOT NULL,
    edit_username_allowed boolean DEFAULT false NOT NULL,
    otp_policy_counter integer DEFAULT 0,
    otp_policy_window integer DEFAULT 1,
    otp_policy_period integer DEFAULT 30,
    otp_policy_digits integer DEFAULT 6,
    otp_policy_alg character varying(36) DEFAULT 'HmacSHA1'::character varying,
    otp_policy_type character varying(36) DEFAULT 'totp'::character varying,
    browser_flow character varying(36),
    registration_flow character varying(36),
    direct_grant_flow character varying(36),
    reset_credentials_flow character varying(36),
    client_auth_flow character varying(36),
    offline_session_idle_timeout integer DEFAULT 0,
    revoke_refresh_token boolean DEFAULT false NOT NULL,
    access_token_life_implicit integer DEFAULT 0,
    login_with_email_allowed boolean DEFAULT true NOT NULL,
    duplicate_emails_allowed boolean DEFAULT false NOT NULL,
    docker_auth_flow character varying(36),
    refresh_token_max_reuse integer DEFAULT 0,
    allow_user_managed_access boolean DEFAULT false NOT NULL,
    sso_max_lifespan_remember_me integer DEFAULT 0 NOT NULL,
    sso_idle_timeout_remember_me integer DEFAULT 0 NOT NULL,
    default_role character varying(255)
);


ALTER TABLE keycloak.realm OWNER TO keycloak_user;

--
-- Name: realm_attribute; Type: TABLE; Schema: keycloak; Owner: keycloak_user
--

CREATE TABLE keycloak.realm_attribute (
    name character varying(255) NOT NULL,
    realm_id character varying(36) NOT NULL,
    value text
);


ALTER TABLE keycloak.realm_attribute OWNER TO keycloak_user;

--
-- Name: realm_default_groups; Type: TABLE; Schema: keycloak; Owner: keycloak_user
--

CREATE TABLE keycloak.realm_default_groups (
    realm_id character varying(36) NOT NULL,
    group_id character varying(36) NOT NULL
);


ALTER TABLE keycloak.realm_default_groups OWNER TO keycloak_user;

--
-- Name: realm_enabled_event_types; Type: TABLE; Schema: keycloak; Owner: keycloak_user
--

CREATE TABLE keycloak.realm_enabled_event_types (
    realm_id character varying(36) NOT NULL,
    value character varying(255) NOT NULL
);


ALTER TABLE keycloak.realm_enabled_event_types OWNER TO keycloak_user;

--
-- Name: realm_events_listeners; Type: TABLE; Schema: keycloak; Owner: keycloak_user
--

CREATE TABLE keycloak.realm_events_listeners (
    realm_id character varying(36) NOT NULL,
    value character varying(255) NOT NULL
);


ALTER TABLE keycloak.realm_events_listeners OWNER TO keycloak_user;

--
-- Name: realm_localizations; Type: TABLE; Schema: keycloak; Owner: keycloak_user
--

CREATE TABLE keycloak.realm_localizations (
    realm_id character varying(255) NOT NULL,
    locale character varying(255) NOT NULL,
    texts text NOT NULL
);


ALTER TABLE keycloak.realm_localizations OWNER TO keycloak_user;

--
-- Name: realm_required_credential; Type: TABLE; Schema: keycloak; Owner: keycloak_user
--

CREATE TABLE keycloak.realm_required_credential (
    type character varying(255) NOT NULL,
    form_label character varying(255),
    input boolean DEFAULT false NOT NULL,
    secret boolean DEFAULT false NOT NULL,
    realm_id character varying(36) NOT NULL
);


ALTER TABLE keycloak.realm_required_credential OWNER TO keycloak_user;

--
-- Name: realm_smtp_config; Type: TABLE; Schema: keycloak; Owner: keycloak_user
--

CREATE TABLE keycloak.realm_smtp_config (
    realm_id character varying(36) NOT NULL,
    value character varying(255),
    name character varying(255) NOT NULL
);


ALTER TABLE keycloak.realm_smtp_config OWNER TO keycloak_user;

--
-- Name: realm_supported_locales; Type: TABLE; Schema: keycloak; Owner: keycloak_user
--

CREATE TABLE keycloak.realm_supported_locales (
    realm_id character varying(36) NOT NULL,
    value character varying(255) NOT NULL
);


ALTER TABLE keycloak.realm_supported_locales OWNER TO keycloak_user;

--
-- Name: redirect_uris; Type: TABLE; Schema: keycloak; Owner: keycloak_user
--

CREATE TABLE keycloak.redirect_uris (
    client_id character varying(36) NOT NULL,
    value character varying(255) NOT NULL
);


ALTER TABLE keycloak.redirect_uris OWNER TO keycloak_user;

--
-- Name: required_action_config; Type: TABLE; Schema: keycloak; Owner: keycloak_user
--

CREATE TABLE keycloak.required_action_config (
    required_action_id character varying(36) NOT NULL,
    value text,
    name character varying(255) NOT NULL
);


ALTER TABLE keycloak.required_action_config OWNER TO keycloak_user;

--
-- Name: required_action_provider; Type: TABLE; Schema: keycloak; Owner: keycloak_user
--

CREATE TABLE keycloak.required_action_provider (
    id character varying(36) NOT NULL,
    alias character varying(255),
    name character varying(255),
    realm_id character varying(36),
    enabled boolean DEFAULT false NOT NULL,
    default_action boolean DEFAULT false NOT NULL,
    provider_id character varying(255),
    priority integer
);


ALTER TABLE keycloak.required_action_provider OWNER TO keycloak_user;

--
-- Name: resource_attribute; Type: TABLE; Schema: keycloak; Owner: keycloak_user
--

CREATE TABLE keycloak.resource_attribute (
    id character varying(36) DEFAULT 'sybase-needs-something-here'::character varying NOT NULL,
    name character varying(255) NOT NULL,
    value character varying(255),
    resource_id character varying(36) NOT NULL
);


ALTER TABLE keycloak.resource_attribute OWNER TO keycloak_user;

--
-- Name: resource_policy; Type: TABLE; Schema: keycloak; Owner: keycloak_user
--

CREATE TABLE keycloak.resource_policy (
    resource_id character varying(36) NOT NULL,
    policy_id character varying(36) NOT NULL
);


ALTER TABLE keycloak.resource_policy OWNER TO keycloak_user;

--
-- Name: resource_scope; Type: TABLE; Schema: keycloak; Owner: keycloak_user
--

CREATE TABLE keycloak.resource_scope (
    resource_id character varying(36) NOT NULL,
    scope_id character varying(36) NOT NULL
);


ALTER TABLE keycloak.resource_scope OWNER TO keycloak_user;

--
-- Name: resource_server; Type: TABLE; Schema: keycloak; Owner: keycloak_user
--

CREATE TABLE keycloak.resource_server (
    id character varying(36) NOT NULL,
    allow_rs_remote_mgmt boolean DEFAULT false NOT NULL,
    policy_enforce_mode smallint NOT NULL,
    decision_strategy smallint DEFAULT 1 NOT NULL
);


ALTER TABLE keycloak.resource_server OWNER TO keycloak_user;

--
-- Name: resource_server_perm_ticket; Type: TABLE; Schema: keycloak; Owner: keycloak_user
--

CREATE TABLE keycloak.resource_server_perm_ticket (
    id character varying(36) NOT NULL,
    owner character varying(255) NOT NULL,
    requester character varying(255) NOT NULL,
    created_timestamp bigint NOT NULL,
    granted_timestamp bigint,
    resource_id character varying(36) NOT NULL,
    scope_id character varying(36),
    resource_server_id character varying(36) NOT NULL,
    policy_id character varying(36)
);


ALTER TABLE keycloak.resource_server_perm_ticket OWNER TO keycloak_user;

--
-- Name: resource_server_policy; Type: TABLE; Schema: keycloak; Owner: keycloak_user
--

CREATE TABLE keycloak.resource_server_policy (
    id character varying(36) NOT NULL,
    name character varying(255) NOT NULL,
    description character varying(255),
    type character varying(255) NOT NULL,
    decision_strategy smallint,
    logic smallint,
    resource_server_id character varying(36) NOT NULL,
    owner character varying(255)
);


ALTER TABLE keycloak.resource_server_policy OWNER TO keycloak_user;

--
-- Name: resource_server_resource; Type: TABLE; Schema: keycloak; Owner: keycloak_user
--

CREATE TABLE keycloak.resource_server_resource (
    id character varying(36) NOT NULL,
    name character varying(255) NOT NULL,
    type character varying(255),
    icon_uri character varying(255),
    owner character varying(255) NOT NULL,
    resource_server_id character varying(36) NOT NULL,
    owner_managed_access boolean DEFAULT false NOT NULL,
    display_name character varying(255)
);


ALTER TABLE keycloak.resource_server_resource OWNER TO keycloak_user;

--
-- Name: resource_server_scope; Type: TABLE; Schema: keycloak; Owner: keycloak_user
--

CREATE TABLE keycloak.resource_server_scope (
    id character varying(36) NOT NULL,
    name character varying(255) NOT NULL,
    icon_uri character varying(255),
    resource_server_id character varying(36) NOT NULL,
    display_name character varying(255)
);


ALTER TABLE keycloak.resource_server_scope OWNER TO keycloak_user;

--
-- Name: resource_uris; Type: TABLE; Schema: keycloak; Owner: keycloak_user
--

CREATE TABLE keycloak.resource_uris (
    resource_id character varying(36) NOT NULL,
    value character varying(255) NOT NULL
);


ALTER TABLE keycloak.resource_uris OWNER TO keycloak_user;

--
-- Name: role_attribute; Type: TABLE; Schema: keycloak; Owner: keycloak_user
--

CREATE TABLE keycloak.role_attribute (
    id character varying(36) NOT NULL,
    role_id character varying(36) NOT NULL,
    name character varying(255) NOT NULL,
    value character varying(255)
);


ALTER TABLE keycloak.role_attribute OWNER TO keycloak_user;

--
-- Name: scope_mapping; Type: TABLE; Schema: keycloak; Owner: keycloak_user
--

CREATE TABLE keycloak.scope_mapping (
    client_id character varying(36) NOT NULL,
    role_id character varying(36) NOT NULL
);


ALTER TABLE keycloak.scope_mapping OWNER TO keycloak_user;

--
-- Name: scope_policy; Type: TABLE; Schema: keycloak; Owner: keycloak_user
--

CREATE TABLE keycloak.scope_policy (
    scope_id character varying(36) NOT NULL,
    policy_id character varying(36) NOT NULL
);


ALTER TABLE keycloak.scope_policy OWNER TO keycloak_user;

--
-- Name: user_attribute; Type: TABLE; Schema: keycloak; Owner: keycloak_user
--

CREATE TABLE keycloak.user_attribute (
    name character varying(255) NOT NULL,
    value character varying(255),
    user_id character varying(36) NOT NULL,
    id character varying(36) DEFAULT 'sybase-needs-something-here'::character varying NOT NULL
);


ALTER TABLE keycloak.user_attribute OWNER TO keycloak_user;

--
-- Name: user_consent; Type: TABLE; Schema: keycloak; Owner: keycloak_user
--

CREATE TABLE keycloak.user_consent (
    id character varying(36) NOT NULL,
    client_id character varying(255),
    user_id character varying(36) NOT NULL,
    created_date bigint,
    last_updated_date bigint,
    client_storage_provider character varying(36),
    external_client_id character varying(255)
);


ALTER TABLE keycloak.user_consent OWNER TO keycloak_user;

--
-- Name: user_consent_client_scope; Type: TABLE; Schema: keycloak; Owner: keycloak_user
--

CREATE TABLE keycloak.user_consent_client_scope (
    user_consent_id character varying(36) NOT NULL,
    scope_id character varying(36) NOT NULL
);


ALTER TABLE keycloak.user_consent_client_scope OWNER TO keycloak_user;

--
-- Name: user_entity; Type: TABLE; Schema: keycloak; Owner: keycloak_user
--

CREATE TABLE keycloak.user_entity (
    id character varying(36) NOT NULL,
    email character varying(255),
    email_constraint character varying(255),
    email_verified boolean DEFAULT false NOT NULL,
    enabled boolean DEFAULT false NOT NULL,
    federation_link character varying(255),
    first_name character varying(255),
    last_name character varying(255),
    realm_id character varying(255),
    username character varying(255),
    created_timestamp bigint,
    service_account_client_link character varying(255),
    not_before integer DEFAULT 0 NOT NULL
);


ALTER TABLE keycloak.user_entity OWNER TO keycloak_user;

--
-- Name: user_federation_config; Type: TABLE; Schema: keycloak; Owner: keycloak_user
--

CREATE TABLE keycloak.user_federation_config (
    user_federation_provider_id character varying(36) NOT NULL,
    value character varying(255),
    name character varying(255) NOT NULL
);


ALTER TABLE keycloak.user_federation_config OWNER TO keycloak_user;

--
-- Name: user_federation_mapper; Type: TABLE; Schema: keycloak; Owner: keycloak_user
--

CREATE TABLE keycloak.user_federation_mapper (
    id character varying(36) NOT NULL,
    name character varying(255) NOT NULL,
    federation_provider_id character varying(36) NOT NULL,
    federation_mapper_type character varying(255) NOT NULL,
    realm_id character varying(36) NOT NULL
);


ALTER TABLE keycloak.user_federation_mapper OWNER TO keycloak_user;

--
-- Name: user_federation_mapper_config; Type: TABLE; Schema: keycloak; Owner: keycloak_user
--

CREATE TABLE keycloak.user_federation_mapper_config (
    user_federation_mapper_id character varying(36) NOT NULL,
    value character varying(255),
    name character varying(255) NOT NULL
);


ALTER TABLE keycloak.user_federation_mapper_config OWNER TO keycloak_user;

--
-- Name: user_federation_provider; Type: TABLE; Schema: keycloak; Owner: keycloak_user
--

CREATE TABLE keycloak.user_federation_provider (
    id character varying(36) NOT NULL,
    changed_sync_period integer,
    display_name character varying(255),
    full_sync_period integer,
    last_sync integer,
    priority integer,
    provider_name character varying(255),
    realm_id character varying(36)
);


ALTER TABLE keycloak.user_federation_provider OWNER TO keycloak_user;

--
-- Name: user_group_membership; Type: TABLE; Schema: keycloak; Owner: keycloak_user
--

CREATE TABLE keycloak.user_group_membership (
    group_id character varying(36) NOT NULL,
    user_id character varying(36) NOT NULL
);


ALTER TABLE keycloak.user_group_membership OWNER TO keycloak_user;

--
-- Name: user_required_action; Type: TABLE; Schema: keycloak; Owner: keycloak_user
--

CREATE TABLE keycloak.user_required_action (
    user_id character varying(36) NOT NULL,
    required_action character varying(255) DEFAULT ' '::character varying NOT NULL
);


ALTER TABLE keycloak.user_required_action OWNER TO keycloak_user;

--
-- Name: user_role_mapping; Type: TABLE; Schema: keycloak; Owner: keycloak_user
--

CREATE TABLE keycloak.user_role_mapping (
    role_id character varying(255) NOT NULL,
    user_id character varying(36) NOT NULL
);


ALTER TABLE keycloak.user_role_mapping OWNER TO keycloak_user;

--
-- Name: user_session; Type: TABLE; Schema: keycloak; Owner: keycloak_user
--

CREATE TABLE keycloak.user_session (
    id character varying(36) NOT NULL,
    auth_method character varying(255),
    ip_address character varying(255),
    last_session_refresh integer,
    login_username character varying(255),
    realm_id character varying(255),
    remember_me boolean DEFAULT false NOT NULL,
    started integer,
    user_id character varying(255),
    user_session_state integer,
    broker_session_id character varying(255),
    broker_user_id character varying(255)
);


ALTER TABLE keycloak.user_session OWNER TO keycloak_user;

--
-- Name: user_session_note; Type: TABLE; Schema: keycloak; Owner: keycloak_user
--

CREATE TABLE keycloak.user_session_note (
    user_session character varying(36) NOT NULL,
    name character varying(255) NOT NULL,
    value character varying(2048)
);


ALTER TABLE keycloak.user_session_note OWNER TO keycloak_user;

--
-- Name: username_login_failure; Type: TABLE; Schema: keycloak; Owner: keycloak_user
--

CREATE TABLE keycloak.username_login_failure (
    realm_id character varying(36) NOT NULL,
    username character varying(255) NOT NULL,
    failed_login_not_before integer,
    last_failure bigint,
    last_ip_failure character varying(255),
    num_failures integer
);


ALTER TABLE keycloak.username_login_failure OWNER TO keycloak_user;

--
-- Name: web_origins; Type: TABLE; Schema: keycloak; Owner: keycloak_user
--

CREATE TABLE keycloak.web_origins (
    client_id character varying(36) NOT NULL,
    value character varying(255) NOT NULL
);


ALTER TABLE keycloak.web_origins OWNER TO keycloak_user;

--
-- Name: t_activity_status; Type: TABLE; Schema: public; Owner: Stey
--

CREATE TABLE public.t_activity_status (
    activity_status_id integer NOT NULL,
    status character varying(64) NOT NULL
);


ALTER TABLE public.t_activity_status OWNER TO "Stey";

--
-- Name: t_activity_status_activity_status_id_seq; Type: SEQUENCE; Schema: public; Owner: Stey
--

CREATE SEQUENCE public.t_activity_status_activity_status_id_seq
    AS integer
    START WITH 1
    INCREMENT BY 1
    NO MINVALUE
    NO MAXVALUE
    CACHE 1;


ALTER TABLE public.t_activity_status_activity_status_id_seq OWNER TO "Stey";

--
-- Name: t_activity_status_activity_status_id_seq; Type: SEQUENCE OWNED BY; Schema: public; Owner: Stey
--

ALTER SEQUENCE public.t_activity_status_activity_status_id_seq OWNED BY public.t_activity_status.activity_status_id;


--
-- Name: t_activity_status_seq; Type: SEQUENCE; Schema: public; Owner: Stey
--

CREATE SEQUENCE public.t_activity_status_seq
    START WITH 1
    INCREMENT BY 50
    NO MINVALUE
    NO MAXVALUE
    CACHE 1;


ALTER TABLE public.t_activity_status_seq OWNER TO "Stey";

--
-- Name: t_dashboard; Type: TABLE; Schema: public; Owner: Stey
--

CREATE TABLE public.t_dashboard (
    dashboard_id uuid DEFAULT gen_random_uuid() NOT NULL,
    created_at timestamp(6) without time zone NOT NULL,
    is_deleted boolean DEFAULT false NOT NULL,
    is_hidden boolean DEFAULT true NOT NULL,
    name character varying(64) DEFAULT ''::character varying,
    creator_id uuid DEFAULT gen_random_uuid()
);


ALTER TABLE public.t_dashboard OWNER TO "Stey";

--
-- Name: t_dashboard_user_invite; Type: TABLE; Schema: public; Owner: Stey
--

CREATE TABLE public.t_dashboard_user_invite (
    dashboard_user_invite_id uuid DEFAULT gen_random_uuid() NOT NULL,
    expiration_date timestamp(6) without time zone NOT NULL,
    dashboard_id uuid DEFAULT gen_random_uuid() NOT NULL,
    inviter_id uuid DEFAULT gen_random_uuid() NOT NULL,
    receiver_id uuid DEFAULT gen_random_uuid() NOT NULL
);


ALTER TABLE public.t_dashboard_user_invite OWNER TO "Stey";

--
-- Name: t_task; Type: TABLE; Schema: public; Owner: Stey
--

CREATE TABLE public.t_task (
    task_id uuid DEFAULT gen_random_uuid() NOT NULL,
    created_at timestamp(6) without time zone NOT NULL,
    deleted boolean DEFAULT false,
    description character varying(2048),
    title character varying(512) NOT NULL,
    creator_id uuid DEFAULT gen_random_uuid() NOT NULL,
    task_status_id integer NOT NULL,
    dashboard_id uuid NOT NULL
);


ALTER TABLE public.t_task OWNER TO "Stey";

--
-- Name: t_task_activity; Type: TABLE; Schema: public; Owner: Stey
--

CREATE TABLE public.t_task_activity (
    task_activity_id uuid DEFAULT gen_random_uuid() NOT NULL,
    created_at timestamp(6) without time zone NOT NULL,
    deleted boolean DEFAULT false,
    description character varying(2048),
    title character varying(512) NOT NULL,
    activity_status_id integer NOT NULL,
    creator_id uuid DEFAULT gen_random_uuid() NOT NULL,
    task_id uuid NOT NULL,
    user_id uuid NOT NULL
);


ALTER TABLE public.t_task_activity OWNER TO "Stey";

--
-- Name: t_task_comment; Type: TABLE; Schema: public; Owner: Stey
--

CREATE TABLE public.t_task_comment (
    task_comment_id bigint NOT NULL,
    content text NOT NULL,
    uploaded_at timestamp(6) without time zone NOT NULL,
    task_id uuid DEFAULT gen_random_uuid() NOT NULL,
    uploader_id uuid DEFAULT gen_random_uuid() NOT NULL
);


ALTER TABLE public.t_task_comment OWNER TO "Stey";

--
-- Name: t_task_comment_task_comment_id_seq; Type: SEQUENCE; Schema: public; Owner: Stey
--

CREATE SEQUENCE public.t_task_comment_task_comment_id_seq
    START WITH 1
    INCREMENT BY 1
    NO MINVALUE
    NO MAXVALUE
    CACHE 1;


ALTER TABLE public.t_task_comment_task_comment_id_seq OWNER TO "Stey";

--
-- Name: t_task_comment_task_comment_id_seq; Type: SEQUENCE OWNED BY; Schema: public; Owner: Stey
--

ALTER SEQUENCE public.t_task_comment_task_comment_id_seq OWNED BY public.t_task_comment.task_comment_id;


--
-- Name: t_task_status; Type: TABLE; Schema: public; Owner: Stey
--

CREATE TABLE public.t_task_status (
    task_status_id integer NOT NULL,
    status character varying(64) NOT NULL
);


ALTER TABLE public.t_task_status OWNER TO "Stey";

--
-- Name: t_task_status_seq; Type: SEQUENCE; Schema: public; Owner: Stey
--

CREATE SEQUENCE public.t_task_status_seq
    START WITH 1
    INCREMENT BY 50
    NO MINVALUE
    NO MAXVALUE
    CACHE 1;


ALTER TABLE public.t_task_status_seq OWNER TO "Stey";

--
-- Name: t_task_status_task_status_id_seq; Type: SEQUENCE; Schema: public; Owner: Stey
--

CREATE SEQUENCE public.t_task_status_task_status_id_seq
    AS integer
    START WITH 1
    INCREMENT BY 1
    NO MINVALUE
    NO MAXVALUE
    CACHE 1;


ALTER TABLE public.t_task_status_task_status_id_seq OWNER TO "Stey";

--
-- Name: t_task_status_task_status_id_seq; Type: SEQUENCE OWNED BY; Schema: public; Owner: Stey
--

ALTER SEQUENCE public.t_task_status_task_status_id_seq OWNED BY public.t_task_status.task_status_id;


--
-- Name: t_task_user_list; Type: TABLE; Schema: public; Owner: Stey
--

CREATE TABLE public.t_task_user_list (
    task_id uuid DEFAULT gen_random_uuid() NOT NULL,
    user_id uuid DEFAULT gen_random_uuid() NOT NULL
);


ALTER TABLE public.t_task_user_list OWNER TO "Stey";

--
-- Name: t_user; Type: TABLE; Schema: public; Owner: Stey
--

CREATE TABLE public.t_user (
    user_id uuid DEFAULT gen_random_uuid() NOT NULL,
    blocked boolean DEFAULT false NOT NULL,
    email character varying(255) NOT NULL,
    firstname character varying(50),
    lastname character varying(50),
    phone_number bigint,
    username character varying(255) NOT NULL,
    CONSTRAINT t_user_phone_number_check CHECK (((phone_number <= '89999999999'::bigint) AND (phone_number >= '70000000000'::bigint)))
);


ALTER TABLE public.t_user OWNER TO "Stey";

--
-- Name: t_user_dashboard; Type: TABLE; Schema: public; Owner: Stey
--

CREATE TABLE public.t_user_dashboard (
    dashboard_id uuid DEFAULT gen_random_uuid() NOT NULL,
    user_id uuid DEFAULT gen_random_uuid() NOT NULL
);


ALTER TABLE public.t_user_dashboard OWNER TO "Stey";

--
-- Name: t_user_dashboard_task; Type: TABLE; Schema: public; Owner: Stey
--

CREATE TABLE public.t_user_dashboard_task (
    user_id uuid NOT NULL,
    task_id uuid NOT NULL,
    dashboard_id uuid NOT NULL
);


ALTER TABLE public.t_user_dashboard_task OWNER TO "Stey";

--
-- Name: t_activity_status activity_status_id; Type: DEFAULT; Schema: public; Owner: Stey
--

ALTER TABLE ONLY public.t_activity_status ALTER COLUMN activity_status_id SET DEFAULT nextval('public.t_activity_status_activity_status_id_seq'::regclass);


--
-- Name: t_task_comment task_comment_id; Type: DEFAULT; Schema: public; Owner: Stey
--

ALTER TABLE ONLY public.t_task_comment ALTER COLUMN task_comment_id SET DEFAULT nextval('public.t_task_comment_task_comment_id_seq'::regclass);


--
-- Name: t_task_status task_status_id; Type: DEFAULT; Schema: public; Owner: Stey
--

ALTER TABLE ONLY public.t_task_status ALTER COLUMN task_status_id SET DEFAULT nextval('public.t_task_status_task_status_id_seq'::regclass);


--
-- Data for Name: admin_event_entity; Type: TABLE DATA; Schema: keycloak; Owner: keycloak_user
--

COPY keycloak.admin_event_entity (id, admin_event_time, realm_id, operation_type, auth_realm_id, auth_client_id, auth_user_id, ip_address, resource_path, representation, error, resource_type) FROM stdin;
\.


--
-- Data for Name: associated_policy; Type: TABLE DATA; Schema: keycloak; Owner: keycloak_user
--

COPY keycloak.associated_policy (policy_id, associated_policy_id) FROM stdin;
1c2e24d1-eb62-43ff-aaca-44a5a3f76f16	73ddd0e8-fa34-4d4c-a901-86ed16d93470
\.


--
-- Data for Name: authentication_execution; Type: TABLE DATA; Schema: keycloak; Owner: keycloak_user
--

COPY keycloak.authentication_execution (id, alias, authenticator, realm_id, flow_id, requirement, priority, authenticator_flow, auth_flow_id, auth_config) FROM stdin;
444dc770-e3df-4906-b787-b5789e4dc4c4	\N	auth-cookie	ef7e7262-1dbc-4bd5-a12e-57001411b301	ebbef321-181f-46e0-abe3-d33845db1355	2	10	f	\N	\N
5d7c8b0f-f27c-4f5f-b68c-f51dd03863e5	\N	auth-spnego	ef7e7262-1dbc-4bd5-a12e-57001411b301	ebbef321-181f-46e0-abe3-d33845db1355	3	20	f	\N	\N
d63e4777-d0b8-484a-b135-6f1b841d2002	\N	identity-provider-redirector	ef7e7262-1dbc-4bd5-a12e-57001411b301	ebbef321-181f-46e0-abe3-d33845db1355	2	25	f	\N	\N
3b50180c-113c-4056-8791-f4ced2cfc9e0	\N	\N	ef7e7262-1dbc-4bd5-a12e-57001411b301	ebbef321-181f-46e0-abe3-d33845db1355	2	30	t	239064a1-e11a-461c-ab95-51c4f245aaca	\N
6fdd8761-6eea-4115-a1e3-5914fe0821d9	\N	auth-username-password-form	ef7e7262-1dbc-4bd5-a12e-57001411b301	239064a1-e11a-461c-ab95-51c4f245aaca	0	10	f	\N	\N
59765fc4-d32e-4c35-9b4f-759e75545801	\N	\N	ef7e7262-1dbc-4bd5-a12e-57001411b301	239064a1-e11a-461c-ab95-51c4f245aaca	1	20	t	2ec2dedf-d71a-4511-b7a6-1df1fa407b05	\N
3695322e-f982-4a23-a4b4-fee8564c28e9	\N	conditional-user-configured	ef7e7262-1dbc-4bd5-a12e-57001411b301	2ec2dedf-d71a-4511-b7a6-1df1fa407b05	0	10	f	\N	\N
b3c59e95-df03-4757-a8c7-639d31a00c87	\N	auth-otp-form	ef7e7262-1dbc-4bd5-a12e-57001411b301	2ec2dedf-d71a-4511-b7a6-1df1fa407b05	0	20	f	\N	\N
f4d46f1e-466c-4581-8d2e-312bac0f9963	\N	direct-grant-validate-username	ef7e7262-1dbc-4bd5-a12e-57001411b301	3178bb5f-3454-4327-a3a6-07401d290e0a	0	10	f	\N	\N
284a7948-7b4e-4cb5-b5c7-ef405dcf6ec2	\N	direct-grant-validate-password	ef7e7262-1dbc-4bd5-a12e-57001411b301	3178bb5f-3454-4327-a3a6-07401d290e0a	0	20	f	\N	\N
86c475b7-611d-4420-aed4-56fcaa41485a	\N	\N	ef7e7262-1dbc-4bd5-a12e-57001411b301	3178bb5f-3454-4327-a3a6-07401d290e0a	1	30	t	09ebe367-4429-477b-bbe8-a5854c2e650e	\N
562dc7f1-e47c-438e-bf40-d7d7f23b16b0	\N	conditional-user-configured	ef7e7262-1dbc-4bd5-a12e-57001411b301	09ebe367-4429-477b-bbe8-a5854c2e650e	0	10	f	\N	\N
d5fde05e-1f36-428d-acd4-aa14944c690d	\N	direct-grant-validate-otp	ef7e7262-1dbc-4bd5-a12e-57001411b301	09ebe367-4429-477b-bbe8-a5854c2e650e	0	20	f	\N	\N
acadd3f8-6811-4bb6-9f9a-87de4efb80fd	\N	registration-page-form	ef7e7262-1dbc-4bd5-a12e-57001411b301	d949687f-274b-4ad8-964e-7e70e7acfc4f	0	10	t	15f41719-e960-43f5-b4f2-82a5c76a2c50	\N
33a1986f-21ad-4f08-840f-e7e652fabc19	\N	registration-user-creation	ef7e7262-1dbc-4bd5-a12e-57001411b301	15f41719-e960-43f5-b4f2-82a5c76a2c50	0	20	f	\N	\N
31df08d3-39e9-4c2a-aff1-606376160d9d	\N	registration-profile-action	ef7e7262-1dbc-4bd5-a12e-57001411b301	15f41719-e960-43f5-b4f2-82a5c76a2c50	0	40	f	\N	\N
104f3525-f87f-4356-b9c0-cf97308bcd06	\N	registration-password-action	ef7e7262-1dbc-4bd5-a12e-57001411b301	15f41719-e960-43f5-b4f2-82a5c76a2c50	0	50	f	\N	\N
765b04cb-a0be-4621-9a0a-25a69f0c9ff5	\N	registration-recaptcha-action	ef7e7262-1dbc-4bd5-a12e-57001411b301	15f41719-e960-43f5-b4f2-82a5c76a2c50	3	60	f	\N	\N
4ad1603c-1cff-4709-96b3-66f27653e073	\N	registration-terms-and-conditions	ef7e7262-1dbc-4bd5-a12e-57001411b301	15f41719-e960-43f5-b4f2-82a5c76a2c50	3	70	f	\N	\N
5262286b-725e-4d93-8f1b-f765b98be766	\N	reset-credentials-choose-user	ef7e7262-1dbc-4bd5-a12e-57001411b301	85c5c27a-e049-4b1f-9514-028463eab5fe	0	10	f	\N	\N
f79a99a6-4e39-4033-bc54-9f08fde23ed9	\N	reset-credential-email	ef7e7262-1dbc-4bd5-a12e-57001411b301	85c5c27a-e049-4b1f-9514-028463eab5fe	0	20	f	\N	\N
71d0518c-f5d8-43ff-b6b2-14b82523ed69	\N	reset-password	ef7e7262-1dbc-4bd5-a12e-57001411b301	85c5c27a-e049-4b1f-9514-028463eab5fe	0	30	f	\N	\N
a5b3be3a-0a7d-449a-9981-5f3abaa5b8b8	\N	\N	ef7e7262-1dbc-4bd5-a12e-57001411b301	85c5c27a-e049-4b1f-9514-028463eab5fe	1	40	t	7b22dd4b-6ab7-4d7d-89cd-b75b78fdc32d	\N
0bb365e6-4c4b-4ff3-8fe5-b5a149538751	\N	conditional-user-configured	ef7e7262-1dbc-4bd5-a12e-57001411b301	7b22dd4b-6ab7-4d7d-89cd-b75b78fdc32d	0	10	f	\N	\N
ce748219-018e-4492-853b-a6659fc261d4	\N	reset-otp	ef7e7262-1dbc-4bd5-a12e-57001411b301	7b22dd4b-6ab7-4d7d-89cd-b75b78fdc32d	0	20	f	\N	\N
92de6252-f33d-43f9-8568-2d536721cc87	\N	client-secret	ef7e7262-1dbc-4bd5-a12e-57001411b301	d8ce89eb-b693-4123-96f9-b7636865ce41	2	10	f	\N	\N
1c7d814a-e14b-4ef4-9104-b3ab8b8925e7	\N	client-jwt	ef7e7262-1dbc-4bd5-a12e-57001411b301	d8ce89eb-b693-4123-96f9-b7636865ce41	2	20	f	\N	\N
43156262-2ea9-4037-9cd1-2b3984dc76f4	\N	client-secret-jwt	ef7e7262-1dbc-4bd5-a12e-57001411b301	d8ce89eb-b693-4123-96f9-b7636865ce41	2	30	f	\N	\N
76aa41bf-fd44-4722-92b1-b04e755cd2c7	\N	client-x509	ef7e7262-1dbc-4bd5-a12e-57001411b301	d8ce89eb-b693-4123-96f9-b7636865ce41	2	40	f	\N	\N
da87e15d-e54c-4db0-9f55-0a29a73c04e7	\N	idp-review-profile	ef7e7262-1dbc-4bd5-a12e-57001411b301	fc3ce9e5-7c76-46f5-bad6-91ca57e128b0	0	10	f	\N	bf1a1036-d8a8-4efc-9247-0c383779bafd
0ac42056-3c24-40c5-bc7b-ddf1a3b14491	\N	\N	ef7e7262-1dbc-4bd5-a12e-57001411b301	fc3ce9e5-7c76-46f5-bad6-91ca57e128b0	0	20	t	300ac87d-1879-4499-b605-726f01f2c3e5	\N
6b595c3b-2d90-4820-8540-1ef447202346	\N	idp-create-user-if-unique	ef7e7262-1dbc-4bd5-a12e-57001411b301	300ac87d-1879-4499-b605-726f01f2c3e5	2	10	f	\N	d31dd9c0-595a-4ccf-adfa-2d3bb24f33dc
695b2354-7c63-4cb9-a58e-ccba091504dc	\N	\N	ef7e7262-1dbc-4bd5-a12e-57001411b301	300ac87d-1879-4499-b605-726f01f2c3e5	2	20	t	6b66f904-0800-4889-b996-c6f2580fb1ec	\N
227c7067-0f2e-4a41-83c0-1a86655f233a	\N	idp-confirm-link	ef7e7262-1dbc-4bd5-a12e-57001411b301	6b66f904-0800-4889-b996-c6f2580fb1ec	0	10	f	\N	\N
f667afd8-fc8b-450a-b3a2-d57d5cd566cd	\N	\N	ef7e7262-1dbc-4bd5-a12e-57001411b301	6b66f904-0800-4889-b996-c6f2580fb1ec	0	20	t	9b2399ce-e160-4e5e-9527-9dcf978211da	\N
0a9d60a7-2300-4730-9173-3ca6a4a50c58	\N	idp-email-verification	ef7e7262-1dbc-4bd5-a12e-57001411b301	9b2399ce-e160-4e5e-9527-9dcf978211da	2	10	f	\N	\N
38542377-ff7e-4ef5-b15e-ea71cdf2a14a	\N	\N	ef7e7262-1dbc-4bd5-a12e-57001411b301	9b2399ce-e160-4e5e-9527-9dcf978211da	2	20	t	6aba18b0-cffa-4892-bf51-cdcb7af0d28e	\N
fd09e6db-f828-4ec0-9e10-19bc1af8afe5	\N	idp-username-password-form	ef7e7262-1dbc-4bd5-a12e-57001411b301	6aba18b0-cffa-4892-bf51-cdcb7af0d28e	0	10	f	\N	\N
9edf1161-8af5-4d4c-b44a-013b4281663d	\N	\N	ef7e7262-1dbc-4bd5-a12e-57001411b301	6aba18b0-cffa-4892-bf51-cdcb7af0d28e	1	20	t	9c254749-a423-415d-86d1-0282b81d9024	\N
9787f87e-144a-4bf9-a390-8eef3013f8fe	\N	conditional-user-configured	ef7e7262-1dbc-4bd5-a12e-57001411b301	9c254749-a423-415d-86d1-0282b81d9024	0	10	f	\N	\N
18e88b51-e6d8-4a8f-a898-20ceccfe7de2	\N	auth-otp-form	ef7e7262-1dbc-4bd5-a12e-57001411b301	9c254749-a423-415d-86d1-0282b81d9024	0	20	f	\N	\N
1bfce0ef-45dd-440b-a7e9-a34042289f51	\N	http-basic-authenticator	ef7e7262-1dbc-4bd5-a12e-57001411b301	b2fc5436-abd0-499f-a1a6-336b97fe6a8c	0	10	f	\N	\N
eff00aeb-b09e-4ed8-881b-354a6f47c95a	\N	docker-http-basic-authenticator	ef7e7262-1dbc-4bd5-a12e-57001411b301	d3051b3c-d8f4-4f33-9cdc-86ba4ff271d4	0	10	f	\N	\N
bda8f2c5-c7b3-4100-aa30-b7cda1f7d456	\N	auth-cookie	4e897766-489b-43e9-be69-b608772223be	cd5c4eb6-86db-41c9-b481-d41b87e4de08	2	10	f	\N	\N
6e67fe87-0ef6-412c-9f9a-743d5d38ecef	\N	auth-spnego	4e897766-489b-43e9-be69-b608772223be	cd5c4eb6-86db-41c9-b481-d41b87e4de08	3	20	f	\N	\N
9d6045f2-16fd-481c-a920-a62ed2fdd282	\N	identity-provider-redirector	4e897766-489b-43e9-be69-b608772223be	cd5c4eb6-86db-41c9-b481-d41b87e4de08	2	25	f	\N	\N
3fe0125b-d9a1-41de-834d-59659ef82f9d	\N	\N	4e897766-489b-43e9-be69-b608772223be	cd5c4eb6-86db-41c9-b481-d41b87e4de08	2	30	t	f4366f3a-08cb-455b-943c-c4437e6e5799	\N
ecc794b0-e8e5-4f87-8cf1-e57c50971b35	\N	auth-username-password-form	4e897766-489b-43e9-be69-b608772223be	f4366f3a-08cb-455b-943c-c4437e6e5799	0	10	f	\N	\N
8f701b97-cf2c-410a-8365-ce04c31a9ae3	\N	\N	4e897766-489b-43e9-be69-b608772223be	f4366f3a-08cb-455b-943c-c4437e6e5799	1	20	t	0c57cb6f-f745-4c27-9d6e-231f65702bbb	\N
9d95a873-512a-44b5-b9b8-85812156e77a	\N	conditional-user-configured	4e897766-489b-43e9-be69-b608772223be	0c57cb6f-f745-4c27-9d6e-231f65702bbb	0	10	f	\N	\N
b569d136-7f51-45be-9a70-78f1582c3633	\N	auth-otp-form	4e897766-489b-43e9-be69-b608772223be	0c57cb6f-f745-4c27-9d6e-231f65702bbb	0	20	f	\N	\N
187307ff-1e73-48e9-9d4c-219e5a9fd35d	\N	direct-grant-validate-username	4e897766-489b-43e9-be69-b608772223be	bd7afdf1-0707-4ff8-94a3-d7c1993a7e5c	0	10	f	\N	\N
64708834-0b96-4699-a406-ddad8513abae	\N	direct-grant-validate-password	4e897766-489b-43e9-be69-b608772223be	bd7afdf1-0707-4ff8-94a3-d7c1993a7e5c	0	20	f	\N	\N
2a717ff1-e06f-4783-a21a-dcfe97cc9b67	\N	\N	4e897766-489b-43e9-be69-b608772223be	bd7afdf1-0707-4ff8-94a3-d7c1993a7e5c	1	30	t	9474234e-83bb-4d65-8ed7-f93f6a9e5051	\N
e8b065c5-b922-4998-b974-4893acdaf378	\N	conditional-user-configured	4e897766-489b-43e9-be69-b608772223be	9474234e-83bb-4d65-8ed7-f93f6a9e5051	0	10	f	\N	\N
ae6fe779-a5df-4196-ad2b-effcdc975a5d	\N	direct-grant-validate-otp	4e897766-489b-43e9-be69-b608772223be	9474234e-83bb-4d65-8ed7-f93f6a9e5051	0	20	f	\N	\N
1bbd2cd3-8a9c-40b9-aed3-c57570b1d0cf	\N	registration-page-form	4e897766-489b-43e9-be69-b608772223be	01533758-5a98-4190-a481-241638639824	0	10	t	8e073fe4-fb80-42f6-afab-c132f8c968a4	\N
e2763ef1-445c-4f94-b69e-98a894c28f2d	\N	registration-user-creation	4e897766-489b-43e9-be69-b608772223be	8e073fe4-fb80-42f6-afab-c132f8c968a4	0	20	f	\N	\N
1455a959-0e29-4531-b04d-8c704fca3636	\N	registration-profile-action	4e897766-489b-43e9-be69-b608772223be	8e073fe4-fb80-42f6-afab-c132f8c968a4	0	40	f	\N	\N
54ea730d-899d-4ad9-bfd0-8874258aa58a	\N	registration-password-action	4e897766-489b-43e9-be69-b608772223be	8e073fe4-fb80-42f6-afab-c132f8c968a4	0	50	f	\N	\N
64d59d80-d808-454a-82d0-04352a16babf	\N	registration-recaptcha-action	4e897766-489b-43e9-be69-b608772223be	8e073fe4-fb80-42f6-afab-c132f8c968a4	3	60	f	\N	\N
fb54092c-78a3-401e-9add-58a130f0af7d	\N	reset-credentials-choose-user	4e897766-489b-43e9-be69-b608772223be	1f9424a8-508e-48fe-bbbf-6b8a656405d1	0	10	f	\N	\N
3e959d3b-901f-4ee7-9065-da62c4fcad05	\N	reset-credential-email	4e897766-489b-43e9-be69-b608772223be	1f9424a8-508e-48fe-bbbf-6b8a656405d1	0	20	f	\N	\N
bbcc0ce3-39e8-46ac-8fdc-1c1774865162	\N	reset-password	4e897766-489b-43e9-be69-b608772223be	1f9424a8-508e-48fe-bbbf-6b8a656405d1	0	30	f	\N	\N
41931041-7cba-456a-90bc-a83a2dfc8d20	\N	\N	4e897766-489b-43e9-be69-b608772223be	1f9424a8-508e-48fe-bbbf-6b8a656405d1	1	40	t	3c7a8654-4d58-4c40-8ee1-9fc18ad87c03	\N
97ecb06f-412d-4812-ba2f-c8417bfed6de	\N	conditional-user-configured	4e897766-489b-43e9-be69-b608772223be	3c7a8654-4d58-4c40-8ee1-9fc18ad87c03	0	10	f	\N	\N
deb4d4f1-516c-4007-9463-780db09474bd	\N	reset-otp	4e897766-489b-43e9-be69-b608772223be	3c7a8654-4d58-4c40-8ee1-9fc18ad87c03	0	20	f	\N	\N
ca2bb329-589b-4cfd-a145-0a98b7def734	\N	client-secret	4e897766-489b-43e9-be69-b608772223be	ddaf0d2e-7b80-49eb-93d2-1a9eff105ed5	2	10	f	\N	\N
c6fe96f3-624f-4e75-bf0c-78b07814a993	\N	client-jwt	4e897766-489b-43e9-be69-b608772223be	ddaf0d2e-7b80-49eb-93d2-1a9eff105ed5	2	20	f	\N	\N
94d85157-5a0f-422b-a3a5-79e1fc53518b	\N	client-secret-jwt	4e897766-489b-43e9-be69-b608772223be	ddaf0d2e-7b80-49eb-93d2-1a9eff105ed5	2	30	f	\N	\N
bd997611-7755-4792-8f1d-3f226b3098a0	\N	client-x509	4e897766-489b-43e9-be69-b608772223be	ddaf0d2e-7b80-49eb-93d2-1a9eff105ed5	2	40	f	\N	\N
7698630e-e5c1-4971-ba19-90d0a549b923	\N	idp-review-profile	4e897766-489b-43e9-be69-b608772223be	446c1c23-e6a1-483c-ad87-ff0a305b9759	0	10	f	\N	e9602a6c-33ac-4889-9827-6e4669653179
3f623b76-ccc5-4316-b3b7-3b5ecade35a2	\N	\N	4e897766-489b-43e9-be69-b608772223be	446c1c23-e6a1-483c-ad87-ff0a305b9759	0	20	t	fdde6785-08d5-40d3-9263-a536f61b5912	\N
807ec6c8-5d66-4702-9468-83d5af619739	\N	idp-create-user-if-unique	4e897766-489b-43e9-be69-b608772223be	fdde6785-08d5-40d3-9263-a536f61b5912	2	10	f	\N	f9f359b1-9329-4384-970d-71725a197263
4016e34f-b305-41d4-8569-1ac9e27a5776	\N	\N	4e897766-489b-43e9-be69-b608772223be	fdde6785-08d5-40d3-9263-a536f61b5912	2	20	t	0ada1e5d-0b79-42f0-b0fa-4ca2965162e9	\N
7db55dc3-0f1f-4e9e-96ae-a5a0c9bf4bb1	\N	idp-confirm-link	4e897766-489b-43e9-be69-b608772223be	0ada1e5d-0b79-42f0-b0fa-4ca2965162e9	0	10	f	\N	\N
fd03b317-776a-4cb3-b058-89445ff3d24c	\N	\N	4e897766-489b-43e9-be69-b608772223be	0ada1e5d-0b79-42f0-b0fa-4ca2965162e9	0	20	t	bce78663-57d0-4770-a769-7c03aa06e053	\N
b2af0fb1-c9f8-4800-ab64-227e01917811	\N	idp-email-verification	4e897766-489b-43e9-be69-b608772223be	bce78663-57d0-4770-a769-7c03aa06e053	2	10	f	\N	\N
5c4d215e-6e10-4f7a-ab1b-b502cd6cd810	\N	\N	4e897766-489b-43e9-be69-b608772223be	bce78663-57d0-4770-a769-7c03aa06e053	2	20	t	a69934b0-3f98-4b6f-95e2-0f27d302ebb2	\N
36c5d907-4e4c-44ec-a46d-49782a6d094a	\N	idp-username-password-form	4e897766-489b-43e9-be69-b608772223be	a69934b0-3f98-4b6f-95e2-0f27d302ebb2	0	10	f	\N	\N
e9878cd5-2cd9-4678-a0ea-3bbaaa437fcf	\N	\N	4e897766-489b-43e9-be69-b608772223be	a69934b0-3f98-4b6f-95e2-0f27d302ebb2	1	20	t	da55a1ca-091c-4dd5-8e32-92dd30951573	\N
f951ec36-c411-4e3e-bc99-2ce709aee478	\N	conditional-user-configured	4e897766-489b-43e9-be69-b608772223be	da55a1ca-091c-4dd5-8e32-92dd30951573	0	10	f	\N	\N
1320d418-f06f-4d54-9d8e-e122e9ba78c3	\N	auth-otp-form	4e897766-489b-43e9-be69-b608772223be	da55a1ca-091c-4dd5-8e32-92dd30951573	0	20	f	\N	\N
cd67560c-d157-4883-8d08-21a6e6c4c841	\N	http-basic-authenticator	4e897766-489b-43e9-be69-b608772223be	a5e60824-f344-4862-8bb7-7e292b1fcf28	0	10	f	\N	\N
c3146508-3e01-49f9-8d22-98d47a8d1234	\N	docker-http-basic-authenticator	4e897766-489b-43e9-be69-b608772223be	0449f0e8-69d1-4b8f-8198-f21cbb0c8d97	0	10	f	\N	\N
\.


--
-- Data for Name: authentication_flow; Type: TABLE DATA; Schema: keycloak; Owner: keycloak_user
--

COPY keycloak.authentication_flow (id, alias, description, realm_id, provider_id, top_level, built_in) FROM stdin;
ebbef321-181f-46e0-abe3-d33845db1355	browser	browser based authentication	ef7e7262-1dbc-4bd5-a12e-57001411b301	basic-flow	t	t
239064a1-e11a-461c-ab95-51c4f245aaca	forms	Username, password, otp and other auth forms.	ef7e7262-1dbc-4bd5-a12e-57001411b301	basic-flow	f	t
2ec2dedf-d71a-4511-b7a6-1df1fa407b05	Browser - Conditional OTP	Flow to determine if the OTP is required for the authentication	ef7e7262-1dbc-4bd5-a12e-57001411b301	basic-flow	f	t
3178bb5f-3454-4327-a3a6-07401d290e0a	direct grant	OpenID Connect Resource Owner Grant	ef7e7262-1dbc-4bd5-a12e-57001411b301	basic-flow	t	t
09ebe367-4429-477b-bbe8-a5854c2e650e	Direct Grant - Conditional OTP	Flow to determine if the OTP is required for the authentication	ef7e7262-1dbc-4bd5-a12e-57001411b301	basic-flow	f	t
d949687f-274b-4ad8-964e-7e70e7acfc4f	registration	registration flow	ef7e7262-1dbc-4bd5-a12e-57001411b301	basic-flow	t	t
15f41719-e960-43f5-b4f2-82a5c76a2c50	registration form	registration form	ef7e7262-1dbc-4bd5-a12e-57001411b301	form-flow	f	t
85c5c27a-e049-4b1f-9514-028463eab5fe	reset credentials	Reset credentials for a user if they forgot their password or something	ef7e7262-1dbc-4bd5-a12e-57001411b301	basic-flow	t	t
7b22dd4b-6ab7-4d7d-89cd-b75b78fdc32d	Reset - Conditional OTP	Flow to determine if the OTP should be reset or not. Set to REQUIRED to force.	ef7e7262-1dbc-4bd5-a12e-57001411b301	basic-flow	f	t
d8ce89eb-b693-4123-96f9-b7636865ce41	clients	Base authentication for clients	ef7e7262-1dbc-4bd5-a12e-57001411b301	client-flow	t	t
fc3ce9e5-7c76-46f5-bad6-91ca57e128b0	first broker login	Actions taken after first broker login with identity provider account, which is not yet linked to any Keycloak account	ef7e7262-1dbc-4bd5-a12e-57001411b301	basic-flow	t	t
300ac87d-1879-4499-b605-726f01f2c3e5	User creation or linking	Flow for the existing/non-existing user alternatives	ef7e7262-1dbc-4bd5-a12e-57001411b301	basic-flow	f	t
6b66f904-0800-4889-b996-c6f2580fb1ec	Handle Existing Account	Handle what to do if there is existing account with same email/username like authenticated identity provider	ef7e7262-1dbc-4bd5-a12e-57001411b301	basic-flow	f	t
9b2399ce-e160-4e5e-9527-9dcf978211da	Account verification options	Method with which to verity the existing account	ef7e7262-1dbc-4bd5-a12e-57001411b301	basic-flow	f	t
6aba18b0-cffa-4892-bf51-cdcb7af0d28e	Verify Existing Account by Re-authentication	Reauthentication of existing account	ef7e7262-1dbc-4bd5-a12e-57001411b301	basic-flow	f	t
9c254749-a423-415d-86d1-0282b81d9024	First broker login - Conditional OTP	Flow to determine if the OTP is required for the authentication	ef7e7262-1dbc-4bd5-a12e-57001411b301	basic-flow	f	t
b2fc5436-abd0-499f-a1a6-336b97fe6a8c	saml ecp	SAML ECP Profile Authentication Flow	ef7e7262-1dbc-4bd5-a12e-57001411b301	basic-flow	t	t
d3051b3c-d8f4-4f33-9cdc-86ba4ff271d4	docker auth	Used by Docker clients to authenticate against the IDP	ef7e7262-1dbc-4bd5-a12e-57001411b301	basic-flow	t	t
cd5c4eb6-86db-41c9-b481-d41b87e4de08	browser	browser based authentication	4e897766-489b-43e9-be69-b608772223be	basic-flow	t	t
f4366f3a-08cb-455b-943c-c4437e6e5799	forms	Username, password, otp and other auth forms.	4e897766-489b-43e9-be69-b608772223be	basic-flow	f	t
0c57cb6f-f745-4c27-9d6e-231f65702bbb	Browser - Conditional OTP	Flow to determine if the OTP is required for the authentication	4e897766-489b-43e9-be69-b608772223be	basic-flow	f	t
bd7afdf1-0707-4ff8-94a3-d7c1993a7e5c	direct grant	OpenID Connect Resource Owner Grant	4e897766-489b-43e9-be69-b608772223be	basic-flow	t	t
9474234e-83bb-4d65-8ed7-f93f6a9e5051	Direct Grant - Conditional OTP	Flow to determine if the OTP is required for the authentication	4e897766-489b-43e9-be69-b608772223be	basic-flow	f	t
01533758-5a98-4190-a481-241638639824	registration	registration flow	4e897766-489b-43e9-be69-b608772223be	basic-flow	t	t
8e073fe4-fb80-42f6-afab-c132f8c968a4	registration form	registration form	4e897766-489b-43e9-be69-b608772223be	form-flow	f	t
1f9424a8-508e-48fe-bbbf-6b8a656405d1	reset credentials	Reset credentials for a user if they forgot their password or something	4e897766-489b-43e9-be69-b608772223be	basic-flow	t	t
3c7a8654-4d58-4c40-8ee1-9fc18ad87c03	Reset - Conditional OTP	Flow to determine if the OTP should be reset or not. Set to REQUIRED to force.	4e897766-489b-43e9-be69-b608772223be	basic-flow	f	t
ddaf0d2e-7b80-49eb-93d2-1a9eff105ed5	clients	Base authentication for clients	4e897766-489b-43e9-be69-b608772223be	client-flow	t	t
446c1c23-e6a1-483c-ad87-ff0a305b9759	first broker login	Actions taken after first broker login with identity provider account, which is not yet linked to any Keycloak account	4e897766-489b-43e9-be69-b608772223be	basic-flow	t	t
fdde6785-08d5-40d3-9263-a536f61b5912	User creation or linking	Flow for the existing/non-existing user alternatives	4e897766-489b-43e9-be69-b608772223be	basic-flow	f	t
0ada1e5d-0b79-42f0-b0fa-4ca2965162e9	Handle Existing Account	Handle what to do if there is existing account with same email/username like authenticated identity provider	4e897766-489b-43e9-be69-b608772223be	basic-flow	f	t
bce78663-57d0-4770-a769-7c03aa06e053	Account verification options	Method with which to verity the existing account	4e897766-489b-43e9-be69-b608772223be	basic-flow	f	t
a69934b0-3f98-4b6f-95e2-0f27d302ebb2	Verify Existing Account by Re-authentication	Reauthentication of existing account	4e897766-489b-43e9-be69-b608772223be	basic-flow	f	t
da55a1ca-091c-4dd5-8e32-92dd30951573	First broker login - Conditional OTP	Flow to determine if the OTP is required for the authentication	4e897766-489b-43e9-be69-b608772223be	basic-flow	f	t
a5e60824-f344-4862-8bb7-7e292b1fcf28	saml ecp	SAML ECP Profile Authentication Flow	4e897766-489b-43e9-be69-b608772223be	basic-flow	t	t
0449f0e8-69d1-4b8f-8198-f21cbb0c8d97	docker auth	Used by Docker clients to authenticate against the IDP	4e897766-489b-43e9-be69-b608772223be	basic-flow	t	t
\.


--
-- Data for Name: authenticator_config; Type: TABLE DATA; Schema: keycloak; Owner: keycloak_user
--

COPY keycloak.authenticator_config (id, alias, realm_id) FROM stdin;
bf1a1036-d8a8-4efc-9247-0c383779bafd	review profile config	ef7e7262-1dbc-4bd5-a12e-57001411b301
d31dd9c0-595a-4ccf-adfa-2d3bb24f33dc	create unique user config	ef7e7262-1dbc-4bd5-a12e-57001411b301
e9602a6c-33ac-4889-9827-6e4669653179	review profile config	4e897766-489b-43e9-be69-b608772223be
f9f359b1-9329-4384-970d-71725a197263	create unique user config	4e897766-489b-43e9-be69-b608772223be
\.


--
-- Data for Name: authenticator_config_entry; Type: TABLE DATA; Schema: keycloak; Owner: keycloak_user
--

COPY keycloak.authenticator_config_entry (authenticator_id, value, name) FROM stdin;
bf1a1036-d8a8-4efc-9247-0c383779bafd	missing	update.profile.on.first.login
d31dd9c0-595a-4ccf-adfa-2d3bb24f33dc	false	require.password.update.after.registration
e9602a6c-33ac-4889-9827-6e4669653179	missing	update.profile.on.first.login
f9f359b1-9329-4384-970d-71725a197263	false	require.password.update.after.registration
\.


--
-- Data for Name: broker_link; Type: TABLE DATA; Schema: keycloak; Owner: keycloak_user
--

COPY keycloak.broker_link (identity_provider, storage_provider_id, realm_id, broker_user_id, broker_username, token, user_id) FROM stdin;
\.


--
-- Data for Name: client; Type: TABLE DATA; Schema: keycloak; Owner: keycloak_user
--

COPY keycloak.client (id, enabled, full_scope_allowed, client_id, not_before, public_client, secret, base_url, bearer_only, management_url, surrogate_auth_required, realm_id, protocol, node_rereg_timeout, frontchannel_logout, consent_required, name, service_accounts_enabled, client_authenticator_type, root_url, description, registration_token, standard_flow_enabled, implicit_flow_enabled, direct_access_grants_enabled, always_display_in_console) FROM stdin;
41c31c70-119e-4ff7-b3d9-f0cd0438a8f9	t	f	master-realm	0	f	\N	\N	t	\N	f	ef7e7262-1dbc-4bd5-a12e-57001411b301	\N	0	f	f	master Realm	f	client-secret	\N	\N	\N	t	f	f	f
84bab3ab-2028-431d-b0ba-0b1a79a30fdb	t	f	account	0	t	\N	/realms/master/account/	f	\N	f	ef7e7262-1dbc-4bd5-a12e-57001411b301	openid-connect	0	f	f	${client_account}	f	client-secret	${authBaseUrl}	\N	\N	t	f	f	f
caedbae2-07e4-4861-815a-8a6261067bf2	t	f	account-console	0	t	\N	/realms/master/account/	f	\N	f	ef7e7262-1dbc-4bd5-a12e-57001411b301	openid-connect	0	f	f	${client_account-console}	f	client-secret	${authBaseUrl}	\N	\N	t	f	f	f
09e5e3e5-cb97-4ea3-b19a-92380bea7dc8	t	f	broker	0	f	\N	\N	t	\N	f	ef7e7262-1dbc-4bd5-a12e-57001411b301	openid-connect	0	f	f	${client_broker}	f	client-secret	\N	\N	\N	t	f	f	f
133ec281-f2b7-40c3-a874-674a37e49388	t	f	security-admin-console	0	t	\N	/admin/master/console/	f	\N	f	ef7e7262-1dbc-4bd5-a12e-57001411b301	openid-connect	0	f	f	${client_security-admin-console}	f	client-secret	${authAdminUrl}	\N	\N	t	f	f	f
f24f195a-61d4-4840-b90b-2d07c4ba86f4	t	f	admin-cli	0	t	\N	\N	f	\N	f	ef7e7262-1dbc-4bd5-a12e-57001411b301	openid-connect	0	f	f	${client_admin-cli}	f	client-secret	\N	\N	\N	f	f	t	f
0b11890e-cf7f-4430-b661-5f5812d4d0c1	t	f	jenjetsu-realm-realm	0	f	\N	\N	t	\N	f	ef7e7262-1dbc-4bd5-a12e-57001411b301	\N	0	f	f	jenjetsu-realm Realm	f	client-secret	\N	\N	\N	t	f	f	f
8c44367a-f5be-4582-ae41-2709ad98ce77	t	f	realm-management	0	f	\N	\N	t	\N	f	4e897766-489b-43e9-be69-b608772223be	openid-connect	0	f	f	${client_realm-management}	f	client-secret	\N	\N	\N	t	f	f	f
941dbdc2-6ff7-4eb2-b5df-06bc0d9746d2	t	f	account	0	t	\N	/realms/jenjetsu-realm/account/	f	\N	f	4e897766-489b-43e9-be69-b608772223be	openid-connect	0	f	f	${client_account}	f	client-secret	${authBaseUrl}	\N	\N	t	f	f	f
c37d0f0b-c932-4d3a-bd95-28a66e6ea5c9	t	f	account-console	0	t	\N	/realms/jenjetsu-realm/account/	f	\N	f	4e897766-489b-43e9-be69-b608772223be	openid-connect	0	f	f	${client_account-console}	f	client-secret	${authBaseUrl}	\N	\N	t	f	f	f
74ce0fa6-a2d9-44f6-9269-0584ccc4a61b	t	f	broker	0	f	\N	\N	t	\N	f	4e897766-489b-43e9-be69-b608772223be	openid-connect	0	f	f	${client_broker}	f	client-secret	\N	\N	\N	t	f	f	f
1f2a4ae0-417e-4a9b-aca7-33612839bb03	t	f	security-admin-console	0	t	\N	/admin/jenjetsu-realm/console/	f	\N	f	4e897766-489b-43e9-be69-b608772223be	openid-connect	0	f	f	${client_security-admin-console}	f	client-secret	${authAdminUrl}	\N	\N	t	f	f	f
e68a34d8-fe4d-47b3-a67e-d6b580ef5b5b	t	f	admin-cli	0	t	\N	\N	f	\N	f	4e897766-489b-43e9-be69-b608772223be	openid-connect	0	f	f	${client_admin-cli}	f	client-secret	\N	\N	\N	f	f	t	f
b672abb4-231c-4b38-979b-27a876b88462	t	t	jenjetsu-sso	0	f	tb9YimCmd5R1JBVyChxjIEyY6Tv0QEso		f		f	4e897766-489b-43e9-be69-b608772223be	openid-connect	-1	t	f	Jenjetsu sing on	t	client-secret			\N	t	f	t	f
\.


--
-- Data for Name: client_attributes; Type: TABLE DATA; Schema: keycloak; Owner: keycloak_user
--

COPY keycloak.client_attributes (client_id, name, value) FROM stdin;
84bab3ab-2028-431d-b0ba-0b1a79a30fdb	post.logout.redirect.uris	+
caedbae2-07e4-4861-815a-8a6261067bf2	post.logout.redirect.uris	+
caedbae2-07e4-4861-815a-8a6261067bf2	pkce.code.challenge.method	S256
133ec281-f2b7-40c3-a874-674a37e49388	post.logout.redirect.uris	+
133ec281-f2b7-40c3-a874-674a37e49388	pkce.code.challenge.method	S256
941dbdc2-6ff7-4eb2-b5df-06bc0d9746d2	post.logout.redirect.uris	+
c37d0f0b-c932-4d3a-bd95-28a66e6ea5c9	post.logout.redirect.uris	+
c37d0f0b-c932-4d3a-bd95-28a66e6ea5c9	pkce.code.challenge.method	S256
1f2a4ae0-417e-4a9b-aca7-33612839bb03	post.logout.redirect.uris	+
1f2a4ae0-417e-4a9b-aca7-33612839bb03	pkce.code.challenge.method	S256
b672abb4-231c-4b38-979b-27a876b88462	oauth2.device.authorization.grant.enabled	false
b672abb4-231c-4b38-979b-27a876b88462	oidc.ciba.grant.enabled	false
b672abb4-231c-4b38-979b-27a876b88462	backchannel.logout.session.required	true
b672abb4-231c-4b38-979b-27a876b88462	backchannel.logout.revoke.offline.tokens	false
b672abb4-231c-4b38-979b-27a876b88462	client.secret.creation.time	1700053642
b672abb4-231c-4b38-979b-27a876b88462	display.on.consent.screen	false
b672abb4-231c-4b38-979b-27a876b88462	use.refresh.tokens	true
b672abb4-231c-4b38-979b-27a876b88462	client_credentials.use_refresh_token	false
b672abb4-231c-4b38-979b-27a876b88462	token.response.type.bearer.lower-case	false
b672abb4-231c-4b38-979b-27a876b88462	tls.client.certificate.bound.access.tokens	false
b672abb4-231c-4b38-979b-27a876b88462	require.pushed.authorization.requests	false
b672abb4-231c-4b38-979b-27a876b88462	acr.loa.map	{}
\.


--
-- Data for Name: client_auth_flow_bindings; Type: TABLE DATA; Schema: keycloak; Owner: keycloak_user
--

COPY keycloak.client_auth_flow_bindings (client_id, flow_id, binding_name) FROM stdin;
\.


--
-- Data for Name: client_initial_access; Type: TABLE DATA; Schema: keycloak; Owner: keycloak_user
--

COPY keycloak.client_initial_access (id, realm_id, "timestamp", expiration, count, remaining_count) FROM stdin;
\.


--
-- Data for Name: client_node_registrations; Type: TABLE DATA; Schema: keycloak; Owner: keycloak_user
--

COPY keycloak.client_node_registrations (client_id, value, name) FROM stdin;
\.


--
-- Data for Name: client_scope; Type: TABLE DATA; Schema: keycloak; Owner: keycloak_user
--

COPY keycloak.client_scope (id, name, realm_id, description, protocol) FROM stdin;
3a2387c3-3d81-4edb-843d-ecac2755bb15	offline_access	ef7e7262-1dbc-4bd5-a12e-57001411b301	OpenID Connect built-in scope: offline_access	openid-connect
296ff5bc-dfa8-4ec7-b786-e254551daa7a	role_list	ef7e7262-1dbc-4bd5-a12e-57001411b301	SAML role list	saml
502aae9f-6860-4616-92bf-873a4b285d5c	profile	ef7e7262-1dbc-4bd5-a12e-57001411b301	OpenID Connect built-in scope: profile	openid-connect
5371599b-4c28-42b2-8203-4bd061863e7c	email	ef7e7262-1dbc-4bd5-a12e-57001411b301	OpenID Connect built-in scope: email	openid-connect
e01331c7-a229-42f8-8076-94beeb7c7f28	address	ef7e7262-1dbc-4bd5-a12e-57001411b301	OpenID Connect built-in scope: address	openid-connect
399e2d5e-b9b7-4746-86bb-c8fa3ae392dc	phone	ef7e7262-1dbc-4bd5-a12e-57001411b301	OpenID Connect built-in scope: phone	openid-connect
1c7a16cb-8a5e-4c38-8571-5b6ade51f503	roles	ef7e7262-1dbc-4bd5-a12e-57001411b301	OpenID Connect scope for add user roles to the access token	openid-connect
274b40e1-2538-4160-97cf-0af79554f8dd	web-origins	ef7e7262-1dbc-4bd5-a12e-57001411b301	OpenID Connect scope for add allowed web origins to the access token	openid-connect
6c70e033-e991-4463-80a7-c362b6161270	microprofile-jwt	ef7e7262-1dbc-4bd5-a12e-57001411b301	Microprofile - JWT built-in scope	openid-connect
cb0b23ff-07a0-4763-9375-c4560d177a21	acr	ef7e7262-1dbc-4bd5-a12e-57001411b301	OpenID Connect scope for add acr (authentication context class reference) to the token	openid-connect
348ec1f4-30cd-4bb6-af7f-8ba8c653ccb8	offline_access	4e897766-489b-43e9-be69-b608772223be	OpenID Connect built-in scope: offline_access	openid-connect
89f5ed2c-9dc2-4739-9535-c0254f9ad670	role_list	4e897766-489b-43e9-be69-b608772223be	SAML role list	saml
5b3f95c8-175a-416c-9b04-80baa193d9e2	profile	4e897766-489b-43e9-be69-b608772223be	OpenID Connect built-in scope: profile	openid-connect
f288c286-f1c9-4379-8a42-8ef0ecd3ddbd	email	4e897766-489b-43e9-be69-b608772223be	OpenID Connect built-in scope: email	openid-connect
52065593-44c5-4c63-a316-b95b7af27871	address	4e897766-489b-43e9-be69-b608772223be	OpenID Connect built-in scope: address	openid-connect
b197cb5d-0959-42f2-883e-909a217cd3c1	phone	4e897766-489b-43e9-be69-b608772223be	OpenID Connect built-in scope: phone	openid-connect
bb82bef9-2e2a-42df-9960-568f2aefadb6	roles	4e897766-489b-43e9-be69-b608772223be	OpenID Connect scope for add user roles to the access token	openid-connect
e53e498e-b0b7-4611-81f8-b766d2046a3a	web-origins	4e897766-489b-43e9-be69-b608772223be	OpenID Connect scope for add allowed web origins to the access token	openid-connect
d10bcaf0-ab88-40bc-8f72-5bf7c43eff6c	microprofile-jwt	4e897766-489b-43e9-be69-b608772223be	Microprofile - JWT built-in scope	openid-connect
8a9a548e-beea-443c-aa06-780d4166c10f	acr	4e897766-489b-43e9-be69-b608772223be	OpenID Connect scope for add acr (authentication context class reference) to the token	openid-connect
fbd9c4af-125b-47fc-9dd5-e7074d16edc4	openid	4e897766-489b-43e9-be69-b608772223be		openid-connect
\.


--
-- Data for Name: client_scope_attributes; Type: TABLE DATA; Schema: keycloak; Owner: keycloak_user
--

COPY keycloak.client_scope_attributes (scope_id, value, name) FROM stdin;
3a2387c3-3d81-4edb-843d-ecac2755bb15	true	display.on.consent.screen
3a2387c3-3d81-4edb-843d-ecac2755bb15	${offlineAccessScopeConsentText}	consent.screen.text
296ff5bc-dfa8-4ec7-b786-e254551daa7a	true	display.on.consent.screen
296ff5bc-dfa8-4ec7-b786-e254551daa7a	${samlRoleListScopeConsentText}	consent.screen.text
502aae9f-6860-4616-92bf-873a4b285d5c	true	display.on.consent.screen
502aae9f-6860-4616-92bf-873a4b285d5c	${profileScopeConsentText}	consent.screen.text
502aae9f-6860-4616-92bf-873a4b285d5c	true	include.in.token.scope
5371599b-4c28-42b2-8203-4bd061863e7c	true	display.on.consent.screen
5371599b-4c28-42b2-8203-4bd061863e7c	${emailScopeConsentText}	consent.screen.text
5371599b-4c28-42b2-8203-4bd061863e7c	true	include.in.token.scope
e01331c7-a229-42f8-8076-94beeb7c7f28	true	display.on.consent.screen
e01331c7-a229-42f8-8076-94beeb7c7f28	${addressScopeConsentText}	consent.screen.text
e01331c7-a229-42f8-8076-94beeb7c7f28	true	include.in.token.scope
399e2d5e-b9b7-4746-86bb-c8fa3ae392dc	true	display.on.consent.screen
399e2d5e-b9b7-4746-86bb-c8fa3ae392dc	${phoneScopeConsentText}	consent.screen.text
399e2d5e-b9b7-4746-86bb-c8fa3ae392dc	true	include.in.token.scope
1c7a16cb-8a5e-4c38-8571-5b6ade51f503	true	display.on.consent.screen
1c7a16cb-8a5e-4c38-8571-5b6ade51f503	${rolesScopeConsentText}	consent.screen.text
1c7a16cb-8a5e-4c38-8571-5b6ade51f503	false	include.in.token.scope
274b40e1-2538-4160-97cf-0af79554f8dd	false	display.on.consent.screen
274b40e1-2538-4160-97cf-0af79554f8dd		consent.screen.text
274b40e1-2538-4160-97cf-0af79554f8dd	false	include.in.token.scope
6c70e033-e991-4463-80a7-c362b6161270	false	display.on.consent.screen
6c70e033-e991-4463-80a7-c362b6161270	true	include.in.token.scope
cb0b23ff-07a0-4763-9375-c4560d177a21	false	display.on.consent.screen
cb0b23ff-07a0-4763-9375-c4560d177a21	false	include.in.token.scope
348ec1f4-30cd-4bb6-af7f-8ba8c653ccb8	true	display.on.consent.screen
348ec1f4-30cd-4bb6-af7f-8ba8c653ccb8	${offlineAccessScopeConsentText}	consent.screen.text
89f5ed2c-9dc2-4739-9535-c0254f9ad670	true	display.on.consent.screen
89f5ed2c-9dc2-4739-9535-c0254f9ad670	${samlRoleListScopeConsentText}	consent.screen.text
5b3f95c8-175a-416c-9b04-80baa193d9e2	true	display.on.consent.screen
5b3f95c8-175a-416c-9b04-80baa193d9e2	${profileScopeConsentText}	consent.screen.text
5b3f95c8-175a-416c-9b04-80baa193d9e2	true	include.in.token.scope
f288c286-f1c9-4379-8a42-8ef0ecd3ddbd	true	display.on.consent.screen
f288c286-f1c9-4379-8a42-8ef0ecd3ddbd	${emailScopeConsentText}	consent.screen.text
f288c286-f1c9-4379-8a42-8ef0ecd3ddbd	true	include.in.token.scope
52065593-44c5-4c63-a316-b95b7af27871	true	display.on.consent.screen
52065593-44c5-4c63-a316-b95b7af27871	${addressScopeConsentText}	consent.screen.text
52065593-44c5-4c63-a316-b95b7af27871	true	include.in.token.scope
b197cb5d-0959-42f2-883e-909a217cd3c1	true	display.on.consent.screen
b197cb5d-0959-42f2-883e-909a217cd3c1	${phoneScopeConsentText}	consent.screen.text
b197cb5d-0959-42f2-883e-909a217cd3c1	true	include.in.token.scope
bb82bef9-2e2a-42df-9960-568f2aefadb6	true	display.on.consent.screen
bb82bef9-2e2a-42df-9960-568f2aefadb6	${rolesScopeConsentText}	consent.screen.text
bb82bef9-2e2a-42df-9960-568f2aefadb6	false	include.in.token.scope
e53e498e-b0b7-4611-81f8-b766d2046a3a	false	display.on.consent.screen
e53e498e-b0b7-4611-81f8-b766d2046a3a		consent.screen.text
e53e498e-b0b7-4611-81f8-b766d2046a3a	false	include.in.token.scope
d10bcaf0-ab88-40bc-8f72-5bf7c43eff6c	false	display.on.consent.screen
d10bcaf0-ab88-40bc-8f72-5bf7c43eff6c	true	include.in.token.scope
8a9a548e-beea-443c-aa06-780d4166c10f	false	display.on.consent.screen
8a9a548e-beea-443c-aa06-780d4166c10f	false	include.in.token.scope
fbd9c4af-125b-47fc-9dd5-e7074d16edc4		consent.screen.text
fbd9c4af-125b-47fc-9dd5-e7074d16edc4	true	display.on.consent.screen
fbd9c4af-125b-47fc-9dd5-e7074d16edc4	true	include.in.token.scope
fbd9c4af-125b-47fc-9dd5-e7074d16edc4		gui.order
\.


--
-- Data for Name: client_scope_client; Type: TABLE DATA; Schema: keycloak; Owner: keycloak_user
--

COPY keycloak.client_scope_client (client_id, scope_id, default_scope) FROM stdin;
84bab3ab-2028-431d-b0ba-0b1a79a30fdb	1c7a16cb-8a5e-4c38-8571-5b6ade51f503	t
84bab3ab-2028-431d-b0ba-0b1a79a30fdb	274b40e1-2538-4160-97cf-0af79554f8dd	t
84bab3ab-2028-431d-b0ba-0b1a79a30fdb	cb0b23ff-07a0-4763-9375-c4560d177a21	t
84bab3ab-2028-431d-b0ba-0b1a79a30fdb	5371599b-4c28-42b2-8203-4bd061863e7c	t
84bab3ab-2028-431d-b0ba-0b1a79a30fdb	502aae9f-6860-4616-92bf-873a4b285d5c	t
84bab3ab-2028-431d-b0ba-0b1a79a30fdb	e01331c7-a229-42f8-8076-94beeb7c7f28	f
84bab3ab-2028-431d-b0ba-0b1a79a30fdb	3a2387c3-3d81-4edb-843d-ecac2755bb15	f
84bab3ab-2028-431d-b0ba-0b1a79a30fdb	6c70e033-e991-4463-80a7-c362b6161270	f
84bab3ab-2028-431d-b0ba-0b1a79a30fdb	399e2d5e-b9b7-4746-86bb-c8fa3ae392dc	f
caedbae2-07e4-4861-815a-8a6261067bf2	1c7a16cb-8a5e-4c38-8571-5b6ade51f503	t
caedbae2-07e4-4861-815a-8a6261067bf2	274b40e1-2538-4160-97cf-0af79554f8dd	t
caedbae2-07e4-4861-815a-8a6261067bf2	cb0b23ff-07a0-4763-9375-c4560d177a21	t
caedbae2-07e4-4861-815a-8a6261067bf2	5371599b-4c28-42b2-8203-4bd061863e7c	t
caedbae2-07e4-4861-815a-8a6261067bf2	502aae9f-6860-4616-92bf-873a4b285d5c	t
caedbae2-07e4-4861-815a-8a6261067bf2	e01331c7-a229-42f8-8076-94beeb7c7f28	f
caedbae2-07e4-4861-815a-8a6261067bf2	3a2387c3-3d81-4edb-843d-ecac2755bb15	f
caedbae2-07e4-4861-815a-8a6261067bf2	6c70e033-e991-4463-80a7-c362b6161270	f
caedbae2-07e4-4861-815a-8a6261067bf2	399e2d5e-b9b7-4746-86bb-c8fa3ae392dc	f
f24f195a-61d4-4840-b90b-2d07c4ba86f4	1c7a16cb-8a5e-4c38-8571-5b6ade51f503	t
f24f195a-61d4-4840-b90b-2d07c4ba86f4	274b40e1-2538-4160-97cf-0af79554f8dd	t
f24f195a-61d4-4840-b90b-2d07c4ba86f4	cb0b23ff-07a0-4763-9375-c4560d177a21	t
f24f195a-61d4-4840-b90b-2d07c4ba86f4	5371599b-4c28-42b2-8203-4bd061863e7c	t
f24f195a-61d4-4840-b90b-2d07c4ba86f4	502aae9f-6860-4616-92bf-873a4b285d5c	t
f24f195a-61d4-4840-b90b-2d07c4ba86f4	e01331c7-a229-42f8-8076-94beeb7c7f28	f
f24f195a-61d4-4840-b90b-2d07c4ba86f4	3a2387c3-3d81-4edb-843d-ecac2755bb15	f
f24f195a-61d4-4840-b90b-2d07c4ba86f4	6c70e033-e991-4463-80a7-c362b6161270	f
f24f195a-61d4-4840-b90b-2d07c4ba86f4	399e2d5e-b9b7-4746-86bb-c8fa3ae392dc	f
09e5e3e5-cb97-4ea3-b19a-92380bea7dc8	1c7a16cb-8a5e-4c38-8571-5b6ade51f503	t
09e5e3e5-cb97-4ea3-b19a-92380bea7dc8	274b40e1-2538-4160-97cf-0af79554f8dd	t
09e5e3e5-cb97-4ea3-b19a-92380bea7dc8	cb0b23ff-07a0-4763-9375-c4560d177a21	t
09e5e3e5-cb97-4ea3-b19a-92380bea7dc8	5371599b-4c28-42b2-8203-4bd061863e7c	t
09e5e3e5-cb97-4ea3-b19a-92380bea7dc8	502aae9f-6860-4616-92bf-873a4b285d5c	t
09e5e3e5-cb97-4ea3-b19a-92380bea7dc8	e01331c7-a229-42f8-8076-94beeb7c7f28	f
09e5e3e5-cb97-4ea3-b19a-92380bea7dc8	3a2387c3-3d81-4edb-843d-ecac2755bb15	f
09e5e3e5-cb97-4ea3-b19a-92380bea7dc8	6c70e033-e991-4463-80a7-c362b6161270	f
09e5e3e5-cb97-4ea3-b19a-92380bea7dc8	399e2d5e-b9b7-4746-86bb-c8fa3ae392dc	f
41c31c70-119e-4ff7-b3d9-f0cd0438a8f9	1c7a16cb-8a5e-4c38-8571-5b6ade51f503	t
41c31c70-119e-4ff7-b3d9-f0cd0438a8f9	274b40e1-2538-4160-97cf-0af79554f8dd	t
41c31c70-119e-4ff7-b3d9-f0cd0438a8f9	cb0b23ff-07a0-4763-9375-c4560d177a21	t
41c31c70-119e-4ff7-b3d9-f0cd0438a8f9	5371599b-4c28-42b2-8203-4bd061863e7c	t
41c31c70-119e-4ff7-b3d9-f0cd0438a8f9	502aae9f-6860-4616-92bf-873a4b285d5c	t
41c31c70-119e-4ff7-b3d9-f0cd0438a8f9	e01331c7-a229-42f8-8076-94beeb7c7f28	f
41c31c70-119e-4ff7-b3d9-f0cd0438a8f9	3a2387c3-3d81-4edb-843d-ecac2755bb15	f
41c31c70-119e-4ff7-b3d9-f0cd0438a8f9	6c70e033-e991-4463-80a7-c362b6161270	f
41c31c70-119e-4ff7-b3d9-f0cd0438a8f9	399e2d5e-b9b7-4746-86bb-c8fa3ae392dc	f
133ec281-f2b7-40c3-a874-674a37e49388	1c7a16cb-8a5e-4c38-8571-5b6ade51f503	t
133ec281-f2b7-40c3-a874-674a37e49388	274b40e1-2538-4160-97cf-0af79554f8dd	t
133ec281-f2b7-40c3-a874-674a37e49388	cb0b23ff-07a0-4763-9375-c4560d177a21	t
133ec281-f2b7-40c3-a874-674a37e49388	5371599b-4c28-42b2-8203-4bd061863e7c	t
133ec281-f2b7-40c3-a874-674a37e49388	502aae9f-6860-4616-92bf-873a4b285d5c	t
133ec281-f2b7-40c3-a874-674a37e49388	e01331c7-a229-42f8-8076-94beeb7c7f28	f
133ec281-f2b7-40c3-a874-674a37e49388	3a2387c3-3d81-4edb-843d-ecac2755bb15	f
133ec281-f2b7-40c3-a874-674a37e49388	6c70e033-e991-4463-80a7-c362b6161270	f
133ec281-f2b7-40c3-a874-674a37e49388	399e2d5e-b9b7-4746-86bb-c8fa3ae392dc	f
941dbdc2-6ff7-4eb2-b5df-06bc0d9746d2	8a9a548e-beea-443c-aa06-780d4166c10f	t
941dbdc2-6ff7-4eb2-b5df-06bc0d9746d2	bb82bef9-2e2a-42df-9960-568f2aefadb6	t
941dbdc2-6ff7-4eb2-b5df-06bc0d9746d2	5b3f95c8-175a-416c-9b04-80baa193d9e2	t
941dbdc2-6ff7-4eb2-b5df-06bc0d9746d2	f288c286-f1c9-4379-8a42-8ef0ecd3ddbd	t
941dbdc2-6ff7-4eb2-b5df-06bc0d9746d2	e53e498e-b0b7-4611-81f8-b766d2046a3a	t
941dbdc2-6ff7-4eb2-b5df-06bc0d9746d2	b197cb5d-0959-42f2-883e-909a217cd3c1	f
941dbdc2-6ff7-4eb2-b5df-06bc0d9746d2	348ec1f4-30cd-4bb6-af7f-8ba8c653ccb8	f
941dbdc2-6ff7-4eb2-b5df-06bc0d9746d2	52065593-44c5-4c63-a316-b95b7af27871	f
941dbdc2-6ff7-4eb2-b5df-06bc0d9746d2	d10bcaf0-ab88-40bc-8f72-5bf7c43eff6c	f
c37d0f0b-c932-4d3a-bd95-28a66e6ea5c9	8a9a548e-beea-443c-aa06-780d4166c10f	t
c37d0f0b-c932-4d3a-bd95-28a66e6ea5c9	bb82bef9-2e2a-42df-9960-568f2aefadb6	t
c37d0f0b-c932-4d3a-bd95-28a66e6ea5c9	5b3f95c8-175a-416c-9b04-80baa193d9e2	t
c37d0f0b-c932-4d3a-bd95-28a66e6ea5c9	f288c286-f1c9-4379-8a42-8ef0ecd3ddbd	t
c37d0f0b-c932-4d3a-bd95-28a66e6ea5c9	e53e498e-b0b7-4611-81f8-b766d2046a3a	t
c37d0f0b-c932-4d3a-bd95-28a66e6ea5c9	b197cb5d-0959-42f2-883e-909a217cd3c1	f
c37d0f0b-c932-4d3a-bd95-28a66e6ea5c9	348ec1f4-30cd-4bb6-af7f-8ba8c653ccb8	f
c37d0f0b-c932-4d3a-bd95-28a66e6ea5c9	52065593-44c5-4c63-a316-b95b7af27871	f
c37d0f0b-c932-4d3a-bd95-28a66e6ea5c9	d10bcaf0-ab88-40bc-8f72-5bf7c43eff6c	f
e68a34d8-fe4d-47b3-a67e-d6b580ef5b5b	8a9a548e-beea-443c-aa06-780d4166c10f	t
e68a34d8-fe4d-47b3-a67e-d6b580ef5b5b	bb82bef9-2e2a-42df-9960-568f2aefadb6	t
e68a34d8-fe4d-47b3-a67e-d6b580ef5b5b	5b3f95c8-175a-416c-9b04-80baa193d9e2	t
e68a34d8-fe4d-47b3-a67e-d6b580ef5b5b	f288c286-f1c9-4379-8a42-8ef0ecd3ddbd	t
e68a34d8-fe4d-47b3-a67e-d6b580ef5b5b	e53e498e-b0b7-4611-81f8-b766d2046a3a	t
e68a34d8-fe4d-47b3-a67e-d6b580ef5b5b	b197cb5d-0959-42f2-883e-909a217cd3c1	f
e68a34d8-fe4d-47b3-a67e-d6b580ef5b5b	348ec1f4-30cd-4bb6-af7f-8ba8c653ccb8	f
e68a34d8-fe4d-47b3-a67e-d6b580ef5b5b	52065593-44c5-4c63-a316-b95b7af27871	f
e68a34d8-fe4d-47b3-a67e-d6b580ef5b5b	d10bcaf0-ab88-40bc-8f72-5bf7c43eff6c	f
74ce0fa6-a2d9-44f6-9269-0584ccc4a61b	8a9a548e-beea-443c-aa06-780d4166c10f	t
74ce0fa6-a2d9-44f6-9269-0584ccc4a61b	bb82bef9-2e2a-42df-9960-568f2aefadb6	t
74ce0fa6-a2d9-44f6-9269-0584ccc4a61b	5b3f95c8-175a-416c-9b04-80baa193d9e2	t
74ce0fa6-a2d9-44f6-9269-0584ccc4a61b	f288c286-f1c9-4379-8a42-8ef0ecd3ddbd	t
74ce0fa6-a2d9-44f6-9269-0584ccc4a61b	e53e498e-b0b7-4611-81f8-b766d2046a3a	t
74ce0fa6-a2d9-44f6-9269-0584ccc4a61b	b197cb5d-0959-42f2-883e-909a217cd3c1	f
74ce0fa6-a2d9-44f6-9269-0584ccc4a61b	348ec1f4-30cd-4bb6-af7f-8ba8c653ccb8	f
74ce0fa6-a2d9-44f6-9269-0584ccc4a61b	52065593-44c5-4c63-a316-b95b7af27871	f
74ce0fa6-a2d9-44f6-9269-0584ccc4a61b	d10bcaf0-ab88-40bc-8f72-5bf7c43eff6c	f
8c44367a-f5be-4582-ae41-2709ad98ce77	8a9a548e-beea-443c-aa06-780d4166c10f	t
8c44367a-f5be-4582-ae41-2709ad98ce77	bb82bef9-2e2a-42df-9960-568f2aefadb6	t
8c44367a-f5be-4582-ae41-2709ad98ce77	5b3f95c8-175a-416c-9b04-80baa193d9e2	t
8c44367a-f5be-4582-ae41-2709ad98ce77	f288c286-f1c9-4379-8a42-8ef0ecd3ddbd	t
8c44367a-f5be-4582-ae41-2709ad98ce77	e53e498e-b0b7-4611-81f8-b766d2046a3a	t
8c44367a-f5be-4582-ae41-2709ad98ce77	b197cb5d-0959-42f2-883e-909a217cd3c1	f
8c44367a-f5be-4582-ae41-2709ad98ce77	348ec1f4-30cd-4bb6-af7f-8ba8c653ccb8	f
8c44367a-f5be-4582-ae41-2709ad98ce77	52065593-44c5-4c63-a316-b95b7af27871	f
8c44367a-f5be-4582-ae41-2709ad98ce77	d10bcaf0-ab88-40bc-8f72-5bf7c43eff6c	f
1f2a4ae0-417e-4a9b-aca7-33612839bb03	8a9a548e-beea-443c-aa06-780d4166c10f	t
1f2a4ae0-417e-4a9b-aca7-33612839bb03	bb82bef9-2e2a-42df-9960-568f2aefadb6	t
1f2a4ae0-417e-4a9b-aca7-33612839bb03	5b3f95c8-175a-416c-9b04-80baa193d9e2	t
1f2a4ae0-417e-4a9b-aca7-33612839bb03	f288c286-f1c9-4379-8a42-8ef0ecd3ddbd	t
1f2a4ae0-417e-4a9b-aca7-33612839bb03	e53e498e-b0b7-4611-81f8-b766d2046a3a	t
1f2a4ae0-417e-4a9b-aca7-33612839bb03	b197cb5d-0959-42f2-883e-909a217cd3c1	f
1f2a4ae0-417e-4a9b-aca7-33612839bb03	348ec1f4-30cd-4bb6-af7f-8ba8c653ccb8	f
1f2a4ae0-417e-4a9b-aca7-33612839bb03	52065593-44c5-4c63-a316-b95b7af27871	f
1f2a4ae0-417e-4a9b-aca7-33612839bb03	d10bcaf0-ab88-40bc-8f72-5bf7c43eff6c	f
b672abb4-231c-4b38-979b-27a876b88462	8a9a548e-beea-443c-aa06-780d4166c10f	t
b672abb4-231c-4b38-979b-27a876b88462	bb82bef9-2e2a-42df-9960-568f2aefadb6	t
b672abb4-231c-4b38-979b-27a876b88462	5b3f95c8-175a-416c-9b04-80baa193d9e2	t
b672abb4-231c-4b38-979b-27a876b88462	f288c286-f1c9-4379-8a42-8ef0ecd3ddbd	t
b672abb4-231c-4b38-979b-27a876b88462	e53e498e-b0b7-4611-81f8-b766d2046a3a	t
b672abb4-231c-4b38-979b-27a876b88462	b197cb5d-0959-42f2-883e-909a217cd3c1	f
b672abb4-231c-4b38-979b-27a876b88462	348ec1f4-30cd-4bb6-af7f-8ba8c653ccb8	f
b672abb4-231c-4b38-979b-27a876b88462	52065593-44c5-4c63-a316-b95b7af27871	f
b672abb4-231c-4b38-979b-27a876b88462	d10bcaf0-ab88-40bc-8f72-5bf7c43eff6c	f
b672abb4-231c-4b38-979b-27a876b88462	fbd9c4af-125b-47fc-9dd5-e7074d16edc4	t
\.


--
-- Data for Name: client_scope_role_mapping; Type: TABLE DATA; Schema: keycloak; Owner: keycloak_user
--

COPY keycloak.client_scope_role_mapping (scope_id, role_id) FROM stdin;
3a2387c3-3d81-4edb-843d-ecac2755bb15	79c6fce3-4a7c-4a2c-be1b-cd1d137f348b
348ec1f4-30cd-4bb6-af7f-8ba8c653ccb8	27de7004-2d5b-4914-ab75-e7361d8645e0
\.


--
-- Data for Name: client_session; Type: TABLE DATA; Schema: keycloak; Owner: keycloak_user
--

COPY keycloak.client_session (id, client_id, redirect_uri, state, "timestamp", session_id, auth_method, realm_id, auth_user_id, current_action) FROM stdin;
\.


--
-- Data for Name: client_session_auth_status; Type: TABLE DATA; Schema: keycloak; Owner: keycloak_user
--

COPY keycloak.client_session_auth_status (authenticator, status, client_session) FROM stdin;
\.


--
-- Data for Name: client_session_note; Type: TABLE DATA; Schema: keycloak; Owner: keycloak_user
--

COPY keycloak.client_session_note (name, value, client_session) FROM stdin;
\.


--
-- Data for Name: client_session_prot_mapper; Type: TABLE DATA; Schema: keycloak; Owner: keycloak_user
--

COPY keycloak.client_session_prot_mapper (protocol_mapper_id, client_session) FROM stdin;
\.


--
-- Data for Name: client_session_role; Type: TABLE DATA; Schema: keycloak; Owner: keycloak_user
--

COPY keycloak.client_session_role (role_id, client_session) FROM stdin;
\.


--
-- Data for Name: client_user_session_note; Type: TABLE DATA; Schema: keycloak; Owner: keycloak_user
--

COPY keycloak.client_user_session_note (name, value, client_session) FROM stdin;
\.


--
-- Data for Name: component; Type: TABLE DATA; Schema: keycloak; Owner: keycloak_user
--

COPY keycloak.component (id, name, parent_id, provider_id, provider_type, realm_id, sub_type) FROM stdin;
8bcbe761-c398-46ee-8a81-8fa315c89cc5	Trusted Hosts	ef7e7262-1dbc-4bd5-a12e-57001411b301	trusted-hosts	org.keycloak.services.clientregistration.policy.ClientRegistrationPolicy	ef7e7262-1dbc-4bd5-a12e-57001411b301	anonymous
f0efbccc-80d1-4042-bde7-afb343cf8927	Consent Required	ef7e7262-1dbc-4bd5-a12e-57001411b301	consent-required	org.keycloak.services.clientregistration.policy.ClientRegistrationPolicy	ef7e7262-1dbc-4bd5-a12e-57001411b301	anonymous
feeef36d-cb55-40ac-8cfc-d2be6acda166	Full Scope Disabled	ef7e7262-1dbc-4bd5-a12e-57001411b301	scope	org.keycloak.services.clientregistration.policy.ClientRegistrationPolicy	ef7e7262-1dbc-4bd5-a12e-57001411b301	anonymous
0b5c7315-70ee-479b-a49b-b094578d819f	Max Clients Limit	ef7e7262-1dbc-4bd5-a12e-57001411b301	max-clients	org.keycloak.services.clientregistration.policy.ClientRegistrationPolicy	ef7e7262-1dbc-4bd5-a12e-57001411b301	anonymous
a93f2e2b-4003-4a20-b9ea-0615e67f1c35	Allowed Protocol Mapper Types	ef7e7262-1dbc-4bd5-a12e-57001411b301	allowed-protocol-mappers	org.keycloak.services.clientregistration.policy.ClientRegistrationPolicy	ef7e7262-1dbc-4bd5-a12e-57001411b301	anonymous
91cbf992-286c-45c4-8b1a-be015e947b35	Allowed Client Scopes	ef7e7262-1dbc-4bd5-a12e-57001411b301	allowed-client-templates	org.keycloak.services.clientregistration.policy.ClientRegistrationPolicy	ef7e7262-1dbc-4bd5-a12e-57001411b301	anonymous
a47f79b9-10dc-4fb7-84cd-132ad0a001ad	Allowed Protocol Mapper Types	ef7e7262-1dbc-4bd5-a12e-57001411b301	allowed-protocol-mappers	org.keycloak.services.clientregistration.policy.ClientRegistrationPolicy	ef7e7262-1dbc-4bd5-a12e-57001411b301	authenticated
ec0f646b-3dca-4518-9676-a0f189e66bdc	Allowed Client Scopes	ef7e7262-1dbc-4bd5-a12e-57001411b301	allowed-client-templates	org.keycloak.services.clientregistration.policy.ClientRegistrationPolicy	ef7e7262-1dbc-4bd5-a12e-57001411b301	authenticated
dfa2ac82-df4d-42d2-bb13-71175a0bc6ed	rsa-generated	ef7e7262-1dbc-4bd5-a12e-57001411b301	rsa-generated	org.keycloak.keys.KeyProvider	ef7e7262-1dbc-4bd5-a12e-57001411b301	\N
addfac15-1bd8-45ba-a0b3-a716959753c5	rsa-enc-generated	ef7e7262-1dbc-4bd5-a12e-57001411b301	rsa-enc-generated	org.keycloak.keys.KeyProvider	ef7e7262-1dbc-4bd5-a12e-57001411b301	\N
e9be3e5a-927f-4999-bb0b-deb88f8747d8	hmac-generated	ef7e7262-1dbc-4bd5-a12e-57001411b301	hmac-generated	org.keycloak.keys.KeyProvider	ef7e7262-1dbc-4bd5-a12e-57001411b301	\N
dee92e36-4f52-4aeb-80bc-8d4fa8c5ffd3	aes-generated	ef7e7262-1dbc-4bd5-a12e-57001411b301	aes-generated	org.keycloak.keys.KeyProvider	ef7e7262-1dbc-4bd5-a12e-57001411b301	\N
390b75fd-272d-4368-b63b-74376e8d6f73	rsa-generated	4e897766-489b-43e9-be69-b608772223be	rsa-generated	org.keycloak.keys.KeyProvider	4e897766-489b-43e9-be69-b608772223be	\N
0f142b84-40f1-4b4a-b3a7-e753a1f4bcb5	rsa-enc-generated	4e897766-489b-43e9-be69-b608772223be	rsa-enc-generated	org.keycloak.keys.KeyProvider	4e897766-489b-43e9-be69-b608772223be	\N
1cc158d2-72b6-4f43-9e10-94fcc04c6649	hmac-generated	4e897766-489b-43e9-be69-b608772223be	hmac-generated	org.keycloak.keys.KeyProvider	4e897766-489b-43e9-be69-b608772223be	\N
fa8da373-0cfb-4ab9-88db-e35b9a747e06	aes-generated	4e897766-489b-43e9-be69-b608772223be	aes-generated	org.keycloak.keys.KeyProvider	4e897766-489b-43e9-be69-b608772223be	\N
2e9f8eae-cbd4-4031-89ae-80aca5564327	Trusted Hosts	4e897766-489b-43e9-be69-b608772223be	trusted-hosts	org.keycloak.services.clientregistration.policy.ClientRegistrationPolicy	4e897766-489b-43e9-be69-b608772223be	anonymous
4604420d-a469-4d33-b16d-8dbf62dc61be	Consent Required	4e897766-489b-43e9-be69-b608772223be	consent-required	org.keycloak.services.clientregistration.policy.ClientRegistrationPolicy	4e897766-489b-43e9-be69-b608772223be	anonymous
8fb63452-6769-4607-9d7e-28f92d1a0f8f	Full Scope Disabled	4e897766-489b-43e9-be69-b608772223be	scope	org.keycloak.services.clientregistration.policy.ClientRegistrationPolicy	4e897766-489b-43e9-be69-b608772223be	anonymous
dd579fad-6a95-4069-ab12-891094f237ec	Max Clients Limit	4e897766-489b-43e9-be69-b608772223be	max-clients	org.keycloak.services.clientregistration.policy.ClientRegistrationPolicy	4e897766-489b-43e9-be69-b608772223be	anonymous
bd0c4b65-4caf-47f1-a9f7-ab095a207fea	Allowed Protocol Mapper Types	4e897766-489b-43e9-be69-b608772223be	allowed-protocol-mappers	org.keycloak.services.clientregistration.policy.ClientRegistrationPolicy	4e897766-489b-43e9-be69-b608772223be	anonymous
2519434f-658e-4966-8e1d-2a979588aef3	Allowed Client Scopes	4e897766-489b-43e9-be69-b608772223be	allowed-client-templates	org.keycloak.services.clientregistration.policy.ClientRegistrationPolicy	4e897766-489b-43e9-be69-b608772223be	anonymous
e5adb948-33e4-4eda-ac94-7b9b5d2595ee	Allowed Protocol Mapper Types	4e897766-489b-43e9-be69-b608772223be	allowed-protocol-mappers	org.keycloak.services.clientregistration.policy.ClientRegistrationPolicy	4e897766-489b-43e9-be69-b608772223be	authenticated
c96baa2e-38ce-4106-a180-1d354fb6df42	Allowed Client Scopes	4e897766-489b-43e9-be69-b608772223be	allowed-client-templates	org.keycloak.services.clientregistration.policy.ClientRegistrationPolicy	4e897766-489b-43e9-be69-b608772223be	authenticated
\.


--
-- Data for Name: component_config; Type: TABLE DATA; Schema: keycloak; Owner: keycloak_user
--

COPY keycloak.component_config (id, component_id, name, value) FROM stdin;
4f98c3df-9c08-4715-ab9f-c6f04aa59b8b	a93f2e2b-4003-4a20-b9ea-0615e67f1c35	allowed-protocol-mapper-types	saml-user-property-mapper
5b717f44-d030-4fa6-99d5-72d090e3b0ec	a93f2e2b-4003-4a20-b9ea-0615e67f1c35	allowed-protocol-mapper-types	oidc-full-name-mapper
7f935bc5-9a41-49fa-bd31-c82815b8c523	a93f2e2b-4003-4a20-b9ea-0615e67f1c35	allowed-protocol-mapper-types	oidc-usermodel-property-mapper
9234bf38-389b-47fe-9793-7e86ca3a4d15	a93f2e2b-4003-4a20-b9ea-0615e67f1c35	allowed-protocol-mapper-types	oidc-address-mapper
8c893286-72af-4123-9b54-5474df974d97	a93f2e2b-4003-4a20-b9ea-0615e67f1c35	allowed-protocol-mapper-types	oidc-usermodel-attribute-mapper
a5f6d4ba-e5b1-4867-856b-50147bd8e28b	a93f2e2b-4003-4a20-b9ea-0615e67f1c35	allowed-protocol-mapper-types	saml-role-list-mapper
f91b46de-23c2-42a0-ad84-ac841fd89615	a93f2e2b-4003-4a20-b9ea-0615e67f1c35	allowed-protocol-mapper-types	oidc-sha256-pairwise-sub-mapper
990d7643-cf85-4eba-b883-05ebea01e3ee	a93f2e2b-4003-4a20-b9ea-0615e67f1c35	allowed-protocol-mapper-types	saml-user-attribute-mapper
0c843da2-c690-4a7c-a463-e1ad336cf42f	a47f79b9-10dc-4fb7-84cd-132ad0a001ad	allowed-protocol-mapper-types	oidc-usermodel-property-mapper
b072b884-000a-4557-a653-deb356f56525	a47f79b9-10dc-4fb7-84cd-132ad0a001ad	allowed-protocol-mapper-types	oidc-usermodel-attribute-mapper
1e1238f4-5f73-4b58-97bb-d6d023cbe519	a47f79b9-10dc-4fb7-84cd-132ad0a001ad	allowed-protocol-mapper-types	oidc-address-mapper
effe40eb-5e7d-401c-8280-705a25460113	a47f79b9-10dc-4fb7-84cd-132ad0a001ad	allowed-protocol-mapper-types	saml-user-attribute-mapper
52a008c5-4222-4460-8799-b1775f3c62c1	a47f79b9-10dc-4fb7-84cd-132ad0a001ad	allowed-protocol-mapper-types	oidc-sha256-pairwise-sub-mapper
5ebbe429-9efa-45b7-af16-66c019f5a6bd	a47f79b9-10dc-4fb7-84cd-132ad0a001ad	allowed-protocol-mapper-types	saml-user-property-mapper
3763c72e-39d3-4d0c-9429-6b7e09acee4c	a47f79b9-10dc-4fb7-84cd-132ad0a001ad	allowed-protocol-mapper-types	saml-role-list-mapper
92643124-0ca4-45fe-b1d5-568547132ea4	a47f79b9-10dc-4fb7-84cd-132ad0a001ad	allowed-protocol-mapper-types	oidc-full-name-mapper
1846cc98-b9d5-488d-a41b-b9e3bf371f3f	8bcbe761-c398-46ee-8a81-8fa315c89cc5	host-sending-registration-request-must-match	true
96cfb9d7-118f-477a-92c6-8855bf055c8e	8bcbe761-c398-46ee-8a81-8fa315c89cc5	client-uris-must-match	true
ae4fb18a-2f70-48fb-87ca-f587dcc998e2	0b5c7315-70ee-479b-a49b-b094578d819f	max-clients	200
900b0ff7-8c38-47c0-a412-35a9827f8917	91cbf992-286c-45c4-8b1a-be015e947b35	allow-default-scopes	true
0c10dfd5-f3a1-46e5-9e91-0d7a75824372	ec0f646b-3dca-4518-9676-a0f189e66bdc	allow-default-scopes	true
06314398-6d0a-40db-9f5b-917b5f0e5d6c	dfa2ac82-df4d-42d2-bb13-71175a0bc6ed	certificate	MIICmzCCAYMCBgGLuN+XbDANBgkqhkiG9w0BAQsFADARMQ8wDQYDVQQDDAZtYXN0ZXIwHhcNMjMxMTEwMTA1NDAyWhcNMzMxMTEwMTA1NTQyWjARMQ8wDQYDVQQDDAZtYXN0ZXIwggEiMA0GCSqGSIb3DQEBAQUAA4IBDwAwggEKAoIBAQDQRDEKL1AQ4Jm3pQi4RR6cN8nlm0hhOVlFKIQ/2xwgwyRVFfk8tmTPj22hQcRvcGqNddCyL1q0j4UnbcArWPM6lfyyqXFjT3ZoY1wKM6i9X/ojXolKzdJyUKimQO+3yT0Md/08n0aPGBQocuP4lxuLO8ICS/r5iGi8hW7sAusELpl0ot/cPtdTAFGqMOl1gK6XBmTvWQ7QGhRzqz9PUR28lYJjHQQEZ0KbQMkKLlJAZHe2HdvXCSUr42i1fc6lccmjN+wWuLiu7KZhE2ZaGRiz1/7zSwunw1KHQCShVtDt96Kfy7C8brl0sqqiOfRYv9/KlKbR8RnnUru+GfjjLO2XAgMBAAEwDQYJKoZIhvcNAQELBQADggEBAHmyrAPcUhC2qjiCi6hNunXI09omBQn4z5EY+5aIy+Fusp+iTctW3m21SAh6GWRproYgrZQ26eo5xwlgfhQpPzsYV0pXcAm56x3GIfydp5F3BCUorXF9tcl6NB/Fa1RZXjNtnUW5CZncnVqoTRioGWKuI8wkQrmKA6HP/evyMFv8qfIYnjnuC74RltsCfG5m/CfP3WzTT2wAofBWYig1YtRpB+6A/sD0Ya4R/bN4ftabLvfwfz6ZlM8VD7H1hgLkFDAPxQRKtuNg7+1tA6ql72S0gs2Z7vmA/NIVPOeXO3lxj2kkCWuJ7uSD9LnyCE5v32nclC7REWu92fyvulzLCeM=
d9a59989-04fd-4121-83d1-f35bfa3e4a19	dfa2ac82-df4d-42d2-bb13-71175a0bc6ed	keyUse	SIG
468adcc9-4e65-456a-995f-8dc03475aa96	dfa2ac82-df4d-42d2-bb13-71175a0bc6ed	priority	100
49542e4c-27b3-49c4-a23c-a88caa931795	dfa2ac82-df4d-42d2-bb13-71175a0bc6ed	privateKey	MIIEowIBAAKCAQEA0EQxCi9QEOCZt6UIuEUenDfJ5ZtIYTlZRSiEP9scIMMkVRX5PLZkz49toUHEb3BqjXXQsi9atI+FJ23AK1jzOpX8sqlxY092aGNcCjOovV/6I16JSs3SclCopkDvt8k9DHf9PJ9GjxgUKHLj+JcbizvCAkv6+YhovIVu7ALrBC6ZdKLf3D7XUwBRqjDpdYCulwZk71kO0BoUc6s/T1EdvJWCYx0EBGdCm0DJCi5SQGR3th3b1wklK+NotX3OpXHJozfsFri4ruymYRNmWhkYs9f+80sLp8NSh0AkoVbQ7fein8uwvG65dLKqojn0WL/fypSm0fEZ51K7vhn44yztlwIDAQABAoIBAEZPTzL+CAy6loqOF6SGCTB6ERoH02anQsD7TbJ1GUjiOGjVM0BQ3zXHWR6Aon1wuTgqlxsgq4GbljtabO71Z5/WtOnoFFSPpgzVxmPXTtcoCL1aFAWB+NMI8fa2o3crZAXKmF6X8u0qFtwU9WueL/lQYk3+Mqt9ZsaGUY0x6v+M098vXayd0UdTkbjykYAPogMWncmRMvFV3zjq68hbIBp/OjP/sYrjM/ia41dstt+I6jWjUzhMoE41667W16yc+pRtvbwRMoZY3jnfQSIYOiTLHWOU7nZz+5T+p9aPfPF48xLPPk1hhbG+aXpdNknC5ljlKXFGUKPBx7xId+iXUJECgYEA7ab0ttAb7+JOTeBQt8axpzP02+u9ydl7RTnoWjDcCka65mrMu8ae1ON7BtWw3Ba0nOlhYVjlhMOZsmXa2dVoOycRAwthaN4HSROJyZnBfe4xI4WmaRw4vlJzGd64L1U+EyCJkrUh//SvZJbaK3ACHe4YulpKUW4tmQxclvvM/NkCgYEA4Fhxq7bynv6xGaO2ZVOqVmrlAFb8DT6gYGqNjtJzc2iIRrQVNTldqwhl8WLsHprldt6VYgxg67X7Z0Zist3MfwWbdZVSTnHB/Id6R/sd5i113XHxlD1FwafqECZO8EQEf0QszYwwuQu0I7qCu2sJLF8HjdZ5vVpfuTRG9HTkd+8CgYALbR6Q95qQQxI+vk1DOMNr5ZydQk1iuhkqL+mTBIxf1hzAXVwwnxEd7T4KCxYwzsqqTLJI6uxGIN1v7WPDW3ZiebNgsRhi4WH6Sn0yezkJY/1q1s80eI3l4LL2CHZUmEWex861hg33b31LWdFtizoe1EbOFu9B0QlSNXzyKXMmqQKBgFFbAW253GYYCnU3zy8TlhPck8r5wFG1Qkd0nH0MiF1zrOem6oHwma0qUH2m1+WJWmku8pEp2APibJbZCXW/xSbTC7sqOTzFOAmxv4BW6lLMbY+ugGK3jZJaqCDPI5UxtUfJm0225vxT6DGEs1/vwtXaaEzhWCh4m3n4ITsJIMj1AoGBANzHRf4x2hkLH/qHpMXkVIVtRuMguNWvroPSu65fUHzJJnUmAk86qHmcTKpiLRORzg0lIW12vydVHf9/NUSxe55Ctjtm4F87laErwWBCjhecqRt9iS7C/Dz4CBnk9AwS8F4oiibDFwNjcVyo63bydfeouIs4So5wZ0X/tRMCDkvF
90ed1b15-837b-4048-b97f-aff6fe259792	e9be3e5a-927f-4999-bb0b-deb88f8747d8	secret	jZMoRmSAKTlKNkSess5q4bjAswELYo4VBLef_JotRD4fHRabjKBKmZUXXw2bUlWioxV1kVz-klNFmjuvr9ETBg
05bcc685-4455-46e4-9750-2ebcbbadcd0e	e9be3e5a-927f-4999-bb0b-deb88f8747d8	kid	46d9622f-c7f3-4ae9-87df-03a0c46add34
8df37fec-816d-4045-a893-1b3cca08fd14	e9be3e5a-927f-4999-bb0b-deb88f8747d8	priority	100
379a5f7f-adc9-4163-9d58-ff3a244c46d5	e9be3e5a-927f-4999-bb0b-deb88f8747d8	algorithm	HS256
83ef4aea-41d6-464d-9ae8-533b8851e0da	addfac15-1bd8-45ba-a0b3-a716959753c5	privateKey	MIIEowIBAAKCAQEAyeUgjI2c40eTdp5QlK/Pgntmj5h538Lvv0UXwaJEFbljEA+sz7ZFTgXc9QDHfHdSJhJ+v6A4LFYM2zEmHbfImoErLIfiJKIuvyqoI8fivqB/8JIkGnFyAybWOYvuYrErHxRXqiysLyjhD3imLppwKkkNyj/LqRjbv6UMAaMJVelcJkayxFVe57dIY/XldKlWYksgmPyPp9iAtRmZ0EEwNeZ87J+oqDCyxV3fvlEBJ4rXqgBWqHsrQ6RmaFyX558sxMHbghmZ0WAtcOIV0KIv2xjlswRq4KdHmBMBZSxvpj2A74t5cYC891lgG/pR+b39Cq66FEp4IKo3SnpJb4B5YwIDAQABAoIBAAFtAlKrygYFjTeNvQDyeuiE1D/DB71PpEokA/EZ+G7KLTZsUz/w8sKvIj/YCRCfy8SOuzbBkWlSvurUs9xgM2T6m4zyyriP1/0BS/MGEtuzc3kwobD5cyDYPIlnK8BRAv5zB37MAPf2SxyaXAYWkMs4/TAb95ASp7P4nOyYCQACei28BXzq8+2vQ/GeGO9C1IgDIvBIw10IR0jda6TYaw9ThbP5NNlYGnYUnJC3GXNx0pgDAC8c5v4plxxJ5ZOIu7nes5XBfH+AFpJl92eoq0RMyEa1EoxmJiSejCZW4IcqBx5fkbU4xsWhZarsfpaEhaiXektFLgHziN9ppq/rBSkCgYEA63k3QpAIt7/aYztUqpkxF+NzKGBxc+P+Rb+xk5fc8FP6ZpIDGKn7DVaV6INrJtfWc1Iftb44njQ81JJi8tf7cTC8vcqfX4GFaavxXF9x74KABTVQsWYf+E5LWbSeDsCpKWYdMZk1TIeU4DMzNJmjVp713tcrsNyhOdzEnmfPxhkCgYEA236UhhYAxuI/XuihSxFvsYnQKTckJb33Xr1WCw0fQTjmcqJh2JuBQQhqIdLSN6vU0fOeg+foVbZ90eE3wrDivHFl76W9A6cy8lSjB0UVMJl4BEPNBr8BbsJwHTJuXwe/4a+VgcLS9K66p72LjmN0P9jjDGvH4LqQDB1+q4t+UtsCgYBySSLI659Pj44vG1y8cB2juoDp1+U4mi+PKrrFJ6/T9O5TWgqmrdlrX9riPuaCs78huXoqe2h/YFsl0Oa1dp5TEZSJiQ5RDEv0Pb+nVau201/PJ1FCyI47tcRchY0xG9D+htEkgXec7TEUn8T6gpcEM6KhxU0vSeX2b2/+ceQmAQKBgDMJuPGA1kdovoGMKE0zTbyDpiKfTslz5bxi3EoPkA/zcip/ta7PYfvEQCGDSxxk2UTEmDxlxXGA0Lrn2rZruR1GZQSXjl72FvOgWJRNLQMy/GRJe7gw291sWvN/EYkJXUXWNTaKHdGFe6ObgILof1SFUy5FNaH835fhl929vu73AoGBAOrdrvBsylzLNzm2hywnZpgORzYIFME+irI2ZsIugL44IO+MLnepjcqvMr0d0vqmNkyNcYGWAHcQQPeHezXA9CPIGDU0XmYxQ8X+ZY/9dASs0Db4rLlOehz26MoAoy96f5a17KxHlDca6IgdVBz3aa4TRzVC8Mbi3FAydpDhFdHj
e1322b95-befb-43d6-b7c7-db899e31b872	addfac15-1bd8-45ba-a0b3-a716959753c5	algorithm	RSA-OAEP
bfd5ba52-29c9-471c-823c-c446d2fb0f34	addfac15-1bd8-45ba-a0b3-a716959753c5	certificate	MIICmzCCAYMCBgGLuN+ZrTANBgkqhkiG9w0BAQsFADARMQ8wDQYDVQQDDAZtYXN0ZXIwHhcNMjMxMTEwMTA1NDAzWhcNMzMxMTEwMTA1NTQzWjARMQ8wDQYDVQQDDAZtYXN0ZXIwggEiMA0GCSqGSIb3DQEBAQUAA4IBDwAwggEKAoIBAQDJ5SCMjZzjR5N2nlCUr8+Ce2aPmHnfwu+/RRfBokQVuWMQD6zPtkVOBdz1AMd8d1ImEn6/oDgsVgzbMSYdt8iagSssh+Ikoi6/Kqgjx+K+oH/wkiQacXIDJtY5i+5isSsfFFeqLKwvKOEPeKYumnAqSQ3KP8upGNu/pQwBowlV6VwmRrLEVV7nt0hj9eV0qVZiSyCY/I+n2IC1GZnQQTA15nzsn6ioMLLFXd++UQEniteqAFaoeytDpGZoXJfnnyzEwduCGZnRYC1w4hXQoi/bGOWzBGrgp0eYEwFlLG+mPYDvi3lxgLz3WWAb+lH5vf0KrroUSnggqjdKeklvgHljAgMBAAEwDQYJKoZIhvcNAQELBQADggEBAAMLcGp3pephTPRGtp15Rm0IPOiUdmujVkRGn0/ZIMXoQeEowF8fZ5PkcbAX4e0gn+VTE99brxWqkE3VZ/anV/qv9eH6dxj/5I9fZP6K4X5ZrOQvIB/p255mB7URnnSPB2txHIVwT7lq/dA2q7fkAQLHonajkRIa5JAv3Ib6VM2vN9Z02qpX2hKnw3EHqsiNqLBVjCZD4eGzOnNblgfsfzngGhXpBI4CG/fpC3MHCquL2O3RZWlHYMueipx3pqDv+E8ZW0aOzEVUtk7sNL67aqYPNYgs9A2qUMtsP5GR478Jk5hC1D0ljmLU8ZqSotgmKpRv3tIKE8SnwhUc8qyAp6w=
549a86db-c52e-4333-ad01-2790504db6e2	addfac15-1bd8-45ba-a0b3-a716959753c5	keyUse	ENC
6810b3d3-ec92-49e4-bcff-58db7122a6bd	addfac15-1bd8-45ba-a0b3-a716959753c5	priority	100
fa5b49e4-be73-420b-8d55-5ebe0f6ca014	dee92e36-4f52-4aeb-80bc-8d4fa8c5ffd3	secret	9kv_ZOpvqRMjta5evxcZZQ
5d7ecb31-b0f3-45fa-85e4-d65c8004b4bd	dee92e36-4f52-4aeb-80bc-8d4fa8c5ffd3	kid	a7058520-9b4c-4249-ad0a-6b2aca38d435
efac1eb7-29fc-4f86-9a73-dc47d232bb83	dee92e36-4f52-4aeb-80bc-8d4fa8c5ffd3	priority	100
6ac4d368-f15e-4a69-9211-528910ca05f9	390b75fd-272d-4368-b63b-74376e8d6f73	certificate	MIICqzCCAZMCBgGLvp3yjDANBgkqhkiG9w0BAQsFADAZMRcwFQYDVQQDDA5qZW5qZXRzdS1yZWFsbTAeFw0yMzExMTExMzQwMDRaFw0zMzExMTExMzQxNDRaMBkxFzAVBgNVBAMMDmplbmpldHN1LXJlYWxtMIIBIjANBgkqhkiG9w0BAQEFAAOCAQ8AMIIBCgKCAQEAtF0ez89F0JPwkekXR+SZAP57ymMtEQYNR8t9Ek6cEjRTPCJ6RTU10PSALAtxE9qIY5jkyaiRYtrJw7PMvg6IKlNZIQDZ2hgNnwomgRRELT2oRgHzLxCOG7dAe3niuE0WU8yx4whwXs6iysE1XQ8EEa4SXxUdfR2TkyTU3yw7HW33ymTBwl57RkNf8MNJAbRU9kel9ET3hB7LZ+fy3CPMAF5Rx0i9/+v/hdcDki89SYQUeJ7mFC5y65GUClorrOUhCSuU757BrTJmItH32jMhtm5pkt/22Cj8PrSPTKicVei+e7ShTJqfuGPzWEUlUPpznHOmfp77RrRmGclMt6LhhwIDAQABMA0GCSqGSIb3DQEBCwUAA4IBAQCSIAYd9EFsLFgOBrIJGJKZi8BZftTazoU6Ll97UZimNZ6yX8U+CQ6QscDDd3UtLtty1rl83eWXrTtyIfbvw4oGgv8X3cuW31OCkM+RVAN2fNoXPKmo45i+zZ/Cy5bTxllQxAVcRMTs0gEA7CCPL40VP+MZ7Y6P1X9ShIdimFi6IvXNGXn1MoWWPZ/OjDboGkJr/NOPfDdEbgQUBthz+CWfXX3W+uRUJMgHTFGN93c/peOHvQ0Zzb4RGfreWQR4TxI7ROjKRELs6eurxbPrwtDAJDpFpyq8mI3htEYZG7Ad0cdKtkwOKi6p/0wq2FuK/rXSAk8MoiAXYngGy5euieBV
1c5a0804-6b07-40b2-befe-673567d32229	390b75fd-272d-4368-b63b-74376e8d6f73	privateKey	MIIEpAIBAAKCAQEAtF0ez89F0JPwkekXR+SZAP57ymMtEQYNR8t9Ek6cEjRTPCJ6RTU10PSALAtxE9qIY5jkyaiRYtrJw7PMvg6IKlNZIQDZ2hgNnwomgRRELT2oRgHzLxCOG7dAe3niuE0WU8yx4whwXs6iysE1XQ8EEa4SXxUdfR2TkyTU3yw7HW33ymTBwl57RkNf8MNJAbRU9kel9ET3hB7LZ+fy3CPMAF5Rx0i9/+v/hdcDki89SYQUeJ7mFC5y65GUClorrOUhCSuU757BrTJmItH32jMhtm5pkt/22Cj8PrSPTKicVei+e7ShTJqfuGPzWEUlUPpznHOmfp77RrRmGclMt6LhhwIDAQABAoIBAAE5wMPYvLi2Hfm1LnCmn640tyf2PzrRDQtig+8OlFuV+hrRK9OHO7O3yvHXAhBdznTJd9ncSLX16/kQd7Zdkun2twb/t9CWPpbIvYo9q65DBP8KHwTq2oxa/8KBtDCxwBJsXv5pSETcp+6Ixua4ULwYsAyasCCcMCyHy4qDWm4mFjqHjro4P/EhPJhYsmO2eQ4TWRQ+yCHcIVjFDD3UZjVpBeAqQfOoLJnc01XFncCin0HCZMcn3jNRRBH+OKidkh+ATPc8M9dHBYt+eEaOal0zsGVSchGlIo1BrESarydpBvwxipbQzKGXSk+Vc14C0gc/f+JVSlAQFxMdKDZwMIECgYEA2307NejNiiWEhmf+hF1frbBbGPKbquew2xahf709RAfGI1TPua1NtalF4BD/0BOUklsAKCWWRyV03jkM7A4UNJeFCbN/Z7H3/swYdzXUrM23iXyq/vUopbSOaurWu9lv34hjttn/iw4ddkAxLM9nn2kEAxvCkQFwYUcOzGxUKVkCgYEA0l3DpmvIavg2MYjK3Cq7r2OVqNVJRhxHThNZB7Gxn3U0L0wSoFkPk83zUxC79qWf25K1CziSBq9sxlbh86RuxkVVy+KKa+i4ZeSDNzzhworKpsl1s556F9j3RxjXYZTlGURCSUjNOBTcAZLZjkbUuPO1HoAT/vQr/Nl+Vl8BJd8CgYBH7M3OaK+SKaE3+jQpY//KhxQTJM1mP+5wnQXnOjgtZu7C/TPlAKmKciH3vxpVMVVqcG+ouEh6oAegGsnlQOfWJCDwgOWrMWK3GGKcDgPXbMJMR5IxYl0jj/trhfFANYy3j5Y9gUqAYuu8qGR07rJiRqON8TbdFb+h4Qs0aftaYQKBgQCwOdYtsvsZCUe05UgzeiTyP3VfExWoAwaE1FZvyJ7o2vFVcd/krdcL1aqx+kHL1GF/On4poUFLEmgIGz57sVMPC4RdITEeRr06tlxpyLnDFCvB3uCYEPlswtgbmibL20S0jucMp00rXuYS92cC9jk7mwUuQNL/cKLs1XItfrbidwKBgQCkfpF7dQdpmONHWxYPtis5duYJbGhAl1jeOxWd5yvlP0FamnajF1QyJQnNavT0GqJ8I5Fdd6jw/ws0kozc2QJPRAspv2y8tRNSzadzC2cF8g9N78o5VWa0l5lDkieqPxbqTvsNDoomV1fm94rJ3TLMYuDZQdWiwGCo+e+L8oW/YA==
10a98737-3ea5-41f3-8737-92029cca6b58	390b75fd-272d-4368-b63b-74376e8d6f73	priority	100
0a496e55-ed2c-411c-ad9f-9fb558c21251	390b75fd-272d-4368-b63b-74376e8d6f73	keyUse	SIG
c0423a32-6b76-4b44-9646-9535eb58f4cf	0f142b84-40f1-4b4a-b3a7-e753a1f4bcb5	priority	100
bbfa26ee-7179-47a5-a3f5-c8c967771b3e	0f142b84-40f1-4b4a-b3a7-e753a1f4bcb5	algorithm	RSA-OAEP
2d1064b7-ae32-4628-a195-817e0fca8141	0f142b84-40f1-4b4a-b3a7-e753a1f4bcb5	keyUse	ENC
3714a5a3-0403-4ba5-ae23-0e8f9213fadd	0f142b84-40f1-4b4a-b3a7-e753a1f4bcb5	privateKey	MIIEpAIBAAKCAQEA5BNmvuf5NjsiG3Gs03B6YRxuyk7JjqZM3twE4/bkJta91xNSy7h9i8hEXF2lT1T8G45zoxNlwcqGyDpIfTG1zeg2myN9r7VPMiJvzL5+sl5EQAqUs/Mzi3rNvhtvhD+PNXG/22yTExN0JD+KBc2bb6EweA6w9bBKqlKmfe0eIQncJK269p8GlnZmXN0ZkblcDCppcmjxeHWej5or5aeKOmSf+TE/VA5n8pM1UGnmmQkNqNzL1RxM+EEeUxBJdEML2itBuENiKFBImIoCR6SvnUIYxFd+8DCw2ltVFTpmjzeUX6Ths9aptqX9FNiR9u2lLRLK1QDbhNm4U+idRfDLrwIDAQABAoIBAAKW1cvFBmc/NJvrJnMgC8OedwOE8XTVHnpJNSUBYIWwWmdeqMn3RjWYCG6kAYRtCo+lhlqLldQlYHJVdw00y0OTJ0uLk5mzDTscePhyES4lM9EmTZndYPBsbHmEBjgSIKYSrILpMKI+zkq7De4S73jM86fpQskHP1G/rnQvhPALDx9qSS0xtUtrQTC3MZg35u+cIelLa3NE5btvvQONtDJVFXU1+UgbtrxD2xx1h6luWaU8X3hyb9ihLxVV1MjIVTey4xMp8arO0ecbr8i3tsYDZLBsAwDQBuPqLeoe0YeLILa7fMJrMXpOzpLeJ0rdUd/V4JlhXydlxZyHnt+MAIECgYEA+gF5x7kWqmegWOggXPAL2tOtS+NEseLwdOxYxxwwwXbhHokUEip3Q2Bf2sgqawIbxw7vl8WF2Vai1F+5MYtDcMLOn0coc8Z71R1KABSEVCVsjH4MEglpCx4h7BZHpcWV6RWwCFnqeK0xVVS4id2TNwmXRjVi8Q+32qDWG9YVALkCgYEA6YtSBrAnKN7RtsGuLbGty7YOfAktoGEZdpkddCugKRhoDQkVb+MN6ATr/5XKc7BilTIBmwEq/vaY4dugr8j1SH/tkpirKU5kuQL2ETNMk03MXCqGzlaY9DT5eAhUmA+ZUpAUrgdbtgaa47u+8boswbK1LMr7UsuF/fCVdrZwa6cCgYAMswB9nbBCDat+eKQUNHlVr0TxQuUdaBqwxcSosIzlduVuiKYFWjTerkmQMnS9JMlGbkLLYdQvuw/gW9BrbNiLJMocGyA56U4nACrfICusno4KAOkaDXJRh0FP3b3b9NJtmZVshyy63olP/VK2ZhPxSsJtZY7WEedT6rGVjmVYuQKBgQDg/A1eUg63ichgFj+U14mFKPLVPQZObZxZK3I7eteFH3UFsc2MByFbdnpfs07gmniuIAl56OshyjBHzQwErETXvh4BTr/9P/86WIby1QedFKKd234Yg0ZAZFQ79VKBVu2uowy5Bm+scLqAT1rIhkEdrOpqp3TsMxL3KvDh9ylgGwKBgQCudJLQ1fcfG5LOsryefuL9EB9S0Z5QhV9gw6FPYjOrIT5POBjos6w7/umSpJXEsPTyrP2nFB6SY2Ozp1G1U32EcDAk8Bl18UNHIAV6Kys71fTNILWw2nup6WJKGqtCl5jluhZP5aWHgOr2+Wt65LRl5vMY/Kad5x7ZOncLx/YQIg==
39336959-3b53-48db-84e7-c9299e64228e	0f142b84-40f1-4b4a-b3a7-e753a1f4bcb5	certificate	MIICqzCCAZMCBgGLvp3zTTANBgkqhkiG9w0BAQsFADAZMRcwFQYDVQQDDA5qZW5qZXRzdS1yZWFsbTAeFw0yMzExMTExMzQwMDRaFw0zMzExMTExMzQxNDRaMBkxFzAVBgNVBAMMDmplbmpldHN1LXJlYWxtMIIBIjANBgkqhkiG9w0BAQEFAAOCAQ8AMIIBCgKCAQEA5BNmvuf5NjsiG3Gs03B6YRxuyk7JjqZM3twE4/bkJta91xNSy7h9i8hEXF2lT1T8G45zoxNlwcqGyDpIfTG1zeg2myN9r7VPMiJvzL5+sl5EQAqUs/Mzi3rNvhtvhD+PNXG/22yTExN0JD+KBc2bb6EweA6w9bBKqlKmfe0eIQncJK269p8GlnZmXN0ZkblcDCppcmjxeHWej5or5aeKOmSf+TE/VA5n8pM1UGnmmQkNqNzL1RxM+EEeUxBJdEML2itBuENiKFBImIoCR6SvnUIYxFd+8DCw2ltVFTpmjzeUX6Ths9aptqX9FNiR9u2lLRLK1QDbhNm4U+idRfDLrwIDAQABMA0GCSqGSIb3DQEBCwUAA4IBAQDWAokCfYKeAXnSUr2UTZQpsw8WELP25mJt7vnBXh6STKzNkZburXQ0IR2ZhGLPZvDKQN4P7h/GDTH0HfI8jmrGsxBAkCZpnISHuJKfqiLJRucPGmQk0KEvVZcZP9L6JcvHlyAf7ySZPC8sn05MHLkdZ8g1S0L6rExxC8QCw2xn4KbANRh9weq2tJBzPHepZu+FzF+le5rg8PE7FTtnnMDoH/5ZUOb7fKcxxyjybmzOw6G16aRjlSFkhJRvyYBV7OdxVhtyAtr9SLQGCUlS18HLy/0drjUfLAvE7EZLAVXnjICW9yNeThGNIAmendHZ9AQaODYDAEV5JDaftn53zHDv
6fa6c066-c53c-4e77-b23f-0f6c82893e3b	fa8da373-0cfb-4ab9-88db-e35b9a747e06	kid	946ebdd4-25f1-4efc-bcfa-b0ebab8cf01b
e93a232e-d428-4eec-a117-be0b7cbdd680	fa8da373-0cfb-4ab9-88db-e35b9a747e06	priority	100
cf31d4d6-22d6-4479-bef0-54d654a92e89	fa8da373-0cfb-4ab9-88db-e35b9a747e06	secret	NTwdsf_4LnoFfRz8mLo2mA
6078e326-6045-4543-817d-c6ba8345cb0b	1cc158d2-72b6-4f43-9e10-94fcc04c6649	kid	b26d09d3-f529-4dab-87ae-b7a9e8879521
bd7befef-4542-4ffa-bd45-5c6aa39b77a6	1cc158d2-72b6-4f43-9e10-94fcc04c6649	secret	2f_zdFEz9BOA4Q15tDPeL56k_g-aH1EXS0husWXIPXGCebXXqL6OHuu5tLgktHz4knhdn73IK6rkqS1d860exQ
eb89bc5e-3f9a-4a54-9d24-769c08bc64f0	1cc158d2-72b6-4f43-9e10-94fcc04c6649	algorithm	HS256
b7e44a59-81ac-46b5-9198-041d35309b4e	1cc158d2-72b6-4f43-9e10-94fcc04c6649	priority	100
c505e8fa-643d-4c1e-80d8-47092d71d351	2519434f-658e-4966-8e1d-2a979588aef3	allow-default-scopes	true
a23ed243-d611-4040-a500-2d4dd4e0ec7a	2e9f8eae-cbd4-4031-89ae-80aca5564327	client-uris-must-match	true
67944104-ddd8-4857-838e-7c32e4ed8d06	2e9f8eae-cbd4-4031-89ae-80aca5564327	host-sending-registration-request-must-match	true
afd170ea-3190-442d-b523-8fd16cf44345	bd0c4b65-4caf-47f1-a9f7-ab095a207fea	allowed-protocol-mapper-types	saml-user-attribute-mapper
d0535e0b-118e-4ffd-bcdc-22fccc28694a	bd0c4b65-4caf-47f1-a9f7-ab095a207fea	allowed-protocol-mapper-types	oidc-usermodel-property-mapper
0be0c27d-dbca-4e7f-bd62-193bb48c0a28	bd0c4b65-4caf-47f1-a9f7-ab095a207fea	allowed-protocol-mapper-types	oidc-address-mapper
ae20ee73-18bd-4e02-a4ef-dde0f3832143	bd0c4b65-4caf-47f1-a9f7-ab095a207fea	allowed-protocol-mapper-types	saml-role-list-mapper
f976f40a-628d-4ee0-a603-113818d9c30d	bd0c4b65-4caf-47f1-a9f7-ab095a207fea	allowed-protocol-mapper-types	oidc-usermodel-attribute-mapper
1f131156-4608-479f-b86d-9cb8e293f075	bd0c4b65-4caf-47f1-a9f7-ab095a207fea	allowed-protocol-mapper-types	oidc-sha256-pairwise-sub-mapper
e2302a6e-2377-43b1-849b-d036c764184e	bd0c4b65-4caf-47f1-a9f7-ab095a207fea	allowed-protocol-mapper-types	saml-user-property-mapper
24356ed9-125c-48ad-a319-98f15bd4df5d	bd0c4b65-4caf-47f1-a9f7-ab095a207fea	allowed-protocol-mapper-types	oidc-full-name-mapper
c02bda1f-ac0a-4ffe-b3ce-774f85513b6b	c96baa2e-38ce-4106-a180-1d354fb6df42	allow-default-scopes	true
d96bcfd7-391e-4b15-a53c-769a6a21cea0	e5adb948-33e4-4eda-ac94-7b9b5d2595ee	allowed-protocol-mapper-types	saml-user-attribute-mapper
84f2706a-671f-4b34-960c-3157bac40e2f	e5adb948-33e4-4eda-ac94-7b9b5d2595ee	allowed-protocol-mapper-types	oidc-usermodel-property-mapper
f46572af-84f0-4c97-8dae-01ddf3cbf1fb	e5adb948-33e4-4eda-ac94-7b9b5d2595ee	allowed-protocol-mapper-types	saml-role-list-mapper
cbaafe56-4b19-412a-8844-b37d6c58e10b	e5adb948-33e4-4eda-ac94-7b9b5d2595ee	allowed-protocol-mapper-types	saml-user-property-mapper
6c0a933d-ecd5-4abd-a583-bcfe3df909b5	e5adb948-33e4-4eda-ac94-7b9b5d2595ee	allowed-protocol-mapper-types	oidc-usermodel-attribute-mapper
abfc122f-6feb-4342-9e1e-a90757c16997	e5adb948-33e4-4eda-ac94-7b9b5d2595ee	allowed-protocol-mapper-types	oidc-full-name-mapper
0c47b9d6-8420-45df-b37f-bc84d73c47e6	e5adb948-33e4-4eda-ac94-7b9b5d2595ee	allowed-protocol-mapper-types	oidc-sha256-pairwise-sub-mapper
6c1337d8-636f-41f9-9d9d-153d9ca168ae	e5adb948-33e4-4eda-ac94-7b9b5d2595ee	allowed-protocol-mapper-types	oidc-address-mapper
6069302a-82bf-4380-acf8-4288aa4feb4e	dd579fad-6a95-4069-ab12-891094f237ec	max-clients	200
\.


--
-- Data for Name: composite_role; Type: TABLE DATA; Schema: keycloak; Owner: keycloak_user
--

COPY keycloak.composite_role (composite, child_role) FROM stdin;
ce63dab4-15c2-4282-81f4-bb6fe59796dd	00b9018a-570a-4c84-b2b9-edc121a49955
ce63dab4-15c2-4282-81f4-bb6fe59796dd	fd069660-9962-4c3a-8b54-3f0597cc185c
ce63dab4-15c2-4282-81f4-bb6fe59796dd	4b4b045b-39d8-4c24-b216-6e291da4e504
ce63dab4-15c2-4282-81f4-bb6fe59796dd	9e9e6d80-e273-4b6b-abb2-72b96fed7a22
ce63dab4-15c2-4282-81f4-bb6fe59796dd	48aada44-7ad2-462d-bac4-45bed126fa14
ce63dab4-15c2-4282-81f4-bb6fe59796dd	15c88110-0376-4c15-a71b-1310b5a98d5b
ce63dab4-15c2-4282-81f4-bb6fe59796dd	a61dbe1d-74c5-44a9-ab4e-c1e44e55669d
ce63dab4-15c2-4282-81f4-bb6fe59796dd	08663364-676a-468a-90ab-3e5e785074ac
ce63dab4-15c2-4282-81f4-bb6fe59796dd	5efdc697-69b4-42d2-814a-7df2fadbdd88
ce63dab4-15c2-4282-81f4-bb6fe59796dd	4e601b60-feb8-42c5-87f9-d4e4df873834
ce63dab4-15c2-4282-81f4-bb6fe59796dd	565f9606-e33b-4b4a-a595-7e1de0ff67f3
ce63dab4-15c2-4282-81f4-bb6fe59796dd	86ed8eae-cc75-4c2c-974a-ec1b62cdd3b2
ce63dab4-15c2-4282-81f4-bb6fe59796dd	7c0b26ae-a206-4bd5-b05b-79bb6084eb61
ce63dab4-15c2-4282-81f4-bb6fe59796dd	7bdf4078-47c8-4b29-9926-61608ffef40b
ce63dab4-15c2-4282-81f4-bb6fe59796dd	41ec3412-de66-44ff-8dd7-a6d089f04b55
ce63dab4-15c2-4282-81f4-bb6fe59796dd	0cfab922-4086-4887-8d7b-b8c5e8d85e61
ce63dab4-15c2-4282-81f4-bb6fe59796dd	4ae3b059-3dd9-4ee5-87f9-f142c7d14e43
ce63dab4-15c2-4282-81f4-bb6fe59796dd	81d4154c-6a89-40a9-aa45-a2ed7082457a
48aada44-7ad2-462d-bac4-45bed126fa14	0cfab922-4086-4887-8d7b-b8c5e8d85e61
8e710204-f697-4e3a-a36a-ce793c03feb4	4b4904a5-095e-4cf0-aaba-e418ec592ac1
9e9e6d80-e273-4b6b-abb2-72b96fed7a22	41ec3412-de66-44ff-8dd7-a6d089f04b55
9e9e6d80-e273-4b6b-abb2-72b96fed7a22	81d4154c-6a89-40a9-aa45-a2ed7082457a
8e710204-f697-4e3a-a36a-ce793c03feb4	a00b6675-88d8-4439-b6e9-7eb4f0b9c260
a00b6675-88d8-4439-b6e9-7eb4f0b9c260	990a52b2-7c07-4a00-bc7e-22d2a5d2b261
b528981f-da87-45a8-afb7-feb6e5ab00bb	3363188e-a249-4e46-89cf-52dc0e7a51ba
ce63dab4-15c2-4282-81f4-bb6fe59796dd	3f0a8e45-7b37-4e8c-9a81-e9118a58e208
8e710204-f697-4e3a-a36a-ce793c03feb4	79c6fce3-4a7c-4a2c-be1b-cd1d137f348b
8e710204-f697-4e3a-a36a-ce793c03feb4	c718c409-7311-4f31-8f58-3b3d0f188d9a
ce63dab4-15c2-4282-81f4-bb6fe59796dd	20ef7630-3baf-4f89-8091-7cb0bc0d2fdc
ce63dab4-15c2-4282-81f4-bb6fe59796dd	580a89ee-5dfc-4208-a1a1-04d629467df5
ce63dab4-15c2-4282-81f4-bb6fe59796dd	3c4dc751-522b-4a48-8675-c8fcb0c21003
ce63dab4-15c2-4282-81f4-bb6fe59796dd	1d4eaa64-a528-47d9-99ac-44f1496b6ee2
ce63dab4-15c2-4282-81f4-bb6fe59796dd	f174841b-d90f-47b2-a232-2d3e7c904d5e
ce63dab4-15c2-4282-81f4-bb6fe59796dd	7ce6724d-8188-48c4-b27a-213d21827425
ce63dab4-15c2-4282-81f4-bb6fe59796dd	0094fc7b-8ce5-4a4c-b266-4e0e59cc840e
ce63dab4-15c2-4282-81f4-bb6fe59796dd	2798e819-d327-46e2-8843-2141bd44f2dc
ce63dab4-15c2-4282-81f4-bb6fe59796dd	649e141f-ecb9-4532-9f38-866560313a7a
ce63dab4-15c2-4282-81f4-bb6fe59796dd	5fda429f-075d-4804-95f4-964cc0c71831
ce63dab4-15c2-4282-81f4-bb6fe59796dd	0008fdd2-df3c-45a2-9818-aaeb14e32e8d
ce63dab4-15c2-4282-81f4-bb6fe59796dd	025e21f3-4430-444c-abde-d671a85b9bf9
ce63dab4-15c2-4282-81f4-bb6fe59796dd	1c6e4bef-59bd-4bff-ae79-de0309b71d34
ce63dab4-15c2-4282-81f4-bb6fe59796dd	f83a5ae2-f4f5-48f5-9cdb-687a299714e6
ce63dab4-15c2-4282-81f4-bb6fe59796dd	8d61e8c7-9510-4602-a30e-9355310e6481
ce63dab4-15c2-4282-81f4-bb6fe59796dd	e8a0557c-b647-40c6-b29f-6b6444aed032
ce63dab4-15c2-4282-81f4-bb6fe59796dd	de246b83-541e-4285-aea7-224ba76dae10
1d4eaa64-a528-47d9-99ac-44f1496b6ee2	8d61e8c7-9510-4602-a30e-9355310e6481
3c4dc751-522b-4a48-8675-c8fcb0c21003	f83a5ae2-f4f5-48f5-9cdb-687a299714e6
3c4dc751-522b-4a48-8675-c8fcb0c21003	de246b83-541e-4285-aea7-224ba76dae10
7b4c6229-bc11-450e-83ab-5fe45b8d092d	cffc8d2c-2ec5-4aad-9b2b-f345404c32ba
7b4c6229-bc11-450e-83ab-5fe45b8d092d	8580492e-248a-4be9-8d99-0d64884a1759
7b4c6229-bc11-450e-83ab-5fe45b8d092d	1dcd79f4-4a57-499d-bb3a-710fdfd405ba
7b4c6229-bc11-450e-83ab-5fe45b8d092d	15f0adbd-7e37-45f6-bd0a-d26f872f6c7e
7b4c6229-bc11-450e-83ab-5fe45b8d092d	4b828409-22ff-43e9-b26f-5312ace41cbf
7b4c6229-bc11-450e-83ab-5fe45b8d092d	353ae407-0315-4802-95d3-cef9eeb61e44
7b4c6229-bc11-450e-83ab-5fe45b8d092d	3f67ef26-db08-41cd-a0d0-3fa204c55a38
7b4c6229-bc11-450e-83ab-5fe45b8d092d	ad7f0c59-c5d3-4302-a986-a28d9f393929
7b4c6229-bc11-450e-83ab-5fe45b8d092d	da0cdc1e-47cb-42df-a7f0-7338b879a778
7b4c6229-bc11-450e-83ab-5fe45b8d092d	f33e887e-8169-4084-b76f-ea9549a9a91c
7b4c6229-bc11-450e-83ab-5fe45b8d092d	e8acf963-803f-48ca-9446-0241a3178457
7b4c6229-bc11-450e-83ab-5fe45b8d092d	22d8c58d-299d-4cad-8e2a-210adbf5abd1
7b4c6229-bc11-450e-83ab-5fe45b8d092d	56cf3548-1984-471c-9a09-940c8d6e2c4d
7b4c6229-bc11-450e-83ab-5fe45b8d092d	030100aa-073f-4908-9c77-15d6e180324a
7b4c6229-bc11-450e-83ab-5fe45b8d092d	c30fe70e-ef86-421a-a134-615d18ff7893
7b4c6229-bc11-450e-83ab-5fe45b8d092d	1a4bb456-95ee-4800-92bb-b9d0da98aa0a
7b4c6229-bc11-450e-83ab-5fe45b8d092d	a2fccca7-11bc-414f-a9d1-3631d68cbb3f
15f0adbd-7e37-45f6-bd0a-d26f872f6c7e	c30fe70e-ef86-421a-a134-615d18ff7893
1dcd79f4-4a57-499d-bb3a-710fdfd405ba	030100aa-073f-4908-9c77-15d6e180324a
1dcd79f4-4a57-499d-bb3a-710fdfd405ba	a2fccca7-11bc-414f-a9d1-3631d68cbb3f
ee80ba20-3aa5-4a0f-81a9-0225009268cf	1a087160-4da7-4fdf-9af7-cc75a6742df4
ee80ba20-3aa5-4a0f-81a9-0225009268cf	c576f994-24b5-4930-9bee-940fdae47c6f
c576f994-24b5-4930-9bee-940fdae47c6f	4c41bb78-30f7-4dde-a9d5-966ce3a51a7c
d74e350c-3c27-42b8-9796-480d0cd019e6	7bba0a84-2a3e-49c7-959a-47990f6dea01
ce63dab4-15c2-4282-81f4-bb6fe59796dd	e302d90e-9864-4b41-96ac-e8329fd229fa
7b4c6229-bc11-450e-83ab-5fe45b8d092d	fdbde103-cd1d-4798-88da-80a37e931841
ee80ba20-3aa5-4a0f-81a9-0225009268cf	27de7004-2d5b-4914-ab75-e7361d8645e0
ee80ba20-3aa5-4a0f-81a9-0225009268cf	cd93cb14-0a0a-49f1-8281-a456f0c90ee7
\.


--
-- Data for Name: credential; Type: TABLE DATA; Schema: keycloak; Owner: keycloak_user
--

COPY keycloak.credential (id, salt, type, user_id, created_date, user_label, secret_data, credential_data, priority) FROM stdin;
d922bd25-81b3-42f7-854f-08e966b8237e	\N	password	eed19d8f-7f23-42d0-a6e0-9c2aaf58b6bb	1699614243424	\N	{"value":"97+lfBSRa8K8vm1VmKLQXdLJa7v6UmK+H8BLoufnD1U=","salt":"ZFKVN/HxtBf3FFNnsGMxBA==","additionalParameters":{}}	{"hashIterations":27500,"algorithm":"pbkdf2-sha256","additionalParameters":{}}	10
d6425c4e-436c-4f8b-82ef-bf0326b1511e	\N	password	f3b7fe08-13b5-4eff-b128-7bbd768b2d2e	1699711602731	My password	{"value":"HF15AGlZF6+4i/eqDQN2T2IFQjlqYOXsXUoDL4tOWcs=","salt":"xdGWFDHSk82wOfgYT4xErg==","additionalParameters":{}}	{"hashIterations":27500,"algorithm":"pbkdf2-sha256","additionalParameters":{}}	10
33c7a79e-69dd-427b-a9ba-92f6d323b899	\N	password	3d52e348-29c0-4abb-9db8-a39860c6cd1a	1699828804917	My password	{"value":"h9k+M7WiCX8c2KM8jsBN3bgp+YZPLetZojF47gkedbY=","salt":"KbF0MEenAHqANZZbXCS9YA==","additionalParameters":{}}	{"hashIterations":27500,"algorithm":"pbkdf2-sha256","additionalParameters":{}}	10
5191dd01-dd98-4166-8631-b407d552b047	\N	password	58e7500d-888a-4a07-b04f-df3361059a65	1699829495428	My password	{"value":"9subJlZgMdrNjy6Xykcfg9d+FVEYJd+O81Trj275WhE=","salt":"xIj8YX8uqOUFjnwk//5KNg==","additionalParameters":{}}	{"hashIterations":27500,"algorithm":"pbkdf2-sha256","additionalParameters":{}}	10
1260d7cb-4e2a-4fbc-814e-b89618f579dd	\N	password	71334133-ecd8-41d6-a11e-4f2403b34bcb	1700206821188	My password	{"value":"sdJOJrbNU6hnVHa/FDfbaWg1eKhpGs/l52tsxDtid8g=","salt":"DIcwDrIJwIZ9LFmkcFepZw==","additionalParameters":{}}	{"hashIterations":27500,"algorithm":"pbkdf2-sha256","additionalParameters":{}}	10
cf3740aa-936b-4a40-99fd-4cf8ce037e7e	\N	password	a9a7f9ce-4298-4ee9-9158-dde196c047b1	1701345702059	My password	{"value":"tlD8USIrUDRh9UVuMeZSNxDIgH/kjMIo252fCWKh9Cc=","salt":"bYNE//X1PcT/PJw2ghKbYQ==","additionalParameters":{}}	{"hashIterations":27500,"algorithm":"pbkdf2-sha256","additionalParameters":{}}	10
\.


--
-- Data for Name: databasechangelog; Type: TABLE DATA; Schema: keycloak; Owner: keycloak_user
--

COPY keycloak.databasechangelog (id, author, filename, dateexecuted, orderexecuted, exectype, md5sum, description, comments, tag, liquibase, contexts, labels, deployment_id) FROM stdin;
1.0.0.Final-KEYCLOAK-5461	sthorger@redhat.com	META-INF/jpa-changelog-1.0.0.Final.xml	2023-11-10 10:55:39.115754	1	EXECUTED	9:6f1016664e21e16d26517a4418f5e3df	createTable tableName=APPLICATION_DEFAULT_ROLES; createTable tableName=CLIENT; createTable tableName=CLIENT_SESSION; createTable tableName=CLIENT_SESSION_ROLE; createTable tableName=COMPOSITE_ROLE; createTable tableName=CREDENTIAL; createTable tab...		\N	4.23.2	\N	\N	9613738391
1.0.0.Final-KEYCLOAK-5461	sthorger@redhat.com	META-INF/db2-jpa-changelog-1.0.0.Final.xml	2023-11-10 10:55:39.160353	2	MARK_RAN	9:828775b1596a07d1200ba1d49e5e3941	createTable tableName=APPLICATION_DEFAULT_ROLES; createTable tableName=CLIENT; createTable tableName=CLIENT_SESSION; createTable tableName=CLIENT_SESSION_ROLE; createTable tableName=COMPOSITE_ROLE; createTable tableName=CREDENTIAL; createTable tab...		\N	4.23.2	\N	\N	9613738391
1.1.0.Beta1	sthorger@redhat.com	META-INF/jpa-changelog-1.1.0.Beta1.xml	2023-11-10 10:55:39.215526	3	EXECUTED	9:5f090e44a7d595883c1fb61f4b41fd38	delete tableName=CLIENT_SESSION_ROLE; delete tableName=CLIENT_SESSION; delete tableName=USER_SESSION; createTable tableName=CLIENT_ATTRIBUTES; createTable tableName=CLIENT_SESSION_NOTE; createTable tableName=APP_NODE_REGISTRATIONS; addColumn table...		\N	4.23.2	\N	\N	9613738391
1.1.0.Final	sthorger@redhat.com	META-INF/jpa-changelog-1.1.0.Final.xml	2023-11-10 10:55:39.223331	4	EXECUTED	9:c07e577387a3d2c04d1adc9aaad8730e	renameColumn newColumnName=EVENT_TIME, oldColumnName=TIME, tableName=EVENT_ENTITY		\N	4.23.2	\N	\N	9613738391
1.2.0.Beta1	psilva@redhat.com	META-INF/jpa-changelog-1.2.0.Beta1.xml	2023-11-10 10:55:39.35392	5	EXECUTED	9:b68ce996c655922dbcd2fe6b6ae72686	delete tableName=CLIENT_SESSION_ROLE; delete tableName=CLIENT_SESSION_NOTE; delete tableName=CLIENT_SESSION; delete tableName=USER_SESSION; createTable tableName=PROTOCOL_MAPPER; createTable tableName=PROTOCOL_MAPPER_CONFIG; createTable tableName=...		\N	4.23.2	\N	\N	9613738391
1.2.0.Beta1	psilva@redhat.com	META-INF/db2-jpa-changelog-1.2.0.Beta1.xml	2023-11-10 10:55:39.370609	6	MARK_RAN	9:543b5c9989f024fe35c6f6c5a97de88e	delete tableName=CLIENT_SESSION_ROLE; delete tableName=CLIENT_SESSION_NOTE; delete tableName=CLIENT_SESSION; delete tableName=USER_SESSION; createTable tableName=PROTOCOL_MAPPER; createTable tableName=PROTOCOL_MAPPER_CONFIG; createTable tableName=...		\N	4.23.2	\N	\N	9613738391
1.2.0.RC1	bburke@redhat.com	META-INF/jpa-changelog-1.2.0.CR1.xml	2023-11-10 10:55:39.483244	7	EXECUTED	9:765afebbe21cf5bbca048e632df38336	delete tableName=CLIENT_SESSION_ROLE; delete tableName=CLIENT_SESSION_NOTE; delete tableName=CLIENT_SESSION; delete tableName=USER_SESSION_NOTE; delete tableName=USER_SESSION; createTable tableName=MIGRATION_MODEL; createTable tableName=IDENTITY_P...		\N	4.23.2	\N	\N	9613738391
1.2.0.RC1	bburke@redhat.com	META-INF/db2-jpa-changelog-1.2.0.CR1.xml	2023-11-10 10:55:39.502383	8	MARK_RAN	9:db4a145ba11a6fdaefb397f6dbf829a1	delete tableName=CLIENT_SESSION_ROLE; delete tableName=CLIENT_SESSION_NOTE; delete tableName=CLIENT_SESSION; delete tableName=USER_SESSION_NOTE; delete tableName=USER_SESSION; createTable tableName=MIGRATION_MODEL; createTable tableName=IDENTITY_P...		\N	4.23.2	\N	\N	9613738391
1.2.0.Final	keycloak	META-INF/jpa-changelog-1.2.0.Final.xml	2023-11-10 10:55:39.512693	9	EXECUTED	9:9d05c7be10cdb873f8bcb41bc3a8ab23	update tableName=CLIENT; update tableName=CLIENT; update tableName=CLIENT		\N	4.23.2	\N	\N	9613738391
1.3.0	bburke@redhat.com	META-INF/jpa-changelog-1.3.0.xml	2023-11-10 10:55:39.641379	10	EXECUTED	9:18593702353128d53111f9b1ff0b82b8	delete tableName=CLIENT_SESSION_ROLE; delete tableName=CLIENT_SESSION_PROT_MAPPER; delete tableName=CLIENT_SESSION_NOTE; delete tableName=CLIENT_SESSION; delete tableName=USER_SESSION_NOTE; delete tableName=USER_SESSION; createTable tableName=ADMI...		\N	4.23.2	\N	\N	9613738391
1.4.0	bburke@redhat.com	META-INF/jpa-changelog-1.4.0.xml	2023-11-10 10:55:39.708337	11	EXECUTED	9:6122efe5f090e41a85c0f1c9e52cbb62	delete tableName=CLIENT_SESSION_AUTH_STATUS; delete tableName=CLIENT_SESSION_ROLE; delete tableName=CLIENT_SESSION_PROT_MAPPER; delete tableName=CLIENT_SESSION_NOTE; delete tableName=CLIENT_SESSION; delete tableName=USER_SESSION_NOTE; delete table...		\N	4.23.2	\N	\N	9613738391
1.4.0	bburke@redhat.com	META-INF/db2-jpa-changelog-1.4.0.xml	2023-11-10 10:55:39.719289	12	MARK_RAN	9:e1ff28bf7568451453f844c5d54bb0b5	delete tableName=CLIENT_SESSION_AUTH_STATUS; delete tableName=CLIENT_SESSION_ROLE; delete tableName=CLIENT_SESSION_PROT_MAPPER; delete tableName=CLIENT_SESSION_NOTE; delete tableName=CLIENT_SESSION; delete tableName=USER_SESSION_NOTE; delete table...		\N	4.23.2	\N	\N	9613738391
1.5.0	bburke@redhat.com	META-INF/jpa-changelog-1.5.0.xml	2023-11-10 10:55:39.738567	13	EXECUTED	9:7af32cd8957fbc069f796b61217483fd	delete tableName=CLIENT_SESSION_AUTH_STATUS; delete tableName=CLIENT_SESSION_ROLE; delete tableName=CLIENT_SESSION_PROT_MAPPER; delete tableName=CLIENT_SESSION_NOTE; delete tableName=CLIENT_SESSION; delete tableName=USER_SESSION_NOTE; delete table...		\N	4.23.2	\N	\N	9613738391
1.6.1_from15	mposolda@redhat.com	META-INF/jpa-changelog-1.6.1.xml	2023-11-10 10:55:39.769967	14	EXECUTED	9:6005e15e84714cd83226bf7879f54190	addColumn tableName=REALM; addColumn tableName=KEYCLOAK_ROLE; addColumn tableName=CLIENT; createTable tableName=OFFLINE_USER_SESSION; createTable tableName=OFFLINE_CLIENT_SESSION; addPrimaryKey constraintName=CONSTRAINT_OFFL_US_SES_PK2, tableName=...		\N	4.23.2	\N	\N	9613738391
1.6.1_from16-pre	mposolda@redhat.com	META-INF/jpa-changelog-1.6.1.xml	2023-11-10 10:55:39.773827	15	MARK_RAN	9:bf656f5a2b055d07f314431cae76f06c	delete tableName=OFFLINE_CLIENT_SESSION; delete tableName=OFFLINE_USER_SESSION		\N	4.23.2	\N	\N	9613738391
1.6.1_from16	mposolda@redhat.com	META-INF/jpa-changelog-1.6.1.xml	2023-11-10 10:55:39.779583	16	MARK_RAN	9:f8dadc9284440469dcf71e25ca6ab99b	dropPrimaryKey constraintName=CONSTRAINT_OFFLINE_US_SES_PK, tableName=OFFLINE_USER_SESSION; dropPrimaryKey constraintName=CONSTRAINT_OFFLINE_CL_SES_PK, tableName=OFFLINE_CLIENT_SESSION; addColumn tableName=OFFLINE_USER_SESSION; update tableName=OF...		\N	4.23.2	\N	\N	9613738391
1.6.1	mposolda@redhat.com	META-INF/jpa-changelog-1.6.1.xml	2023-11-10 10:55:39.784942	17	EXECUTED	9:d41d8cd98f00b204e9800998ecf8427e	empty		\N	4.23.2	\N	\N	9613738391
1.7.0	bburke@redhat.com	META-INF/jpa-changelog-1.7.0.xml	2023-11-10 10:55:39.845461	18	EXECUTED	9:3368ff0be4c2855ee2dd9ca813b38d8e	createTable tableName=KEYCLOAK_GROUP; createTable tableName=GROUP_ROLE_MAPPING; createTable tableName=GROUP_ATTRIBUTE; createTable tableName=USER_GROUP_MEMBERSHIP; createTable tableName=REALM_DEFAULT_GROUPS; addColumn tableName=IDENTITY_PROVIDER; ...		\N	4.23.2	\N	\N	9613738391
1.8.0	mposolda@redhat.com	META-INF/jpa-changelog-1.8.0.xml	2023-11-10 10:55:39.903387	19	EXECUTED	9:8ac2fb5dd030b24c0570a763ed75ed20	addColumn tableName=IDENTITY_PROVIDER; createTable tableName=CLIENT_TEMPLATE; createTable tableName=CLIENT_TEMPLATE_ATTRIBUTES; createTable tableName=TEMPLATE_SCOPE_MAPPING; dropNotNullConstraint columnName=CLIENT_ID, tableName=PROTOCOL_MAPPER; ad...		\N	4.23.2	\N	\N	9613738391
1.8.0-2	keycloak	META-INF/jpa-changelog-1.8.0.xml	2023-11-10 10:55:39.91222	20	EXECUTED	9:f91ddca9b19743db60e3057679810e6c	dropDefaultValue columnName=ALGORITHM, tableName=CREDENTIAL; update tableName=CREDENTIAL		\N	4.23.2	\N	\N	9613738391
1.8.0	mposolda@redhat.com	META-INF/db2-jpa-changelog-1.8.0.xml	2023-11-10 10:55:39.92322	21	MARK_RAN	9:831e82914316dc8a57dc09d755f23c51	addColumn tableName=IDENTITY_PROVIDER; createTable tableName=CLIENT_TEMPLATE; createTable tableName=CLIENT_TEMPLATE_ATTRIBUTES; createTable tableName=TEMPLATE_SCOPE_MAPPING; dropNotNullConstraint columnName=CLIENT_ID, tableName=PROTOCOL_MAPPER; ad...		\N	4.23.2	\N	\N	9613738391
1.8.0-2	keycloak	META-INF/db2-jpa-changelog-1.8.0.xml	2023-11-10 10:55:39.928945	22	MARK_RAN	9:f91ddca9b19743db60e3057679810e6c	dropDefaultValue columnName=ALGORITHM, tableName=CREDENTIAL; update tableName=CREDENTIAL		\N	4.23.2	\N	\N	9613738391
1.9.0	mposolda@redhat.com	META-INF/jpa-changelog-1.9.0.xml	2023-11-10 10:55:39.955237	23	EXECUTED	9:bc3d0f9e823a69dc21e23e94c7a94bb1	update tableName=REALM; update tableName=REALM; update tableName=REALM; update tableName=REALM; update tableName=CREDENTIAL; update tableName=CREDENTIAL; update tableName=CREDENTIAL; update tableName=REALM; update tableName=REALM; customChange; dr...		\N	4.23.2	\N	\N	9613738391
1.9.1	keycloak	META-INF/jpa-changelog-1.9.1.xml	2023-11-10 10:55:39.964507	24	EXECUTED	9:c9999da42f543575ab790e76439a2679	modifyDataType columnName=PRIVATE_KEY, tableName=REALM; modifyDataType columnName=PUBLIC_KEY, tableName=REALM; modifyDataType columnName=CERTIFICATE, tableName=REALM		\N	4.23.2	\N	\N	9613738391
1.9.1	keycloak	META-INF/db2-jpa-changelog-1.9.1.xml	2023-11-10 10:55:39.967972	25	MARK_RAN	9:0d6c65c6f58732d81569e77b10ba301d	modifyDataType columnName=PRIVATE_KEY, tableName=REALM; modifyDataType columnName=CERTIFICATE, tableName=REALM		\N	4.23.2	\N	\N	9613738391
1.9.2	keycloak	META-INF/jpa-changelog-1.9.2.xml	2023-11-10 10:55:40.024839	26	EXECUTED	9:fc576660fc016ae53d2d4778d84d86d0	createIndex indexName=IDX_USER_EMAIL, tableName=USER_ENTITY; createIndex indexName=IDX_USER_ROLE_MAPPING, tableName=USER_ROLE_MAPPING; createIndex indexName=IDX_USER_GROUP_MAPPING, tableName=USER_GROUP_MEMBERSHIP; createIndex indexName=IDX_USER_CO...		\N	4.23.2	\N	\N	9613738391
authz-2.0.0	psilva@redhat.com	META-INF/jpa-changelog-authz-2.0.0.xml	2023-11-10 10:55:40.137929	27	EXECUTED	9:43ed6b0da89ff77206289e87eaa9c024	createTable tableName=RESOURCE_SERVER; addPrimaryKey constraintName=CONSTRAINT_FARS, tableName=RESOURCE_SERVER; addUniqueConstraint constraintName=UK_AU8TT6T700S9V50BU18WS5HA6, tableName=RESOURCE_SERVER; createTable tableName=RESOURCE_SERVER_RESOU...		\N	4.23.2	\N	\N	9613738391
authz-2.5.1	psilva@redhat.com	META-INF/jpa-changelog-authz-2.5.1.xml	2023-11-10 10:55:40.144555	28	EXECUTED	9:44bae577f551b3738740281eceb4ea70	update tableName=RESOURCE_SERVER_POLICY		\N	4.23.2	\N	\N	9613738391
2.1.0-KEYCLOAK-5461	bburke@redhat.com	META-INF/jpa-changelog-2.1.0.xml	2023-11-10 10:55:40.237711	29	EXECUTED	9:bd88e1f833df0420b01e114533aee5e8	createTable tableName=BROKER_LINK; createTable tableName=FED_USER_ATTRIBUTE; createTable tableName=FED_USER_CONSENT; createTable tableName=FED_USER_CONSENT_ROLE; createTable tableName=FED_USER_CONSENT_PROT_MAPPER; createTable tableName=FED_USER_CR...		\N	4.23.2	\N	\N	9613738391
2.2.0	bburke@redhat.com	META-INF/jpa-changelog-2.2.0.xml	2023-11-10 10:55:40.260135	30	EXECUTED	9:a7022af5267f019d020edfe316ef4371	addColumn tableName=ADMIN_EVENT_ENTITY; createTable tableName=CREDENTIAL_ATTRIBUTE; createTable tableName=FED_CREDENTIAL_ATTRIBUTE; modifyDataType columnName=VALUE, tableName=CREDENTIAL; addForeignKeyConstraint baseTableName=FED_CREDENTIAL_ATTRIBU...		\N	4.23.2	\N	\N	9613738391
2.3.0	bburke@redhat.com	META-INF/jpa-changelog-2.3.0.xml	2023-11-10 10:55:40.283207	31	EXECUTED	9:fc155c394040654d6a79227e56f5e25a	createTable tableName=FEDERATED_USER; addPrimaryKey constraintName=CONSTR_FEDERATED_USER, tableName=FEDERATED_USER; dropDefaultValue columnName=TOTP, tableName=USER_ENTITY; dropColumn columnName=TOTP, tableName=USER_ENTITY; addColumn tableName=IDE...		\N	4.23.2	\N	\N	9613738391
2.4.0	bburke@redhat.com	META-INF/jpa-changelog-2.4.0.xml	2023-11-10 10:55:40.29009	32	EXECUTED	9:eac4ffb2a14795e5dc7b426063e54d88	customChange		\N	4.23.2	\N	\N	9613738391
2.5.0	bburke@redhat.com	META-INF/jpa-changelog-2.5.0.xml	2023-11-10 10:55:40.298731	33	EXECUTED	9:54937c05672568c4c64fc9524c1e9462	customChange; modifyDataType columnName=USER_ID, tableName=OFFLINE_USER_SESSION		\N	4.23.2	\N	\N	9613738391
2.5.0-unicode-oracle	hmlnarik@redhat.com	META-INF/jpa-changelog-2.5.0.xml	2023-11-10 10:55:40.304521	34	MARK_RAN	9:3a32bace77c84d7678d035a7f5a8084e	modifyDataType columnName=DESCRIPTION, tableName=AUTHENTICATION_FLOW; modifyDataType columnName=DESCRIPTION, tableName=CLIENT_TEMPLATE; modifyDataType columnName=DESCRIPTION, tableName=RESOURCE_SERVER_POLICY; modifyDataType columnName=DESCRIPTION,...		\N	4.23.2	\N	\N	9613738391
2.5.0-unicode-other-dbs	hmlnarik@redhat.com	META-INF/jpa-changelog-2.5.0.xml	2023-11-10 10:55:40.344248	35	EXECUTED	9:33d72168746f81f98ae3a1e8e0ca3554	modifyDataType columnName=DESCRIPTION, tableName=AUTHENTICATION_FLOW; modifyDataType columnName=DESCRIPTION, tableName=CLIENT_TEMPLATE; modifyDataType columnName=DESCRIPTION, tableName=RESOURCE_SERVER_POLICY; modifyDataType columnName=DESCRIPTION,...		\N	4.23.2	\N	\N	9613738391
2.5.0-duplicate-email-support	slawomir@dabek.name	META-INF/jpa-changelog-2.5.0.xml	2023-11-10 10:55:40.351756	36	EXECUTED	9:61b6d3d7a4c0e0024b0c839da283da0c	addColumn tableName=REALM		\N	4.23.2	\N	\N	9613738391
2.5.0-unique-group-names	hmlnarik@redhat.com	META-INF/jpa-changelog-2.5.0.xml	2023-11-10 10:55:40.363135	37	EXECUTED	9:8dcac7bdf7378e7d823cdfddebf72fda	addUniqueConstraint constraintName=SIBLING_NAMES, tableName=KEYCLOAK_GROUP		\N	4.23.2	\N	\N	9613738391
2.5.1	bburke@redhat.com	META-INF/jpa-changelog-2.5.1.xml	2023-11-10 10:55:40.370667	38	EXECUTED	9:a2b870802540cb3faa72098db5388af3	addColumn tableName=FED_USER_CONSENT		\N	4.23.2	\N	\N	9613738391
3.0.0	bburke@redhat.com	META-INF/jpa-changelog-3.0.0.xml	2023-11-10 10:55:40.37776	39	EXECUTED	9:132a67499ba24bcc54fb5cbdcfe7e4c0	addColumn tableName=IDENTITY_PROVIDER		\N	4.23.2	\N	\N	9613738391
3.2.0-fix	keycloak	META-INF/jpa-changelog-3.2.0.xml	2023-11-10 10:55:40.381285	40	MARK_RAN	9:938f894c032f5430f2b0fafb1a243462	addNotNullConstraint columnName=REALM_ID, tableName=CLIENT_INITIAL_ACCESS		\N	4.23.2	\N	\N	9613738391
3.2.0-fix-with-keycloak-5416	keycloak	META-INF/jpa-changelog-3.2.0.xml	2023-11-10 10:55:40.386186	41	MARK_RAN	9:845c332ff1874dc5d35974b0babf3006	dropIndex indexName=IDX_CLIENT_INIT_ACC_REALM, tableName=CLIENT_INITIAL_ACCESS; addNotNullConstraint columnName=REALM_ID, tableName=CLIENT_INITIAL_ACCESS; createIndex indexName=IDX_CLIENT_INIT_ACC_REALM, tableName=CLIENT_INITIAL_ACCESS		\N	4.23.2	\N	\N	9613738391
3.2.0-fix-offline-sessions	hmlnarik	META-INF/jpa-changelog-3.2.0.xml	2023-11-10 10:55:40.393754	42	EXECUTED	9:fc86359c079781adc577c5a217e4d04c	customChange		\N	4.23.2	\N	\N	9613738391
3.2.0-fixed	keycloak	META-INF/jpa-changelog-3.2.0.xml	2023-11-10 10:55:40.607624	43	EXECUTED	9:59a64800e3c0d09b825f8a3b444fa8f4	addColumn tableName=REALM; dropPrimaryKey constraintName=CONSTRAINT_OFFL_CL_SES_PK2, tableName=OFFLINE_CLIENT_SESSION; dropColumn columnName=CLIENT_SESSION_ID, tableName=OFFLINE_CLIENT_SESSION; addPrimaryKey constraintName=CONSTRAINT_OFFL_CL_SES_P...		\N	4.23.2	\N	\N	9613738391
3.3.0	keycloak	META-INF/jpa-changelog-3.3.0.xml	2023-11-10 10:55:40.615627	44	EXECUTED	9:d48d6da5c6ccf667807f633fe489ce88	addColumn tableName=USER_ENTITY		\N	4.23.2	\N	\N	9613738391
authz-3.4.0.CR1-resource-server-pk-change-part1	glavoie@gmail.com	META-INF/jpa-changelog-authz-3.4.0.CR1.xml	2023-11-10 10:55:40.623892	45	EXECUTED	9:dde36f7973e80d71fceee683bc5d2951	addColumn tableName=RESOURCE_SERVER_POLICY; addColumn tableName=RESOURCE_SERVER_RESOURCE; addColumn tableName=RESOURCE_SERVER_SCOPE		\N	4.23.2	\N	\N	9613738391
authz-3.4.0.CR1-resource-server-pk-change-part2-KEYCLOAK-6095	hmlnarik@redhat.com	META-INF/jpa-changelog-authz-3.4.0.CR1.xml	2023-11-10 10:55:40.630625	46	EXECUTED	9:b855e9b0a406b34fa323235a0cf4f640	customChange		\N	4.23.2	\N	\N	9613738391
authz-3.4.0.CR1-resource-server-pk-change-part3-fixed	glavoie@gmail.com	META-INF/jpa-changelog-authz-3.4.0.CR1.xml	2023-11-10 10:55:40.633714	47	MARK_RAN	9:51abbacd7b416c50c4421a8cabf7927e	dropIndex indexName=IDX_RES_SERV_POL_RES_SERV, tableName=RESOURCE_SERVER_POLICY; dropIndex indexName=IDX_RES_SRV_RES_RES_SRV, tableName=RESOURCE_SERVER_RESOURCE; dropIndex indexName=IDX_RES_SRV_SCOPE_RES_SRV, tableName=RESOURCE_SERVER_SCOPE		\N	4.23.2	\N	\N	9613738391
authz-3.4.0.CR1-resource-server-pk-change-part3-fixed-nodropindex	glavoie@gmail.com	META-INF/jpa-changelog-authz-3.4.0.CR1.xml	2023-11-10 10:55:40.689394	48	EXECUTED	9:bdc99e567b3398bac83263d375aad143	addNotNullConstraint columnName=RESOURCE_SERVER_CLIENT_ID, tableName=RESOURCE_SERVER_POLICY; addNotNullConstraint columnName=RESOURCE_SERVER_CLIENT_ID, tableName=RESOURCE_SERVER_RESOURCE; addNotNullConstraint columnName=RESOURCE_SERVER_CLIENT_ID, ...		\N	4.23.2	\N	\N	9613738391
authn-3.4.0.CR1-refresh-token-max-reuse	glavoie@gmail.com	META-INF/jpa-changelog-authz-3.4.0.CR1.xml	2023-11-10 10:55:40.697948	49	EXECUTED	9:d198654156881c46bfba39abd7769e69	addColumn tableName=REALM		\N	4.23.2	\N	\N	9613738391
3.4.0	keycloak	META-INF/jpa-changelog-3.4.0.xml	2023-11-10 10:55:40.769137	50	EXECUTED	9:cfdd8736332ccdd72c5256ccb42335db	addPrimaryKey constraintName=CONSTRAINT_REALM_DEFAULT_ROLES, tableName=REALM_DEFAULT_ROLES; addPrimaryKey constraintName=CONSTRAINT_COMPOSITE_ROLE, tableName=COMPOSITE_ROLE; addPrimaryKey constraintName=CONSTR_REALM_DEFAULT_GROUPS, tableName=REALM...		\N	4.23.2	\N	\N	9613738391
3.4.0-KEYCLOAK-5230	hmlnarik@redhat.com	META-INF/jpa-changelog-3.4.0.xml	2023-11-10 10:55:40.826439	51	EXECUTED	9:7c84de3d9bd84d7f077607c1a4dcb714	createIndex indexName=IDX_FU_ATTRIBUTE, tableName=FED_USER_ATTRIBUTE; createIndex indexName=IDX_FU_CONSENT, tableName=FED_USER_CONSENT; createIndex indexName=IDX_FU_CONSENT_RU, tableName=FED_USER_CONSENT; createIndex indexName=IDX_FU_CREDENTIAL, t...		\N	4.23.2	\N	\N	9613738391
3.4.1	psilva@redhat.com	META-INF/jpa-changelog-3.4.1.xml	2023-11-10 10:55:40.834047	52	EXECUTED	9:5a6bb36cbefb6a9d6928452c0852af2d	modifyDataType columnName=VALUE, tableName=CLIENT_ATTRIBUTES		\N	4.23.2	\N	\N	9613738391
3.4.2	keycloak	META-INF/jpa-changelog-3.4.2.xml	2023-11-10 10:55:40.838921	53	EXECUTED	9:8f23e334dbc59f82e0a328373ca6ced0	update tableName=REALM		\N	4.23.2	\N	\N	9613738391
3.4.2-KEYCLOAK-5172	mkanis@redhat.com	META-INF/jpa-changelog-3.4.2.xml	2023-11-10 10:55:40.843661	54	EXECUTED	9:9156214268f09d970cdf0e1564d866af	update tableName=CLIENT		\N	4.23.2	\N	\N	9613738391
4.0.0-KEYCLOAK-6335	bburke@redhat.com	META-INF/jpa-changelog-4.0.0.xml	2023-11-10 10:55:40.85492	55	EXECUTED	9:db806613b1ed154826c02610b7dbdf74	createTable tableName=CLIENT_AUTH_FLOW_BINDINGS; addPrimaryKey constraintName=C_CLI_FLOW_BIND, tableName=CLIENT_AUTH_FLOW_BINDINGS		\N	4.23.2	\N	\N	9613738391
4.0.0-CLEANUP-UNUSED-TABLE	bburke@redhat.com	META-INF/jpa-changelog-4.0.0.xml	2023-11-10 10:55:40.863776	56	EXECUTED	9:229a041fb72d5beac76bb94a5fa709de	dropTable tableName=CLIENT_IDENTITY_PROV_MAPPING		\N	4.23.2	\N	\N	9613738391
4.0.0-KEYCLOAK-6228	bburke@redhat.com	META-INF/jpa-changelog-4.0.0.xml	2023-11-10 10:55:40.897604	57	EXECUTED	9:079899dade9c1e683f26b2aa9ca6ff04	dropUniqueConstraint constraintName=UK_JKUWUVD56ONTGSUHOGM8UEWRT, tableName=USER_CONSENT; dropNotNullConstraint columnName=CLIENT_ID, tableName=USER_CONSENT; addColumn tableName=USER_CONSENT; addUniqueConstraint constraintName=UK_JKUWUVD56ONTGSUHO...		\N	4.23.2	\N	\N	9613738391
4.0.0-KEYCLOAK-5579-fixed	mposolda@redhat.com	META-INF/jpa-changelog-4.0.0.xml	2023-11-10 10:55:41.024696	58	EXECUTED	9:139b79bcbbfe903bb1c2d2a4dbf001d9	dropForeignKeyConstraint baseTableName=CLIENT_TEMPLATE_ATTRIBUTES, constraintName=FK_CL_TEMPL_ATTR_TEMPL; renameTable newTableName=CLIENT_SCOPE_ATTRIBUTES, oldTableName=CLIENT_TEMPLATE_ATTRIBUTES; renameColumn newColumnName=SCOPE_ID, oldColumnName...		\N	4.23.2	\N	\N	9613738391
authz-4.0.0.CR1	psilva@redhat.com	META-INF/jpa-changelog-authz-4.0.0.CR1.xml	2023-11-10 10:55:41.066129	59	EXECUTED	9:b55738ad889860c625ba2bf483495a04	createTable tableName=RESOURCE_SERVER_PERM_TICKET; addPrimaryKey constraintName=CONSTRAINT_FAPMT, tableName=RESOURCE_SERVER_PERM_TICKET; addForeignKeyConstraint baseTableName=RESOURCE_SERVER_PERM_TICKET, constraintName=FK_FRSRHO213XCX4WNKOG82SSPMT...		\N	4.23.2	\N	\N	9613738391
authz-4.0.0.Beta3	psilva@redhat.com	META-INF/jpa-changelog-authz-4.0.0.Beta3.xml	2023-11-10 10:55:41.077073	60	EXECUTED	9:e0057eac39aa8fc8e09ac6cfa4ae15fe	addColumn tableName=RESOURCE_SERVER_POLICY; addColumn tableName=RESOURCE_SERVER_PERM_TICKET; addForeignKeyConstraint baseTableName=RESOURCE_SERVER_PERM_TICKET, constraintName=FK_FRSRPO2128CX4WNKOG82SSRFY, referencedTableName=RESOURCE_SERVER_POLICY		\N	4.23.2	\N	\N	9613738391
authz-4.2.0.Final	mhajas@redhat.com	META-INF/jpa-changelog-authz-4.2.0.Final.xml	2023-11-10 10:55:41.089379	61	EXECUTED	9:42a33806f3a0443fe0e7feeec821326c	createTable tableName=RESOURCE_URIS; addForeignKeyConstraint baseTableName=RESOURCE_URIS, constraintName=FK_RESOURCE_SERVER_URIS, referencedTableName=RESOURCE_SERVER_RESOURCE; customChange; dropColumn columnName=URI, tableName=RESOURCE_SERVER_RESO...		\N	4.23.2	\N	\N	9613738391
authz-4.2.0.Final-KEYCLOAK-9944	hmlnarik@redhat.com	META-INF/jpa-changelog-authz-4.2.0.Final.xml	2023-11-10 10:55:41.10454	62	EXECUTED	9:9968206fca46eecc1f51db9c024bfe56	addPrimaryKey constraintName=CONSTRAINT_RESOUR_URIS_PK, tableName=RESOURCE_URIS		\N	4.23.2	\N	\N	9613738391
4.2.0-KEYCLOAK-6313	wadahiro@gmail.com	META-INF/jpa-changelog-4.2.0.xml	2023-11-10 10:55:41.111767	63	EXECUTED	9:92143a6daea0a3f3b8f598c97ce55c3d	addColumn tableName=REQUIRED_ACTION_PROVIDER		\N	4.23.2	\N	\N	9613738391
4.3.0-KEYCLOAK-7984	wadahiro@gmail.com	META-INF/jpa-changelog-4.3.0.xml	2023-11-10 10:55:41.116836	64	EXECUTED	9:82bab26a27195d889fb0429003b18f40	update tableName=REQUIRED_ACTION_PROVIDER		\N	4.23.2	\N	\N	9613738391
4.6.0-KEYCLOAK-7950	psilva@redhat.com	META-INF/jpa-changelog-4.6.0.xml	2023-11-10 10:55:41.121648	65	EXECUTED	9:e590c88ddc0b38b0ae4249bbfcb5abc3	update tableName=RESOURCE_SERVER_RESOURCE		\N	4.23.2	\N	\N	9613738391
4.6.0-KEYCLOAK-8377	keycloak	META-INF/jpa-changelog-4.6.0.xml	2023-11-10 10:55:41.142454	66	EXECUTED	9:5c1f475536118dbdc38d5d7977950cc0	createTable tableName=ROLE_ATTRIBUTE; addPrimaryKey constraintName=CONSTRAINT_ROLE_ATTRIBUTE_PK, tableName=ROLE_ATTRIBUTE; addForeignKeyConstraint baseTableName=ROLE_ATTRIBUTE, constraintName=FK_ROLE_ATTRIBUTE_ID, referencedTableName=KEYCLOAK_ROLE...		\N	4.23.2	\N	\N	9613738391
4.6.0-KEYCLOAK-8555	gideonray@gmail.com	META-INF/jpa-changelog-4.6.0.xml	2023-11-10 10:55:41.153341	67	EXECUTED	9:e7c9f5f9c4d67ccbbcc215440c718a17	createIndex indexName=IDX_COMPONENT_PROVIDER_TYPE, tableName=COMPONENT		\N	4.23.2	\N	\N	9613738391
4.7.0-KEYCLOAK-1267	sguilhen@redhat.com	META-INF/jpa-changelog-4.7.0.xml	2023-11-10 10:55:41.16139	68	EXECUTED	9:88e0bfdda924690d6f4e430c53447dd5	addColumn tableName=REALM		\N	4.23.2	\N	\N	9613738391
4.7.0-KEYCLOAK-7275	keycloak	META-INF/jpa-changelog-4.7.0.xml	2023-11-10 10:55:41.17658	69	EXECUTED	9:f53177f137e1c46b6a88c59ec1cb5218	renameColumn newColumnName=CREATED_ON, oldColumnName=LAST_SESSION_REFRESH, tableName=OFFLINE_USER_SESSION; addNotNullConstraint columnName=CREATED_ON, tableName=OFFLINE_USER_SESSION; addColumn tableName=OFFLINE_USER_SESSION; customChange; createIn...		\N	4.23.2	\N	\N	9613738391
4.8.0-KEYCLOAK-8835	sguilhen@redhat.com	META-INF/jpa-changelog-4.8.0.xml	2023-11-10 10:55:41.185342	70	EXECUTED	9:a74d33da4dc42a37ec27121580d1459f	addNotNullConstraint columnName=SSO_MAX_LIFESPAN_REMEMBER_ME, tableName=REALM; addNotNullConstraint columnName=SSO_IDLE_TIMEOUT_REMEMBER_ME, tableName=REALM		\N	4.23.2	\N	\N	9613738391
authz-7.0.0-KEYCLOAK-10443	psilva@redhat.com	META-INF/jpa-changelog-authz-7.0.0.xml	2023-11-10 10:55:41.19484	71	EXECUTED	9:fd4ade7b90c3b67fae0bfcfcb42dfb5f	addColumn tableName=RESOURCE_SERVER		\N	4.23.2	\N	\N	9613738391
8.0.0-adding-credential-columns	keycloak	META-INF/jpa-changelog-8.0.0.xml	2023-11-10 10:55:41.204223	72	EXECUTED	9:aa072ad090bbba210d8f18781b8cebf4	addColumn tableName=CREDENTIAL; addColumn tableName=FED_USER_CREDENTIAL		\N	4.23.2	\N	\N	9613738391
8.0.0-updating-credential-data-not-oracle-fixed	keycloak	META-INF/jpa-changelog-8.0.0.xml	2023-11-10 10:55:41.214191	73	EXECUTED	9:1ae6be29bab7c2aa376f6983b932be37	update tableName=CREDENTIAL; update tableName=CREDENTIAL; update tableName=CREDENTIAL; update tableName=FED_USER_CREDENTIAL; update tableName=FED_USER_CREDENTIAL; update tableName=FED_USER_CREDENTIAL		\N	4.23.2	\N	\N	9613738391
8.0.0-updating-credential-data-oracle-fixed	keycloak	META-INF/jpa-changelog-8.0.0.xml	2023-11-10 10:55:41.219509	74	MARK_RAN	9:14706f286953fc9a25286dbd8fb30d97	update tableName=CREDENTIAL; update tableName=CREDENTIAL; update tableName=CREDENTIAL; update tableName=FED_USER_CREDENTIAL; update tableName=FED_USER_CREDENTIAL; update tableName=FED_USER_CREDENTIAL		\N	4.23.2	\N	\N	9613738391
8.0.0-credential-cleanup-fixed	keycloak	META-INF/jpa-changelog-8.0.0.xml	2023-11-10 10:55:41.241334	75	EXECUTED	9:2b9cc12779be32c5b40e2e67711a218b	dropDefaultValue columnName=COUNTER, tableName=CREDENTIAL; dropDefaultValue columnName=DIGITS, tableName=CREDENTIAL; dropDefaultValue columnName=PERIOD, tableName=CREDENTIAL; dropDefaultValue columnName=ALGORITHM, tableName=CREDENTIAL; dropColumn ...		\N	4.23.2	\N	\N	9613738391
8.0.0-resource-tag-support	keycloak	META-INF/jpa-changelog-8.0.0.xml	2023-11-10 10:55:41.253781	76	EXECUTED	9:91fa186ce7a5af127a2d7a91ee083cc5	addColumn tableName=MIGRATION_MODEL; createIndex indexName=IDX_UPDATE_TIME, tableName=MIGRATION_MODEL		\N	4.23.2	\N	\N	9613738391
9.0.0-always-display-client	keycloak	META-INF/jpa-changelog-9.0.0.xml	2023-11-10 10:55:41.261496	77	EXECUTED	9:6335e5c94e83a2639ccd68dd24e2e5ad	addColumn tableName=CLIENT		\N	4.23.2	\N	\N	9613738391
9.0.0-drop-constraints-for-column-increase	keycloak	META-INF/jpa-changelog-9.0.0.xml	2023-11-10 10:55:41.264926	78	MARK_RAN	9:6bdb5658951e028bfe16fa0a8228b530	dropUniqueConstraint constraintName=UK_FRSR6T700S9V50BU18WS5PMT, tableName=RESOURCE_SERVER_PERM_TICKET; dropUniqueConstraint constraintName=UK_FRSR6T700S9V50BU18WS5HA6, tableName=RESOURCE_SERVER_RESOURCE; dropPrimaryKey constraintName=CONSTRAINT_O...		\N	4.23.2	\N	\N	9613738391
9.0.0-increase-column-size-federated-fk	keycloak	META-INF/jpa-changelog-9.0.0.xml	2023-11-10 10:55:41.290563	79	EXECUTED	9:d5bc15a64117ccad481ce8792d4c608f	modifyDataType columnName=CLIENT_ID, tableName=FED_USER_CONSENT; modifyDataType columnName=CLIENT_REALM_CONSTRAINT, tableName=KEYCLOAK_ROLE; modifyDataType columnName=OWNER, tableName=RESOURCE_SERVER_POLICY; modifyDataType columnName=CLIENT_ID, ta...		\N	4.23.2	\N	\N	9613738391
9.0.0-recreate-constraints-after-column-increase	keycloak	META-INF/jpa-changelog-9.0.0.xml	2023-11-10 10:55:41.296768	80	MARK_RAN	9:077cba51999515f4d3e7ad5619ab592c	addNotNullConstraint columnName=CLIENT_ID, tableName=OFFLINE_CLIENT_SESSION; addNotNullConstraint columnName=OWNER, tableName=RESOURCE_SERVER_PERM_TICKET; addNotNullConstraint columnName=REQUESTER, tableName=RESOURCE_SERVER_PERM_TICKET; addNotNull...		\N	4.23.2	\N	\N	9613738391
9.0.1-add-index-to-client.client_id	keycloak	META-INF/jpa-changelog-9.0.1.xml	2023-11-10 10:55:41.308351	81	EXECUTED	9:be969f08a163bf47c6b9e9ead8ac2afb	createIndex indexName=IDX_CLIENT_ID, tableName=CLIENT		\N	4.23.2	\N	\N	9613738391
9.0.1-KEYCLOAK-12579-drop-constraints	keycloak	META-INF/jpa-changelog-9.0.1.xml	2023-11-10 10:55:41.31166	82	MARK_RAN	9:6d3bb4408ba5a72f39bd8a0b301ec6e3	dropUniqueConstraint constraintName=SIBLING_NAMES, tableName=KEYCLOAK_GROUP		\N	4.23.2	\N	\N	9613738391
9.0.1-KEYCLOAK-12579-add-not-null-constraint	keycloak	META-INF/jpa-changelog-9.0.1.xml	2023-11-10 10:55:41.319676	83	EXECUTED	9:966bda61e46bebf3cc39518fbed52fa7	addNotNullConstraint columnName=PARENT_GROUP, tableName=KEYCLOAK_GROUP		\N	4.23.2	\N	\N	9613738391
9.0.1-KEYCLOAK-12579-recreate-constraints	keycloak	META-INF/jpa-changelog-9.0.1.xml	2023-11-10 10:55:41.322839	84	MARK_RAN	9:8dcac7bdf7378e7d823cdfddebf72fda	addUniqueConstraint constraintName=SIBLING_NAMES, tableName=KEYCLOAK_GROUP		\N	4.23.2	\N	\N	9613738391
9.0.1-add-index-to-events	keycloak	META-INF/jpa-changelog-9.0.1.xml	2023-11-10 10:55:41.334482	85	EXECUTED	9:7d93d602352a30c0c317e6a609b56599	createIndex indexName=IDX_EVENT_TIME, tableName=EVENT_ENTITY		\N	4.23.2	\N	\N	9613738391
map-remove-ri	keycloak	META-INF/jpa-changelog-11.0.0.xml	2023-11-10 10:55:41.343351	86	EXECUTED	9:71c5969e6cdd8d7b6f47cebc86d37627	dropForeignKeyConstraint baseTableName=REALM, constraintName=FK_TRAF444KK6QRKMS7N56AIWQ5Y; dropForeignKeyConstraint baseTableName=KEYCLOAK_ROLE, constraintName=FK_KJHO5LE2C0RAL09FL8CM9WFW9		\N	4.23.2	\N	\N	9613738391
map-remove-ri	keycloak	META-INF/jpa-changelog-12.0.0.xml	2023-11-10 10:55:41.353025	87	EXECUTED	9:a9ba7d47f065f041b7da856a81762021	dropForeignKeyConstraint baseTableName=REALM_DEFAULT_GROUPS, constraintName=FK_DEF_GROUPS_GROUP; dropForeignKeyConstraint baseTableName=REALM_DEFAULT_ROLES, constraintName=FK_H4WPD7W4HSOOLNI3H0SW7BTJE; dropForeignKeyConstraint baseTableName=CLIENT...		\N	4.23.2	\N	\N	9613738391
12.1.0-add-realm-localization-table	keycloak	META-INF/jpa-changelog-12.0.0.xml	2023-11-10 10:55:41.369872	88	EXECUTED	9:fffabce2bc01e1a8f5110d5278500065	createTable tableName=REALM_LOCALIZATIONS; addPrimaryKey tableName=REALM_LOCALIZATIONS		\N	4.23.2	\N	\N	9613738391
default-roles	keycloak	META-INF/jpa-changelog-13.0.0.xml	2023-11-10 10:55:41.377976	89	EXECUTED	9:fa8a5b5445e3857f4b010bafb5009957	addColumn tableName=REALM; customChange		\N	4.23.2	\N	\N	9613738391
default-roles-cleanup	keycloak	META-INF/jpa-changelog-13.0.0.xml	2023-11-10 10:55:41.386821	90	EXECUTED	9:67ac3241df9a8582d591c5ed87125f39	dropTable tableName=REALM_DEFAULT_ROLES; dropTable tableName=CLIENT_DEFAULT_ROLES		\N	4.23.2	\N	\N	9613738391
13.0.0-KEYCLOAK-16844	keycloak	META-INF/jpa-changelog-13.0.0.xml	2023-11-10 10:55:41.39762	91	EXECUTED	9:ad1194d66c937e3ffc82386c050ba089	createIndex indexName=IDX_OFFLINE_USS_PRELOAD, tableName=OFFLINE_USER_SESSION		\N	4.23.2	\N	\N	9613738391
map-remove-ri-13.0.0	keycloak	META-INF/jpa-changelog-13.0.0.xml	2023-11-10 10:55:41.407895	92	EXECUTED	9:d9be619d94af5a2f5d07b9f003543b91	dropForeignKeyConstraint baseTableName=DEFAULT_CLIENT_SCOPE, constraintName=FK_R_DEF_CLI_SCOPE_SCOPE; dropForeignKeyConstraint baseTableName=CLIENT_SCOPE_CLIENT, constraintName=FK_C_CLI_SCOPE_SCOPE; dropForeignKeyConstraint baseTableName=CLIENT_SC...		\N	4.23.2	\N	\N	9613738391
13.0.0-KEYCLOAK-17992-drop-constraints	keycloak	META-INF/jpa-changelog-13.0.0.xml	2023-11-10 10:55:41.411135	93	MARK_RAN	9:544d201116a0fcc5a5da0925fbbc3bde	dropPrimaryKey constraintName=C_CLI_SCOPE_BIND, tableName=CLIENT_SCOPE_CLIENT; dropIndex indexName=IDX_CLSCOPE_CL, tableName=CLIENT_SCOPE_CLIENT; dropIndex indexName=IDX_CL_CLSCOPE, tableName=CLIENT_SCOPE_CLIENT		\N	4.23.2	\N	\N	9613738391
13.0.0-increase-column-size-federated	keycloak	META-INF/jpa-changelog-13.0.0.xml	2023-11-10 10:55:41.424193	94	EXECUTED	9:43c0c1055b6761b4b3e89de76d612ccf	modifyDataType columnName=CLIENT_ID, tableName=CLIENT_SCOPE_CLIENT; modifyDataType columnName=SCOPE_ID, tableName=CLIENT_SCOPE_CLIENT		\N	4.23.2	\N	\N	9613738391
13.0.0-KEYCLOAK-17992-recreate-constraints	keycloak	META-INF/jpa-changelog-13.0.0.xml	2023-11-10 10:55:41.430326	95	MARK_RAN	9:8bd711fd0330f4fe980494ca43ab1139	addNotNullConstraint columnName=CLIENT_ID, tableName=CLIENT_SCOPE_CLIENT; addNotNullConstraint columnName=SCOPE_ID, tableName=CLIENT_SCOPE_CLIENT; addPrimaryKey constraintName=C_CLI_SCOPE_BIND, tableName=CLIENT_SCOPE_CLIENT; createIndex indexName=...		\N	4.23.2	\N	\N	9613738391
json-string-accomodation-fixed	keycloak	META-INF/jpa-changelog-13.0.0.xml	2023-11-10 10:55:41.439582	96	EXECUTED	9:e07d2bc0970c348bb06fb63b1f82ddbf	addColumn tableName=REALM_ATTRIBUTE; update tableName=REALM_ATTRIBUTE; dropColumn columnName=VALUE, tableName=REALM_ATTRIBUTE; renameColumn newColumnName=VALUE, oldColumnName=VALUE_NEW, tableName=REALM_ATTRIBUTE		\N	4.23.2	\N	\N	9613738391
14.0.0-KEYCLOAK-11019	keycloak	META-INF/jpa-changelog-14.0.0.xml	2023-11-10 10:55:41.458927	97	EXECUTED	9:24fb8611e97f29989bea412aa38d12b7	createIndex indexName=IDX_OFFLINE_CSS_PRELOAD, tableName=OFFLINE_CLIENT_SESSION; createIndex indexName=IDX_OFFLINE_USS_BY_USER, tableName=OFFLINE_USER_SESSION; createIndex indexName=IDX_OFFLINE_USS_BY_USERSESS, tableName=OFFLINE_USER_SESSION		\N	4.23.2	\N	\N	9613738391
14.0.0-KEYCLOAK-18286	keycloak	META-INF/jpa-changelog-14.0.0.xml	2023-11-10 10:55:41.462106	98	MARK_RAN	9:259f89014ce2506ee84740cbf7163aa7	createIndex indexName=IDX_CLIENT_ATT_BY_NAME_VALUE, tableName=CLIENT_ATTRIBUTES		\N	4.23.2	\N	\N	9613738391
14.0.0-KEYCLOAK-18286-revert	keycloak	META-INF/jpa-changelog-14.0.0.xml	2023-11-10 10:55:41.475762	99	MARK_RAN	9:04baaf56c116ed19951cbc2cca584022	dropIndex indexName=IDX_CLIENT_ATT_BY_NAME_VALUE, tableName=CLIENT_ATTRIBUTES		\N	4.23.2	\N	\N	9613738391
14.0.0-KEYCLOAK-18286-supported-dbs	keycloak	META-INF/jpa-changelog-14.0.0.xml	2023-11-10 10:55:41.487906	100	EXECUTED	9:60ca84a0f8c94ec8c3504a5a3bc88ee8	createIndex indexName=IDX_CLIENT_ATT_BY_NAME_VALUE, tableName=CLIENT_ATTRIBUTES		\N	4.23.2	\N	\N	9613738391
14.0.0-KEYCLOAK-18286-unsupported-dbs	keycloak	META-INF/jpa-changelog-14.0.0.xml	2023-11-10 10:55:41.491383	101	MARK_RAN	9:d3d977031d431db16e2c181ce49d73e9	createIndex indexName=IDX_CLIENT_ATT_BY_NAME_VALUE, tableName=CLIENT_ATTRIBUTES		\N	4.23.2	\N	\N	9613738391
KEYCLOAK-17267-add-index-to-user-attributes	keycloak	META-INF/jpa-changelog-14.0.0.xml	2023-11-10 10:55:41.502845	102	EXECUTED	9:0b305d8d1277f3a89a0a53a659ad274c	createIndex indexName=IDX_USER_ATTRIBUTE_NAME, tableName=USER_ATTRIBUTE		\N	4.23.2	\N	\N	9613738391
KEYCLOAK-18146-add-saml-art-binding-identifier	keycloak	META-INF/jpa-changelog-14.0.0.xml	2023-11-10 10:55:41.508736	103	EXECUTED	9:2c374ad2cdfe20e2905a84c8fac48460	customChange		\N	4.23.2	\N	\N	9613738391
15.0.0-KEYCLOAK-18467	keycloak	META-INF/jpa-changelog-15.0.0.xml	2023-11-10 10:55:41.51788	104	EXECUTED	9:47a760639ac597360a8219f5b768b4de	addColumn tableName=REALM_LOCALIZATIONS; update tableName=REALM_LOCALIZATIONS; dropColumn columnName=TEXTS, tableName=REALM_LOCALIZATIONS; renameColumn newColumnName=TEXTS, oldColumnName=TEXTS_NEW, tableName=REALM_LOCALIZATIONS; addNotNullConstrai...		\N	4.23.2	\N	\N	9613738391
17.0.0-9562	keycloak	META-INF/jpa-changelog-17.0.0.xml	2023-11-10 10:55:41.528722	105	EXECUTED	9:a6272f0576727dd8cad2522335f5d99e	createIndex indexName=IDX_USER_SERVICE_ACCOUNT, tableName=USER_ENTITY		\N	4.23.2	\N	\N	9613738391
18.0.0-10625-IDX_ADMIN_EVENT_TIME	keycloak	META-INF/jpa-changelog-18.0.0.xml	2023-11-10 10:55:41.539417	106	EXECUTED	9:015479dbd691d9cc8669282f4828c41d	createIndex indexName=IDX_ADMIN_EVENT_TIME, tableName=ADMIN_EVENT_ENTITY		\N	4.23.2	\N	\N	9613738391
19.0.0-10135	keycloak	META-INF/jpa-changelog-19.0.0.xml	2023-11-10 10:55:41.545131	107	EXECUTED	9:9518e495fdd22f78ad6425cc30630221	customChange		\N	4.23.2	\N	\N	9613738391
20.0.0-12964-supported-dbs	keycloak	META-INF/jpa-changelog-20.0.0.xml	2023-11-10 10:55:41.555382	108	EXECUTED	9:e5f243877199fd96bcc842f27a1656ac	createIndex indexName=IDX_GROUP_ATT_BY_NAME_VALUE, tableName=GROUP_ATTRIBUTE		\N	4.23.2	\N	\N	9613738391
20.0.0-12964-unsupported-dbs	keycloak	META-INF/jpa-changelog-20.0.0.xml	2023-11-10 10:55:41.55886	109	MARK_RAN	9:1a6fcaa85e20bdeae0a9ce49b41946a5	createIndex indexName=IDX_GROUP_ATT_BY_NAME_VALUE, tableName=GROUP_ATTRIBUTE		\N	4.23.2	\N	\N	9613738391
client-attributes-string-accomodation-fixed	keycloak	META-INF/jpa-changelog-20.0.0.xml	2023-11-10 10:55:41.56834	110	EXECUTED	9:3f332e13e90739ed0c35b0b25b7822ca	addColumn tableName=CLIENT_ATTRIBUTES; update tableName=CLIENT_ATTRIBUTES; dropColumn columnName=VALUE, tableName=CLIENT_ATTRIBUTES; renameColumn newColumnName=VALUE, oldColumnName=VALUE_NEW, tableName=CLIENT_ATTRIBUTES		\N	4.23.2	\N	\N	9613738391
21.0.2-17277	keycloak	META-INF/jpa-changelog-21.0.2.xml	2023-11-10 10:55:41.574706	111	EXECUTED	9:7ee1f7a3fb8f5588f171fb9a6ab623c0	customChange		\N	4.23.2	\N	\N	9613738391
21.1.0-19404	keycloak	META-INF/jpa-changelog-21.1.0.xml	2023-11-10 10:55:41.629117	112	EXECUTED	9:3d7e830b52f33676b9d64f7f2b2ea634	modifyDataType columnName=DECISION_STRATEGY, tableName=RESOURCE_SERVER_POLICY; modifyDataType columnName=LOGIC, tableName=RESOURCE_SERVER_POLICY; modifyDataType columnName=POLICY_ENFORCE_MODE, tableName=RESOURCE_SERVER		\N	4.23.2	\N	\N	9613738391
21.1.0-19404-2	keycloak	META-INF/jpa-changelog-21.1.0.xml	2023-11-10 10:55:41.636765	113	MARK_RAN	9:627d032e3ef2c06c0e1f73d2ae25c26c	addColumn tableName=RESOURCE_SERVER_POLICY; update tableName=RESOURCE_SERVER_POLICY; dropColumn columnName=DECISION_STRATEGY, tableName=RESOURCE_SERVER_POLICY; renameColumn newColumnName=DECISION_STRATEGY, oldColumnName=DECISION_STRATEGY_NEW, tabl...		\N	4.23.2	\N	\N	9613738391
22.0.0-17484-updated	keycloak	META-INF/jpa-changelog-22.0.0.xml	2023-11-10 10:55:41.645791	114	EXECUTED	9:90af0bfd30cafc17b9f4d6eccd92b8b3	customChange		\N	4.23.2	\N	\N	9613738391
22.0.5-24031	keycloak	META-INF/jpa-changelog-22.0.0.xml	2023-11-10 10:55:41.650658	115	MARK_RAN	9:a60d2d7b315ec2d3eba9e2f145f9df28	customChange		\N	4.23.2	\N	\N	9613738391
\.


--
-- Data for Name: databasechangeloglock; Type: TABLE DATA; Schema: keycloak; Owner: keycloak_user
--

COPY keycloak.databasechangeloglock (id, locked, lockgranted, lockedby) FROM stdin;
1	f	\N	\N
1000	f	\N	\N
1001	f	\N	\N
\.


--
-- Data for Name: default_client_scope; Type: TABLE DATA; Schema: keycloak; Owner: keycloak_user
--

COPY keycloak.default_client_scope (realm_id, scope_id, default_scope) FROM stdin;
ef7e7262-1dbc-4bd5-a12e-57001411b301	3a2387c3-3d81-4edb-843d-ecac2755bb15	f
ef7e7262-1dbc-4bd5-a12e-57001411b301	296ff5bc-dfa8-4ec7-b786-e254551daa7a	t
ef7e7262-1dbc-4bd5-a12e-57001411b301	502aae9f-6860-4616-92bf-873a4b285d5c	t
ef7e7262-1dbc-4bd5-a12e-57001411b301	5371599b-4c28-42b2-8203-4bd061863e7c	t
ef7e7262-1dbc-4bd5-a12e-57001411b301	e01331c7-a229-42f8-8076-94beeb7c7f28	f
ef7e7262-1dbc-4bd5-a12e-57001411b301	399e2d5e-b9b7-4746-86bb-c8fa3ae392dc	f
ef7e7262-1dbc-4bd5-a12e-57001411b301	1c7a16cb-8a5e-4c38-8571-5b6ade51f503	t
ef7e7262-1dbc-4bd5-a12e-57001411b301	274b40e1-2538-4160-97cf-0af79554f8dd	t
ef7e7262-1dbc-4bd5-a12e-57001411b301	6c70e033-e991-4463-80a7-c362b6161270	f
ef7e7262-1dbc-4bd5-a12e-57001411b301	cb0b23ff-07a0-4763-9375-c4560d177a21	t
4e897766-489b-43e9-be69-b608772223be	348ec1f4-30cd-4bb6-af7f-8ba8c653ccb8	f
4e897766-489b-43e9-be69-b608772223be	89f5ed2c-9dc2-4739-9535-c0254f9ad670	t
4e897766-489b-43e9-be69-b608772223be	5b3f95c8-175a-416c-9b04-80baa193d9e2	t
4e897766-489b-43e9-be69-b608772223be	52065593-44c5-4c63-a316-b95b7af27871	f
4e897766-489b-43e9-be69-b608772223be	b197cb5d-0959-42f2-883e-909a217cd3c1	f
4e897766-489b-43e9-be69-b608772223be	bb82bef9-2e2a-42df-9960-568f2aefadb6	t
4e897766-489b-43e9-be69-b608772223be	e53e498e-b0b7-4611-81f8-b766d2046a3a	t
4e897766-489b-43e9-be69-b608772223be	d10bcaf0-ab88-40bc-8f72-5bf7c43eff6c	f
4e897766-489b-43e9-be69-b608772223be	8a9a548e-beea-443c-aa06-780d4166c10f	t
4e897766-489b-43e9-be69-b608772223be	f288c286-f1c9-4379-8a42-8ef0ecd3ddbd	t
\.


--
-- Data for Name: event_entity; Type: TABLE DATA; Schema: keycloak; Owner: keycloak_user
--

COPY keycloak.event_entity (id, client_id, details_json, error, ip_address, realm_id, session_id, event_time, type, user_id) FROM stdin;
\.


--
-- Data for Name: fed_user_attribute; Type: TABLE DATA; Schema: keycloak; Owner: keycloak_user
--

COPY keycloak.fed_user_attribute (id, name, user_id, realm_id, storage_provider_id, value) FROM stdin;
\.


--
-- Data for Name: fed_user_consent; Type: TABLE DATA; Schema: keycloak; Owner: keycloak_user
--

COPY keycloak.fed_user_consent (id, client_id, user_id, realm_id, storage_provider_id, created_date, last_updated_date, client_storage_provider, external_client_id) FROM stdin;
\.


--
-- Data for Name: fed_user_consent_cl_scope; Type: TABLE DATA; Schema: keycloak; Owner: keycloak_user
--

COPY keycloak.fed_user_consent_cl_scope (user_consent_id, scope_id) FROM stdin;
\.


--
-- Data for Name: fed_user_credential; Type: TABLE DATA; Schema: keycloak; Owner: keycloak_user
--

COPY keycloak.fed_user_credential (id, salt, type, created_date, user_id, realm_id, storage_provider_id, user_label, secret_data, credential_data, priority) FROM stdin;
\.


--
-- Data for Name: fed_user_group_membership; Type: TABLE DATA; Schema: keycloak; Owner: keycloak_user
--

COPY keycloak.fed_user_group_membership (group_id, user_id, realm_id, storage_provider_id) FROM stdin;
\.


--
-- Data for Name: fed_user_required_action; Type: TABLE DATA; Schema: keycloak; Owner: keycloak_user
--

COPY keycloak.fed_user_required_action (required_action, user_id, realm_id, storage_provider_id) FROM stdin;
\.


--
-- Data for Name: fed_user_role_mapping; Type: TABLE DATA; Schema: keycloak; Owner: keycloak_user
--

COPY keycloak.fed_user_role_mapping (role_id, user_id, realm_id, storage_provider_id) FROM stdin;
\.


--
-- Data for Name: federated_identity; Type: TABLE DATA; Schema: keycloak; Owner: keycloak_user
--

COPY keycloak.federated_identity (identity_provider, realm_id, federated_user_id, federated_username, token, user_id) FROM stdin;
\.


--
-- Data for Name: federated_user; Type: TABLE DATA; Schema: keycloak; Owner: keycloak_user
--

COPY keycloak.federated_user (id, storage_provider_id, realm_id) FROM stdin;
\.


--
-- Data for Name: group_attribute; Type: TABLE DATA; Schema: keycloak; Owner: keycloak_user
--

COPY keycloak.group_attribute (id, name, value, group_id) FROM stdin;
\.


--
-- Data for Name: group_role_mapping; Type: TABLE DATA; Schema: keycloak; Owner: keycloak_user
--

COPY keycloak.group_role_mapping (role_id, group_id) FROM stdin;
\.


--
-- Data for Name: identity_provider; Type: TABLE DATA; Schema: keycloak; Owner: keycloak_user
--

COPY keycloak.identity_provider (internal_id, enabled, provider_alias, provider_id, store_token, authenticate_by_default, realm_id, add_token_role, trust_email, first_broker_login_flow_id, post_broker_login_flow_id, provider_display_name, link_only) FROM stdin;
\.


--
-- Data for Name: identity_provider_config; Type: TABLE DATA; Schema: keycloak; Owner: keycloak_user
--

COPY keycloak.identity_provider_config (identity_provider_id, value, name) FROM stdin;
\.


--
-- Data for Name: identity_provider_mapper; Type: TABLE DATA; Schema: keycloak; Owner: keycloak_user
--

COPY keycloak.identity_provider_mapper (id, name, idp_alias, idp_mapper_name, realm_id) FROM stdin;
\.


--
-- Data for Name: idp_mapper_config; Type: TABLE DATA; Schema: keycloak; Owner: keycloak_user
--

COPY keycloak.idp_mapper_config (idp_mapper_id, value, name) FROM stdin;
\.


--
-- Data for Name: keycloak_group; Type: TABLE DATA; Schema: keycloak; Owner: keycloak_user
--

COPY keycloak.keycloak_group (id, name, parent_group, realm_id) FROM stdin;
\.


--
-- Data for Name: keycloak_role; Type: TABLE DATA; Schema: keycloak; Owner: keycloak_user
--

COPY keycloak.keycloak_role (id, client_realm_constraint, client_role, description, name, realm_id, client, realm) FROM stdin;
8e710204-f697-4e3a-a36a-ce793c03feb4	ef7e7262-1dbc-4bd5-a12e-57001411b301	f	${role_default-roles}	default-roles-master	ef7e7262-1dbc-4bd5-a12e-57001411b301	\N	\N
00b9018a-570a-4c84-b2b9-edc121a49955	ef7e7262-1dbc-4bd5-a12e-57001411b301	f	${role_create-realm}	create-realm	ef7e7262-1dbc-4bd5-a12e-57001411b301	\N	\N
ce63dab4-15c2-4282-81f4-bb6fe59796dd	ef7e7262-1dbc-4bd5-a12e-57001411b301	f	${role_admin}	admin	ef7e7262-1dbc-4bd5-a12e-57001411b301	\N	\N
fd069660-9962-4c3a-8b54-3f0597cc185c	41c31c70-119e-4ff7-b3d9-f0cd0438a8f9	t	${role_create-client}	create-client	ef7e7262-1dbc-4bd5-a12e-57001411b301	41c31c70-119e-4ff7-b3d9-f0cd0438a8f9	\N
4b4b045b-39d8-4c24-b216-6e291da4e504	41c31c70-119e-4ff7-b3d9-f0cd0438a8f9	t	${role_view-realm}	view-realm	ef7e7262-1dbc-4bd5-a12e-57001411b301	41c31c70-119e-4ff7-b3d9-f0cd0438a8f9	\N
9e9e6d80-e273-4b6b-abb2-72b96fed7a22	41c31c70-119e-4ff7-b3d9-f0cd0438a8f9	t	${role_view-users}	view-users	ef7e7262-1dbc-4bd5-a12e-57001411b301	41c31c70-119e-4ff7-b3d9-f0cd0438a8f9	\N
48aada44-7ad2-462d-bac4-45bed126fa14	41c31c70-119e-4ff7-b3d9-f0cd0438a8f9	t	${role_view-clients}	view-clients	ef7e7262-1dbc-4bd5-a12e-57001411b301	41c31c70-119e-4ff7-b3d9-f0cd0438a8f9	\N
15c88110-0376-4c15-a71b-1310b5a98d5b	41c31c70-119e-4ff7-b3d9-f0cd0438a8f9	t	${role_view-events}	view-events	ef7e7262-1dbc-4bd5-a12e-57001411b301	41c31c70-119e-4ff7-b3d9-f0cd0438a8f9	\N
a61dbe1d-74c5-44a9-ab4e-c1e44e55669d	41c31c70-119e-4ff7-b3d9-f0cd0438a8f9	t	${role_view-identity-providers}	view-identity-providers	ef7e7262-1dbc-4bd5-a12e-57001411b301	41c31c70-119e-4ff7-b3d9-f0cd0438a8f9	\N
08663364-676a-468a-90ab-3e5e785074ac	41c31c70-119e-4ff7-b3d9-f0cd0438a8f9	t	${role_view-authorization}	view-authorization	ef7e7262-1dbc-4bd5-a12e-57001411b301	41c31c70-119e-4ff7-b3d9-f0cd0438a8f9	\N
5efdc697-69b4-42d2-814a-7df2fadbdd88	41c31c70-119e-4ff7-b3d9-f0cd0438a8f9	t	${role_manage-realm}	manage-realm	ef7e7262-1dbc-4bd5-a12e-57001411b301	41c31c70-119e-4ff7-b3d9-f0cd0438a8f9	\N
4e601b60-feb8-42c5-87f9-d4e4df873834	41c31c70-119e-4ff7-b3d9-f0cd0438a8f9	t	${role_manage-users}	manage-users	ef7e7262-1dbc-4bd5-a12e-57001411b301	41c31c70-119e-4ff7-b3d9-f0cd0438a8f9	\N
565f9606-e33b-4b4a-a595-7e1de0ff67f3	41c31c70-119e-4ff7-b3d9-f0cd0438a8f9	t	${role_manage-clients}	manage-clients	ef7e7262-1dbc-4bd5-a12e-57001411b301	41c31c70-119e-4ff7-b3d9-f0cd0438a8f9	\N
86ed8eae-cc75-4c2c-974a-ec1b62cdd3b2	41c31c70-119e-4ff7-b3d9-f0cd0438a8f9	t	${role_manage-events}	manage-events	ef7e7262-1dbc-4bd5-a12e-57001411b301	41c31c70-119e-4ff7-b3d9-f0cd0438a8f9	\N
7c0b26ae-a206-4bd5-b05b-79bb6084eb61	41c31c70-119e-4ff7-b3d9-f0cd0438a8f9	t	${role_manage-identity-providers}	manage-identity-providers	ef7e7262-1dbc-4bd5-a12e-57001411b301	41c31c70-119e-4ff7-b3d9-f0cd0438a8f9	\N
7bdf4078-47c8-4b29-9926-61608ffef40b	41c31c70-119e-4ff7-b3d9-f0cd0438a8f9	t	${role_manage-authorization}	manage-authorization	ef7e7262-1dbc-4bd5-a12e-57001411b301	41c31c70-119e-4ff7-b3d9-f0cd0438a8f9	\N
41ec3412-de66-44ff-8dd7-a6d089f04b55	41c31c70-119e-4ff7-b3d9-f0cd0438a8f9	t	${role_query-users}	query-users	ef7e7262-1dbc-4bd5-a12e-57001411b301	41c31c70-119e-4ff7-b3d9-f0cd0438a8f9	\N
0cfab922-4086-4887-8d7b-b8c5e8d85e61	41c31c70-119e-4ff7-b3d9-f0cd0438a8f9	t	${role_query-clients}	query-clients	ef7e7262-1dbc-4bd5-a12e-57001411b301	41c31c70-119e-4ff7-b3d9-f0cd0438a8f9	\N
4ae3b059-3dd9-4ee5-87f9-f142c7d14e43	41c31c70-119e-4ff7-b3d9-f0cd0438a8f9	t	${role_query-realms}	query-realms	ef7e7262-1dbc-4bd5-a12e-57001411b301	41c31c70-119e-4ff7-b3d9-f0cd0438a8f9	\N
81d4154c-6a89-40a9-aa45-a2ed7082457a	41c31c70-119e-4ff7-b3d9-f0cd0438a8f9	t	${role_query-groups}	query-groups	ef7e7262-1dbc-4bd5-a12e-57001411b301	41c31c70-119e-4ff7-b3d9-f0cd0438a8f9	\N
4b4904a5-095e-4cf0-aaba-e418ec592ac1	84bab3ab-2028-431d-b0ba-0b1a79a30fdb	t	${role_view-profile}	view-profile	ef7e7262-1dbc-4bd5-a12e-57001411b301	84bab3ab-2028-431d-b0ba-0b1a79a30fdb	\N
a00b6675-88d8-4439-b6e9-7eb4f0b9c260	84bab3ab-2028-431d-b0ba-0b1a79a30fdb	t	${role_manage-account}	manage-account	ef7e7262-1dbc-4bd5-a12e-57001411b301	84bab3ab-2028-431d-b0ba-0b1a79a30fdb	\N
990a52b2-7c07-4a00-bc7e-22d2a5d2b261	84bab3ab-2028-431d-b0ba-0b1a79a30fdb	t	${role_manage-account-links}	manage-account-links	ef7e7262-1dbc-4bd5-a12e-57001411b301	84bab3ab-2028-431d-b0ba-0b1a79a30fdb	\N
c36a92df-97a4-410e-a677-ec71a2b56266	84bab3ab-2028-431d-b0ba-0b1a79a30fdb	t	${role_view-applications}	view-applications	ef7e7262-1dbc-4bd5-a12e-57001411b301	84bab3ab-2028-431d-b0ba-0b1a79a30fdb	\N
3363188e-a249-4e46-89cf-52dc0e7a51ba	84bab3ab-2028-431d-b0ba-0b1a79a30fdb	t	${role_view-consent}	view-consent	ef7e7262-1dbc-4bd5-a12e-57001411b301	84bab3ab-2028-431d-b0ba-0b1a79a30fdb	\N
b528981f-da87-45a8-afb7-feb6e5ab00bb	84bab3ab-2028-431d-b0ba-0b1a79a30fdb	t	${role_manage-consent}	manage-consent	ef7e7262-1dbc-4bd5-a12e-57001411b301	84bab3ab-2028-431d-b0ba-0b1a79a30fdb	\N
82fc91c1-e72a-4cb7-a6fc-8c10140c0695	84bab3ab-2028-431d-b0ba-0b1a79a30fdb	t	${role_view-groups}	view-groups	ef7e7262-1dbc-4bd5-a12e-57001411b301	84bab3ab-2028-431d-b0ba-0b1a79a30fdb	\N
13030178-b02e-436b-b7ec-559c848ab423	84bab3ab-2028-431d-b0ba-0b1a79a30fdb	t	${role_delete-account}	delete-account	ef7e7262-1dbc-4bd5-a12e-57001411b301	84bab3ab-2028-431d-b0ba-0b1a79a30fdb	\N
82735d5d-9c04-42f0-aa0f-8c1ebd713047	09e5e3e5-cb97-4ea3-b19a-92380bea7dc8	t	${role_read-token}	read-token	ef7e7262-1dbc-4bd5-a12e-57001411b301	09e5e3e5-cb97-4ea3-b19a-92380bea7dc8	\N
3f0a8e45-7b37-4e8c-9a81-e9118a58e208	41c31c70-119e-4ff7-b3d9-f0cd0438a8f9	t	${role_impersonation}	impersonation	ef7e7262-1dbc-4bd5-a12e-57001411b301	41c31c70-119e-4ff7-b3d9-f0cd0438a8f9	\N
79c6fce3-4a7c-4a2c-be1b-cd1d137f348b	ef7e7262-1dbc-4bd5-a12e-57001411b301	f	${role_offline-access}	offline_access	ef7e7262-1dbc-4bd5-a12e-57001411b301	\N	\N
c718c409-7311-4f31-8f58-3b3d0f188d9a	ef7e7262-1dbc-4bd5-a12e-57001411b301	f	${role_uma_authorization}	uma_authorization	ef7e7262-1dbc-4bd5-a12e-57001411b301	\N	\N
ee80ba20-3aa5-4a0f-81a9-0225009268cf	4e897766-489b-43e9-be69-b608772223be	f	${role_default-roles}	default-roles-jenjetsu-realm	4e897766-489b-43e9-be69-b608772223be	\N	\N
20ef7630-3baf-4f89-8091-7cb0bc0d2fdc	0b11890e-cf7f-4430-b661-5f5812d4d0c1	t	${role_create-client}	create-client	ef7e7262-1dbc-4bd5-a12e-57001411b301	0b11890e-cf7f-4430-b661-5f5812d4d0c1	\N
580a89ee-5dfc-4208-a1a1-04d629467df5	0b11890e-cf7f-4430-b661-5f5812d4d0c1	t	${role_view-realm}	view-realm	ef7e7262-1dbc-4bd5-a12e-57001411b301	0b11890e-cf7f-4430-b661-5f5812d4d0c1	\N
3c4dc751-522b-4a48-8675-c8fcb0c21003	0b11890e-cf7f-4430-b661-5f5812d4d0c1	t	${role_view-users}	view-users	ef7e7262-1dbc-4bd5-a12e-57001411b301	0b11890e-cf7f-4430-b661-5f5812d4d0c1	\N
1d4eaa64-a528-47d9-99ac-44f1496b6ee2	0b11890e-cf7f-4430-b661-5f5812d4d0c1	t	${role_view-clients}	view-clients	ef7e7262-1dbc-4bd5-a12e-57001411b301	0b11890e-cf7f-4430-b661-5f5812d4d0c1	\N
f174841b-d90f-47b2-a232-2d3e7c904d5e	0b11890e-cf7f-4430-b661-5f5812d4d0c1	t	${role_view-events}	view-events	ef7e7262-1dbc-4bd5-a12e-57001411b301	0b11890e-cf7f-4430-b661-5f5812d4d0c1	\N
7ce6724d-8188-48c4-b27a-213d21827425	0b11890e-cf7f-4430-b661-5f5812d4d0c1	t	${role_view-identity-providers}	view-identity-providers	ef7e7262-1dbc-4bd5-a12e-57001411b301	0b11890e-cf7f-4430-b661-5f5812d4d0c1	\N
0094fc7b-8ce5-4a4c-b266-4e0e59cc840e	0b11890e-cf7f-4430-b661-5f5812d4d0c1	t	${role_view-authorization}	view-authorization	ef7e7262-1dbc-4bd5-a12e-57001411b301	0b11890e-cf7f-4430-b661-5f5812d4d0c1	\N
2798e819-d327-46e2-8843-2141bd44f2dc	0b11890e-cf7f-4430-b661-5f5812d4d0c1	t	${role_manage-realm}	manage-realm	ef7e7262-1dbc-4bd5-a12e-57001411b301	0b11890e-cf7f-4430-b661-5f5812d4d0c1	\N
649e141f-ecb9-4532-9f38-866560313a7a	0b11890e-cf7f-4430-b661-5f5812d4d0c1	t	${role_manage-users}	manage-users	ef7e7262-1dbc-4bd5-a12e-57001411b301	0b11890e-cf7f-4430-b661-5f5812d4d0c1	\N
5fda429f-075d-4804-95f4-964cc0c71831	0b11890e-cf7f-4430-b661-5f5812d4d0c1	t	${role_manage-clients}	manage-clients	ef7e7262-1dbc-4bd5-a12e-57001411b301	0b11890e-cf7f-4430-b661-5f5812d4d0c1	\N
0008fdd2-df3c-45a2-9818-aaeb14e32e8d	0b11890e-cf7f-4430-b661-5f5812d4d0c1	t	${role_manage-events}	manage-events	ef7e7262-1dbc-4bd5-a12e-57001411b301	0b11890e-cf7f-4430-b661-5f5812d4d0c1	\N
025e21f3-4430-444c-abde-d671a85b9bf9	0b11890e-cf7f-4430-b661-5f5812d4d0c1	t	${role_manage-identity-providers}	manage-identity-providers	ef7e7262-1dbc-4bd5-a12e-57001411b301	0b11890e-cf7f-4430-b661-5f5812d4d0c1	\N
1c6e4bef-59bd-4bff-ae79-de0309b71d34	0b11890e-cf7f-4430-b661-5f5812d4d0c1	t	${role_manage-authorization}	manage-authorization	ef7e7262-1dbc-4bd5-a12e-57001411b301	0b11890e-cf7f-4430-b661-5f5812d4d0c1	\N
f83a5ae2-f4f5-48f5-9cdb-687a299714e6	0b11890e-cf7f-4430-b661-5f5812d4d0c1	t	${role_query-users}	query-users	ef7e7262-1dbc-4bd5-a12e-57001411b301	0b11890e-cf7f-4430-b661-5f5812d4d0c1	\N
8d61e8c7-9510-4602-a30e-9355310e6481	0b11890e-cf7f-4430-b661-5f5812d4d0c1	t	${role_query-clients}	query-clients	ef7e7262-1dbc-4bd5-a12e-57001411b301	0b11890e-cf7f-4430-b661-5f5812d4d0c1	\N
e8a0557c-b647-40c6-b29f-6b6444aed032	0b11890e-cf7f-4430-b661-5f5812d4d0c1	t	${role_query-realms}	query-realms	ef7e7262-1dbc-4bd5-a12e-57001411b301	0b11890e-cf7f-4430-b661-5f5812d4d0c1	\N
de246b83-541e-4285-aea7-224ba76dae10	0b11890e-cf7f-4430-b661-5f5812d4d0c1	t	${role_query-groups}	query-groups	ef7e7262-1dbc-4bd5-a12e-57001411b301	0b11890e-cf7f-4430-b661-5f5812d4d0c1	\N
7b4c6229-bc11-450e-83ab-5fe45b8d092d	8c44367a-f5be-4582-ae41-2709ad98ce77	t	${role_realm-admin}	realm-admin	4e897766-489b-43e9-be69-b608772223be	8c44367a-f5be-4582-ae41-2709ad98ce77	\N
cffc8d2c-2ec5-4aad-9b2b-f345404c32ba	8c44367a-f5be-4582-ae41-2709ad98ce77	t	${role_create-client}	create-client	4e897766-489b-43e9-be69-b608772223be	8c44367a-f5be-4582-ae41-2709ad98ce77	\N
8580492e-248a-4be9-8d99-0d64884a1759	8c44367a-f5be-4582-ae41-2709ad98ce77	t	${role_view-realm}	view-realm	4e897766-489b-43e9-be69-b608772223be	8c44367a-f5be-4582-ae41-2709ad98ce77	\N
1dcd79f4-4a57-499d-bb3a-710fdfd405ba	8c44367a-f5be-4582-ae41-2709ad98ce77	t	${role_view-users}	view-users	4e897766-489b-43e9-be69-b608772223be	8c44367a-f5be-4582-ae41-2709ad98ce77	\N
15f0adbd-7e37-45f6-bd0a-d26f872f6c7e	8c44367a-f5be-4582-ae41-2709ad98ce77	t	${role_view-clients}	view-clients	4e897766-489b-43e9-be69-b608772223be	8c44367a-f5be-4582-ae41-2709ad98ce77	\N
4b828409-22ff-43e9-b26f-5312ace41cbf	8c44367a-f5be-4582-ae41-2709ad98ce77	t	${role_view-events}	view-events	4e897766-489b-43e9-be69-b608772223be	8c44367a-f5be-4582-ae41-2709ad98ce77	\N
353ae407-0315-4802-95d3-cef9eeb61e44	8c44367a-f5be-4582-ae41-2709ad98ce77	t	${role_view-identity-providers}	view-identity-providers	4e897766-489b-43e9-be69-b608772223be	8c44367a-f5be-4582-ae41-2709ad98ce77	\N
3f67ef26-db08-41cd-a0d0-3fa204c55a38	8c44367a-f5be-4582-ae41-2709ad98ce77	t	${role_view-authorization}	view-authorization	4e897766-489b-43e9-be69-b608772223be	8c44367a-f5be-4582-ae41-2709ad98ce77	\N
ad7f0c59-c5d3-4302-a986-a28d9f393929	8c44367a-f5be-4582-ae41-2709ad98ce77	t	${role_manage-realm}	manage-realm	4e897766-489b-43e9-be69-b608772223be	8c44367a-f5be-4582-ae41-2709ad98ce77	\N
da0cdc1e-47cb-42df-a7f0-7338b879a778	8c44367a-f5be-4582-ae41-2709ad98ce77	t	${role_manage-users}	manage-users	4e897766-489b-43e9-be69-b608772223be	8c44367a-f5be-4582-ae41-2709ad98ce77	\N
f33e887e-8169-4084-b76f-ea9549a9a91c	8c44367a-f5be-4582-ae41-2709ad98ce77	t	${role_manage-clients}	manage-clients	4e897766-489b-43e9-be69-b608772223be	8c44367a-f5be-4582-ae41-2709ad98ce77	\N
e8acf963-803f-48ca-9446-0241a3178457	8c44367a-f5be-4582-ae41-2709ad98ce77	t	${role_manage-events}	manage-events	4e897766-489b-43e9-be69-b608772223be	8c44367a-f5be-4582-ae41-2709ad98ce77	\N
22d8c58d-299d-4cad-8e2a-210adbf5abd1	8c44367a-f5be-4582-ae41-2709ad98ce77	t	${role_manage-identity-providers}	manage-identity-providers	4e897766-489b-43e9-be69-b608772223be	8c44367a-f5be-4582-ae41-2709ad98ce77	\N
56cf3548-1984-471c-9a09-940c8d6e2c4d	8c44367a-f5be-4582-ae41-2709ad98ce77	t	${role_manage-authorization}	manage-authorization	4e897766-489b-43e9-be69-b608772223be	8c44367a-f5be-4582-ae41-2709ad98ce77	\N
030100aa-073f-4908-9c77-15d6e180324a	8c44367a-f5be-4582-ae41-2709ad98ce77	t	${role_query-users}	query-users	4e897766-489b-43e9-be69-b608772223be	8c44367a-f5be-4582-ae41-2709ad98ce77	\N
c30fe70e-ef86-421a-a134-615d18ff7893	8c44367a-f5be-4582-ae41-2709ad98ce77	t	${role_query-clients}	query-clients	4e897766-489b-43e9-be69-b608772223be	8c44367a-f5be-4582-ae41-2709ad98ce77	\N
1a4bb456-95ee-4800-92bb-b9d0da98aa0a	8c44367a-f5be-4582-ae41-2709ad98ce77	t	${role_query-realms}	query-realms	4e897766-489b-43e9-be69-b608772223be	8c44367a-f5be-4582-ae41-2709ad98ce77	\N
a2fccca7-11bc-414f-a9d1-3631d68cbb3f	8c44367a-f5be-4582-ae41-2709ad98ce77	t	${role_query-groups}	query-groups	4e897766-489b-43e9-be69-b608772223be	8c44367a-f5be-4582-ae41-2709ad98ce77	\N
1a087160-4da7-4fdf-9af7-cc75a6742df4	941dbdc2-6ff7-4eb2-b5df-06bc0d9746d2	t	${role_view-profile}	view-profile	4e897766-489b-43e9-be69-b608772223be	941dbdc2-6ff7-4eb2-b5df-06bc0d9746d2	\N
c576f994-24b5-4930-9bee-940fdae47c6f	941dbdc2-6ff7-4eb2-b5df-06bc0d9746d2	t	${role_manage-account}	manage-account	4e897766-489b-43e9-be69-b608772223be	941dbdc2-6ff7-4eb2-b5df-06bc0d9746d2	\N
4c41bb78-30f7-4dde-a9d5-966ce3a51a7c	941dbdc2-6ff7-4eb2-b5df-06bc0d9746d2	t	${role_manage-account-links}	manage-account-links	4e897766-489b-43e9-be69-b608772223be	941dbdc2-6ff7-4eb2-b5df-06bc0d9746d2	\N
37fec963-b7a0-4687-a6c0-9327a62eede4	941dbdc2-6ff7-4eb2-b5df-06bc0d9746d2	t	${role_view-applications}	view-applications	4e897766-489b-43e9-be69-b608772223be	941dbdc2-6ff7-4eb2-b5df-06bc0d9746d2	\N
7bba0a84-2a3e-49c7-959a-47990f6dea01	941dbdc2-6ff7-4eb2-b5df-06bc0d9746d2	t	${role_view-consent}	view-consent	4e897766-489b-43e9-be69-b608772223be	941dbdc2-6ff7-4eb2-b5df-06bc0d9746d2	\N
d74e350c-3c27-42b8-9796-480d0cd019e6	941dbdc2-6ff7-4eb2-b5df-06bc0d9746d2	t	${role_manage-consent}	manage-consent	4e897766-489b-43e9-be69-b608772223be	941dbdc2-6ff7-4eb2-b5df-06bc0d9746d2	\N
b29d9184-092e-4c68-b03c-5e1fe6f4abdd	941dbdc2-6ff7-4eb2-b5df-06bc0d9746d2	t	${role_view-groups}	view-groups	4e897766-489b-43e9-be69-b608772223be	941dbdc2-6ff7-4eb2-b5df-06bc0d9746d2	\N
fe451a34-68a4-4f03-a6bb-52530a1f403f	941dbdc2-6ff7-4eb2-b5df-06bc0d9746d2	t	${role_delete-account}	delete-account	4e897766-489b-43e9-be69-b608772223be	941dbdc2-6ff7-4eb2-b5df-06bc0d9746d2	\N
e302d90e-9864-4b41-96ac-e8329fd229fa	0b11890e-cf7f-4430-b661-5f5812d4d0c1	t	${role_impersonation}	impersonation	ef7e7262-1dbc-4bd5-a12e-57001411b301	0b11890e-cf7f-4430-b661-5f5812d4d0c1	\N
fdbde103-cd1d-4798-88da-80a37e931841	8c44367a-f5be-4582-ae41-2709ad98ce77	t	${role_impersonation}	impersonation	4e897766-489b-43e9-be69-b608772223be	8c44367a-f5be-4582-ae41-2709ad98ce77	\N
b14f2602-2ba0-4eca-b1de-ba3a52ae0046	74ce0fa6-a2d9-44f6-9269-0584ccc4a61b	t	${role_read-token}	read-token	4e897766-489b-43e9-be69-b608772223be	74ce0fa6-a2d9-44f6-9269-0584ccc4a61b	\N
27de7004-2d5b-4914-ab75-e7361d8645e0	4e897766-489b-43e9-be69-b608772223be	f	${role_offline-access}	offline_access	4e897766-489b-43e9-be69-b608772223be	\N	\N
cd93cb14-0a0a-49f1-8281-a456f0c90ee7	4e897766-489b-43e9-be69-b608772223be	f	${role_uma_authorization}	uma_authorization	4e897766-489b-43e9-be69-b608772223be	\N	\N
0cd759e7-ad55-4127-bd8c-1e2d2de6f9ff	b672abb4-231c-4b38-979b-27a876b88462	t	\N	uma_protection	4e897766-489b-43e9-be69-b608772223be	b672abb4-231c-4b38-979b-27a876b88462	\N
21283b40-cf23-4a3d-8d2d-42668a21c6b8	4e897766-489b-43e9-be69-b608772223be	f		ROLE_MODERATOR	4e897766-489b-43e9-be69-b608772223be	\N	\N
25b6415d-1671-4684-bc44-ea35deff1727	b672abb4-231c-4b38-979b-27a876b88462	t		ROLE_SSO	4e897766-489b-43e9-be69-b608772223be	b672abb4-231c-4b38-979b-27a876b88462	\N
\.


--
-- Data for Name: migration_model; Type: TABLE DATA; Schema: keycloak; Owner: keycloak_user
--

COPY keycloak.migration_model (id, version, update_time) FROM stdin;
0tzok	22.0.5	1699613741
\.


--
-- Data for Name: offline_client_session; Type: TABLE DATA; Schema: keycloak; Owner: keycloak_user
--

COPY keycloak.offline_client_session (user_session_id, client_id, offline_flag, "timestamp", data, client_storage_provider, external_client_id) FROM stdin;
\.


--
-- Data for Name: offline_user_session; Type: TABLE DATA; Schema: keycloak; Owner: keycloak_user
--

COPY keycloak.offline_user_session (user_session_id, user_id, realm_id, created_on, offline_flag, data, last_session_refresh) FROM stdin;
\.


--
-- Data for Name: policy_config; Type: TABLE DATA; Schema: keycloak; Owner: keycloak_user
--

COPY keycloak.policy_config (policy_id, name, value) FROM stdin;
73ddd0e8-fa34-4d4c-a901-86ed16d93470	code	// by default, grants any permission associated with this policy\n$evaluation.grant();\n
1c2e24d1-eb62-43ff-aaca-44a5a3f76f16	defaultResourceType	urn:jenjetsu-sso:resources:default
\.


--
-- Data for Name: protocol_mapper; Type: TABLE DATA; Schema: keycloak; Owner: keycloak_user
--

COPY keycloak.protocol_mapper (id, name, protocol, protocol_mapper_name, client_id, client_scope_id) FROM stdin;
340bcb47-f92d-4300-9ec9-56743cf6498e	audience resolve	openid-connect	oidc-audience-resolve-mapper	caedbae2-07e4-4861-815a-8a6261067bf2	\N
666f4786-662c-4378-a640-0f3faa2091c0	locale	openid-connect	oidc-usermodel-attribute-mapper	133ec281-f2b7-40c3-a874-674a37e49388	\N
e62d5274-da75-45e0-8be9-16cd96e5dd0e	role list	saml	saml-role-list-mapper	\N	296ff5bc-dfa8-4ec7-b786-e254551daa7a
95a6c5ee-1f6f-4c17-b474-32d09fe6ec86	full name	openid-connect	oidc-full-name-mapper	\N	502aae9f-6860-4616-92bf-873a4b285d5c
41ab885b-cfe5-4447-9e4e-35b8fbb141e3	family name	openid-connect	oidc-usermodel-attribute-mapper	\N	502aae9f-6860-4616-92bf-873a4b285d5c
72be0d3a-2295-40b7-95c5-c69372ed5c97	given name	openid-connect	oidc-usermodel-attribute-mapper	\N	502aae9f-6860-4616-92bf-873a4b285d5c
9722731d-e2a9-4ab3-9af2-10bf2c1a1fc9	middle name	openid-connect	oidc-usermodel-attribute-mapper	\N	502aae9f-6860-4616-92bf-873a4b285d5c
03762cfa-d59f-4a14-a99f-f64969a70172	nickname	openid-connect	oidc-usermodel-attribute-mapper	\N	502aae9f-6860-4616-92bf-873a4b285d5c
aaa09e6e-149f-4f4a-80c5-db9f6b326c46	username	openid-connect	oidc-usermodel-attribute-mapper	\N	502aae9f-6860-4616-92bf-873a4b285d5c
3c531e07-673a-4267-8460-a40568b1fddf	profile	openid-connect	oidc-usermodel-attribute-mapper	\N	502aae9f-6860-4616-92bf-873a4b285d5c
03341955-82c5-4950-8312-b5be2d19119b	picture	openid-connect	oidc-usermodel-attribute-mapper	\N	502aae9f-6860-4616-92bf-873a4b285d5c
b72e89c8-817a-4668-921e-3a78ff2897bb	website	openid-connect	oidc-usermodel-attribute-mapper	\N	502aae9f-6860-4616-92bf-873a4b285d5c
25ff6cb7-8236-4464-82f8-944b93f23dc8	gender	openid-connect	oidc-usermodel-attribute-mapper	\N	502aae9f-6860-4616-92bf-873a4b285d5c
2f3d8ed6-7292-4591-bb38-109a2a988765	birthdate	openid-connect	oidc-usermodel-attribute-mapper	\N	502aae9f-6860-4616-92bf-873a4b285d5c
27a98344-411a-481d-be9f-9f96f5091818	zoneinfo	openid-connect	oidc-usermodel-attribute-mapper	\N	502aae9f-6860-4616-92bf-873a4b285d5c
bbf099d0-211c-456c-951b-6eacb2af01f2	locale	openid-connect	oidc-usermodel-attribute-mapper	\N	502aae9f-6860-4616-92bf-873a4b285d5c
8ec6ed2c-e0aa-4748-ac69-7b356371b8a1	updated at	openid-connect	oidc-usermodel-attribute-mapper	\N	502aae9f-6860-4616-92bf-873a4b285d5c
91f5616d-f4ea-46eb-b5a9-6518d07d79d8	email	openid-connect	oidc-usermodel-attribute-mapper	\N	5371599b-4c28-42b2-8203-4bd061863e7c
40ec4f2c-c724-4634-90ea-bc281cf3cf68	email verified	openid-connect	oidc-usermodel-property-mapper	\N	5371599b-4c28-42b2-8203-4bd061863e7c
16354a32-9887-4817-9d89-d84c8766ccb9	address	openid-connect	oidc-address-mapper	\N	e01331c7-a229-42f8-8076-94beeb7c7f28
eede317d-ab69-4025-9672-5d65f5be7a0c	phone number	openid-connect	oidc-usermodel-attribute-mapper	\N	399e2d5e-b9b7-4746-86bb-c8fa3ae392dc
33fd2ce4-1052-4231-b580-81110530d673	phone number verified	openid-connect	oidc-usermodel-attribute-mapper	\N	399e2d5e-b9b7-4746-86bb-c8fa3ae392dc
2ef63216-b4a6-47eb-b8cd-a34b2ff04c66	realm roles	openid-connect	oidc-usermodel-realm-role-mapper	\N	1c7a16cb-8a5e-4c38-8571-5b6ade51f503
3604bb81-6c2b-454f-9204-da81683f7eae	client roles	openid-connect	oidc-usermodel-client-role-mapper	\N	1c7a16cb-8a5e-4c38-8571-5b6ade51f503
53fdf70f-a7e9-4741-b774-43f65558ac93	audience resolve	openid-connect	oidc-audience-resolve-mapper	\N	1c7a16cb-8a5e-4c38-8571-5b6ade51f503
54d6635c-abca-4012-b400-68f12ac37704	allowed web origins	openid-connect	oidc-allowed-origins-mapper	\N	274b40e1-2538-4160-97cf-0af79554f8dd
df57fe60-cd47-42b1-a0c2-4c5bb0c73956	upn	openid-connect	oidc-usermodel-attribute-mapper	\N	6c70e033-e991-4463-80a7-c362b6161270
ffbfa638-e330-4a4d-b902-f1a356f3304d	groups	openid-connect	oidc-usermodel-realm-role-mapper	\N	6c70e033-e991-4463-80a7-c362b6161270
1c1c3ddb-b54e-47d5-8b31-4fec53ab0c0a	acr loa level	openid-connect	oidc-acr-mapper	\N	cb0b23ff-07a0-4763-9375-c4560d177a21
ee394b83-cb1a-4f1f-868f-ff0e22c7e436	audience resolve	openid-connect	oidc-audience-resolve-mapper	c37d0f0b-c932-4d3a-bd95-28a66e6ea5c9	\N
75176f27-ffa8-4c1e-be88-554517e2d0ed	role list	saml	saml-role-list-mapper	\N	89f5ed2c-9dc2-4739-9535-c0254f9ad670
b6933ed6-d03f-4551-a654-eed0ddd929d8	full name	openid-connect	oidc-full-name-mapper	\N	5b3f95c8-175a-416c-9b04-80baa193d9e2
2bb171bb-44bb-4fc6-8fa3-e80f17f70e5a	family name	openid-connect	oidc-usermodel-attribute-mapper	\N	5b3f95c8-175a-416c-9b04-80baa193d9e2
ebe1c1e7-f454-430a-942d-661654e0ee38	given name	openid-connect	oidc-usermodel-attribute-mapper	\N	5b3f95c8-175a-416c-9b04-80baa193d9e2
983cc907-9cd0-47d7-ad90-f2c858302e6f	middle name	openid-connect	oidc-usermodel-attribute-mapper	\N	5b3f95c8-175a-416c-9b04-80baa193d9e2
ccd9b51b-6a5e-4698-9a9d-a79689c8a2f3	nickname	openid-connect	oidc-usermodel-attribute-mapper	\N	5b3f95c8-175a-416c-9b04-80baa193d9e2
83b165cb-c322-4bba-89bc-41342abfd6a5	username	openid-connect	oidc-usermodel-attribute-mapper	\N	5b3f95c8-175a-416c-9b04-80baa193d9e2
98b49c2f-9fec-4ac8-ba4f-e98c43032734	profile	openid-connect	oidc-usermodel-attribute-mapper	\N	5b3f95c8-175a-416c-9b04-80baa193d9e2
f183e9a3-0d3e-4d08-85eb-46622d8a3bac	picture	openid-connect	oidc-usermodel-attribute-mapper	\N	5b3f95c8-175a-416c-9b04-80baa193d9e2
457105cb-b838-41e2-a2ee-51f61ce43b74	website	openid-connect	oidc-usermodel-attribute-mapper	\N	5b3f95c8-175a-416c-9b04-80baa193d9e2
f7009cbf-6ccb-4324-8a93-070e1db7cd07	gender	openid-connect	oidc-usermodel-attribute-mapper	\N	5b3f95c8-175a-416c-9b04-80baa193d9e2
8ee3df76-5455-4cd0-bbce-923f78f4336b	birthdate	openid-connect	oidc-usermodel-attribute-mapper	\N	5b3f95c8-175a-416c-9b04-80baa193d9e2
c81d2d01-c5c4-44f0-b933-f97b1eaa4a2e	zoneinfo	openid-connect	oidc-usermodel-attribute-mapper	\N	5b3f95c8-175a-416c-9b04-80baa193d9e2
c931a9f1-3f11-4fa3-8405-c9fb043043cd	locale	openid-connect	oidc-usermodel-attribute-mapper	\N	5b3f95c8-175a-416c-9b04-80baa193d9e2
574519d8-1c4a-4f7f-b2a4-406be2be8bf0	updated at	openid-connect	oidc-usermodel-attribute-mapper	\N	5b3f95c8-175a-416c-9b04-80baa193d9e2
3f17ab62-cd47-4dab-adda-cef6b8def8cb	email	openid-connect	oidc-usermodel-attribute-mapper	\N	f288c286-f1c9-4379-8a42-8ef0ecd3ddbd
05ca8b9f-2df0-40cf-af71-b1b4df7fca74	email verified	openid-connect	oidc-usermodel-property-mapper	\N	f288c286-f1c9-4379-8a42-8ef0ecd3ddbd
2c3237eb-0e76-469e-9508-a847f159c0a9	address	openid-connect	oidc-address-mapper	\N	52065593-44c5-4c63-a316-b95b7af27871
03eef35f-99a4-4a0a-b7ee-6fb7ad8b8763	phone number	openid-connect	oidc-usermodel-attribute-mapper	\N	b197cb5d-0959-42f2-883e-909a217cd3c1
c7b43d5e-32fb-47d7-9d34-c3e11427a48a	phone number verified	openid-connect	oidc-usermodel-attribute-mapper	\N	b197cb5d-0959-42f2-883e-909a217cd3c1
27d4f06c-8d42-43ab-93bc-6e758a4be8df	realm roles	openid-connect	oidc-usermodel-realm-role-mapper	\N	bb82bef9-2e2a-42df-9960-568f2aefadb6
a194f635-db05-467c-928f-71caa62bda50	client roles	openid-connect	oidc-usermodel-client-role-mapper	\N	bb82bef9-2e2a-42df-9960-568f2aefadb6
09a6b55b-9592-4709-bb5f-085736b205ca	audience resolve	openid-connect	oidc-audience-resolve-mapper	\N	bb82bef9-2e2a-42df-9960-568f2aefadb6
10bcd2a7-4dd5-43cb-adf7-c4fb58303dce	allowed web origins	openid-connect	oidc-allowed-origins-mapper	\N	e53e498e-b0b7-4611-81f8-b766d2046a3a
60457894-6514-4268-931d-66c208a26eb6	upn	openid-connect	oidc-usermodel-attribute-mapper	\N	d10bcaf0-ab88-40bc-8f72-5bf7c43eff6c
c1862b8f-4a5f-4c6f-9b00-bd099114029d	groups	openid-connect	oidc-usermodel-realm-role-mapper	\N	d10bcaf0-ab88-40bc-8f72-5bf7c43eff6c
4fd5455d-595c-4728-977d-eec8c613d977	acr loa level	openid-connect	oidc-acr-mapper	\N	8a9a548e-beea-443c-aa06-780d4166c10f
c437a827-69de-4753-8a79-1e6c5e9f4506	locale	openid-connect	oidc-usermodel-attribute-mapper	1f2a4ae0-417e-4a9b-aca7-33612839bb03	\N
8bd6909d-4027-4efb-91b9-d6ec9071ce07	Client ID	openid-connect	oidc-usersessionmodel-note-mapper	b672abb4-231c-4b38-979b-27a876b88462	\N
e38bab21-124e-49f5-bbfe-3c74d1e59e0f	Client Host	openid-connect	oidc-usersessionmodel-note-mapper	b672abb4-231c-4b38-979b-27a876b88462	\N
40d9bdb0-baaa-495e-8a1e-a04e30e5bd48	Client IP Address	openid-connect	oidc-usersessionmodel-note-mapper	b672abb4-231c-4b38-979b-27a876b88462	\N
758e4af3-942f-4be0-96f6-d8c51c8166c3	user roles	openid-connect	oidc-usermodel-realm-role-mapper	\N	bb82bef9-2e2a-42df-9960-568f2aefadb6
\.


--
-- Data for Name: protocol_mapper_config; Type: TABLE DATA; Schema: keycloak; Owner: keycloak_user
--

COPY keycloak.protocol_mapper_config (protocol_mapper_id, value, name) FROM stdin;
666f4786-662c-4378-a640-0f3faa2091c0	true	userinfo.token.claim
666f4786-662c-4378-a640-0f3faa2091c0	locale	user.attribute
666f4786-662c-4378-a640-0f3faa2091c0	true	id.token.claim
666f4786-662c-4378-a640-0f3faa2091c0	true	access.token.claim
666f4786-662c-4378-a640-0f3faa2091c0	locale	claim.name
666f4786-662c-4378-a640-0f3faa2091c0	String	jsonType.label
e62d5274-da75-45e0-8be9-16cd96e5dd0e	false	single
e62d5274-da75-45e0-8be9-16cd96e5dd0e	Basic	attribute.nameformat
e62d5274-da75-45e0-8be9-16cd96e5dd0e	Role	attribute.name
03341955-82c5-4950-8312-b5be2d19119b	true	userinfo.token.claim
03341955-82c5-4950-8312-b5be2d19119b	picture	user.attribute
03341955-82c5-4950-8312-b5be2d19119b	true	id.token.claim
03341955-82c5-4950-8312-b5be2d19119b	true	access.token.claim
03341955-82c5-4950-8312-b5be2d19119b	picture	claim.name
03341955-82c5-4950-8312-b5be2d19119b	String	jsonType.label
03762cfa-d59f-4a14-a99f-f64969a70172	true	userinfo.token.claim
03762cfa-d59f-4a14-a99f-f64969a70172	nickname	user.attribute
03762cfa-d59f-4a14-a99f-f64969a70172	true	id.token.claim
03762cfa-d59f-4a14-a99f-f64969a70172	true	access.token.claim
03762cfa-d59f-4a14-a99f-f64969a70172	nickname	claim.name
03762cfa-d59f-4a14-a99f-f64969a70172	String	jsonType.label
25ff6cb7-8236-4464-82f8-944b93f23dc8	true	userinfo.token.claim
25ff6cb7-8236-4464-82f8-944b93f23dc8	gender	user.attribute
25ff6cb7-8236-4464-82f8-944b93f23dc8	true	id.token.claim
25ff6cb7-8236-4464-82f8-944b93f23dc8	true	access.token.claim
25ff6cb7-8236-4464-82f8-944b93f23dc8	gender	claim.name
25ff6cb7-8236-4464-82f8-944b93f23dc8	String	jsonType.label
27a98344-411a-481d-be9f-9f96f5091818	true	userinfo.token.claim
27a98344-411a-481d-be9f-9f96f5091818	zoneinfo	user.attribute
27a98344-411a-481d-be9f-9f96f5091818	true	id.token.claim
27a98344-411a-481d-be9f-9f96f5091818	true	access.token.claim
27a98344-411a-481d-be9f-9f96f5091818	zoneinfo	claim.name
27a98344-411a-481d-be9f-9f96f5091818	String	jsonType.label
2f3d8ed6-7292-4591-bb38-109a2a988765	true	userinfo.token.claim
2f3d8ed6-7292-4591-bb38-109a2a988765	birthdate	user.attribute
2f3d8ed6-7292-4591-bb38-109a2a988765	true	id.token.claim
2f3d8ed6-7292-4591-bb38-109a2a988765	true	access.token.claim
2f3d8ed6-7292-4591-bb38-109a2a988765	birthdate	claim.name
2f3d8ed6-7292-4591-bb38-109a2a988765	String	jsonType.label
3c531e07-673a-4267-8460-a40568b1fddf	true	userinfo.token.claim
3c531e07-673a-4267-8460-a40568b1fddf	profile	user.attribute
3c531e07-673a-4267-8460-a40568b1fddf	true	id.token.claim
3c531e07-673a-4267-8460-a40568b1fddf	true	access.token.claim
3c531e07-673a-4267-8460-a40568b1fddf	profile	claim.name
3c531e07-673a-4267-8460-a40568b1fddf	String	jsonType.label
41ab885b-cfe5-4447-9e4e-35b8fbb141e3	true	userinfo.token.claim
41ab885b-cfe5-4447-9e4e-35b8fbb141e3	lastName	user.attribute
41ab885b-cfe5-4447-9e4e-35b8fbb141e3	true	id.token.claim
41ab885b-cfe5-4447-9e4e-35b8fbb141e3	true	access.token.claim
41ab885b-cfe5-4447-9e4e-35b8fbb141e3	family_name	claim.name
41ab885b-cfe5-4447-9e4e-35b8fbb141e3	String	jsonType.label
72be0d3a-2295-40b7-95c5-c69372ed5c97	true	userinfo.token.claim
72be0d3a-2295-40b7-95c5-c69372ed5c97	firstName	user.attribute
72be0d3a-2295-40b7-95c5-c69372ed5c97	true	id.token.claim
72be0d3a-2295-40b7-95c5-c69372ed5c97	true	access.token.claim
72be0d3a-2295-40b7-95c5-c69372ed5c97	given_name	claim.name
72be0d3a-2295-40b7-95c5-c69372ed5c97	String	jsonType.label
8ec6ed2c-e0aa-4748-ac69-7b356371b8a1	true	userinfo.token.claim
8ec6ed2c-e0aa-4748-ac69-7b356371b8a1	updatedAt	user.attribute
8ec6ed2c-e0aa-4748-ac69-7b356371b8a1	true	id.token.claim
8ec6ed2c-e0aa-4748-ac69-7b356371b8a1	true	access.token.claim
8ec6ed2c-e0aa-4748-ac69-7b356371b8a1	updated_at	claim.name
8ec6ed2c-e0aa-4748-ac69-7b356371b8a1	long	jsonType.label
95a6c5ee-1f6f-4c17-b474-32d09fe6ec86	true	userinfo.token.claim
95a6c5ee-1f6f-4c17-b474-32d09fe6ec86	true	id.token.claim
95a6c5ee-1f6f-4c17-b474-32d09fe6ec86	true	access.token.claim
9722731d-e2a9-4ab3-9af2-10bf2c1a1fc9	true	userinfo.token.claim
9722731d-e2a9-4ab3-9af2-10bf2c1a1fc9	middleName	user.attribute
9722731d-e2a9-4ab3-9af2-10bf2c1a1fc9	true	id.token.claim
9722731d-e2a9-4ab3-9af2-10bf2c1a1fc9	true	access.token.claim
9722731d-e2a9-4ab3-9af2-10bf2c1a1fc9	middle_name	claim.name
9722731d-e2a9-4ab3-9af2-10bf2c1a1fc9	String	jsonType.label
aaa09e6e-149f-4f4a-80c5-db9f6b326c46	true	userinfo.token.claim
aaa09e6e-149f-4f4a-80c5-db9f6b326c46	username	user.attribute
aaa09e6e-149f-4f4a-80c5-db9f6b326c46	true	id.token.claim
aaa09e6e-149f-4f4a-80c5-db9f6b326c46	true	access.token.claim
aaa09e6e-149f-4f4a-80c5-db9f6b326c46	preferred_username	claim.name
aaa09e6e-149f-4f4a-80c5-db9f6b326c46	String	jsonType.label
b72e89c8-817a-4668-921e-3a78ff2897bb	true	userinfo.token.claim
b72e89c8-817a-4668-921e-3a78ff2897bb	website	user.attribute
b72e89c8-817a-4668-921e-3a78ff2897bb	true	id.token.claim
b72e89c8-817a-4668-921e-3a78ff2897bb	true	access.token.claim
b72e89c8-817a-4668-921e-3a78ff2897bb	website	claim.name
b72e89c8-817a-4668-921e-3a78ff2897bb	String	jsonType.label
bbf099d0-211c-456c-951b-6eacb2af01f2	true	userinfo.token.claim
bbf099d0-211c-456c-951b-6eacb2af01f2	locale	user.attribute
bbf099d0-211c-456c-951b-6eacb2af01f2	true	id.token.claim
bbf099d0-211c-456c-951b-6eacb2af01f2	true	access.token.claim
bbf099d0-211c-456c-951b-6eacb2af01f2	locale	claim.name
bbf099d0-211c-456c-951b-6eacb2af01f2	String	jsonType.label
40ec4f2c-c724-4634-90ea-bc281cf3cf68	true	userinfo.token.claim
40ec4f2c-c724-4634-90ea-bc281cf3cf68	emailVerified	user.attribute
40ec4f2c-c724-4634-90ea-bc281cf3cf68	true	id.token.claim
40ec4f2c-c724-4634-90ea-bc281cf3cf68	true	access.token.claim
40ec4f2c-c724-4634-90ea-bc281cf3cf68	email_verified	claim.name
40ec4f2c-c724-4634-90ea-bc281cf3cf68	boolean	jsonType.label
91f5616d-f4ea-46eb-b5a9-6518d07d79d8	true	userinfo.token.claim
91f5616d-f4ea-46eb-b5a9-6518d07d79d8	email	user.attribute
91f5616d-f4ea-46eb-b5a9-6518d07d79d8	true	id.token.claim
91f5616d-f4ea-46eb-b5a9-6518d07d79d8	true	access.token.claim
91f5616d-f4ea-46eb-b5a9-6518d07d79d8	email	claim.name
91f5616d-f4ea-46eb-b5a9-6518d07d79d8	String	jsonType.label
16354a32-9887-4817-9d89-d84c8766ccb9	formatted	user.attribute.formatted
16354a32-9887-4817-9d89-d84c8766ccb9	country	user.attribute.country
16354a32-9887-4817-9d89-d84c8766ccb9	postal_code	user.attribute.postal_code
16354a32-9887-4817-9d89-d84c8766ccb9	true	userinfo.token.claim
16354a32-9887-4817-9d89-d84c8766ccb9	street	user.attribute.street
16354a32-9887-4817-9d89-d84c8766ccb9	true	id.token.claim
16354a32-9887-4817-9d89-d84c8766ccb9	region	user.attribute.region
16354a32-9887-4817-9d89-d84c8766ccb9	true	access.token.claim
16354a32-9887-4817-9d89-d84c8766ccb9	locality	user.attribute.locality
33fd2ce4-1052-4231-b580-81110530d673	true	userinfo.token.claim
33fd2ce4-1052-4231-b580-81110530d673	phoneNumberVerified	user.attribute
33fd2ce4-1052-4231-b580-81110530d673	true	id.token.claim
33fd2ce4-1052-4231-b580-81110530d673	true	access.token.claim
33fd2ce4-1052-4231-b580-81110530d673	phone_number_verified	claim.name
33fd2ce4-1052-4231-b580-81110530d673	boolean	jsonType.label
eede317d-ab69-4025-9672-5d65f5be7a0c	true	userinfo.token.claim
eede317d-ab69-4025-9672-5d65f5be7a0c	phoneNumber	user.attribute
eede317d-ab69-4025-9672-5d65f5be7a0c	true	id.token.claim
eede317d-ab69-4025-9672-5d65f5be7a0c	true	access.token.claim
eede317d-ab69-4025-9672-5d65f5be7a0c	phone_number	claim.name
eede317d-ab69-4025-9672-5d65f5be7a0c	String	jsonType.label
2ef63216-b4a6-47eb-b8cd-a34b2ff04c66	true	multivalued
2ef63216-b4a6-47eb-b8cd-a34b2ff04c66	foo	user.attribute
2ef63216-b4a6-47eb-b8cd-a34b2ff04c66	true	access.token.claim
2ef63216-b4a6-47eb-b8cd-a34b2ff04c66	realm_access.roles	claim.name
2ef63216-b4a6-47eb-b8cd-a34b2ff04c66	String	jsonType.label
3604bb81-6c2b-454f-9204-da81683f7eae	true	multivalued
3604bb81-6c2b-454f-9204-da81683f7eae	foo	user.attribute
3604bb81-6c2b-454f-9204-da81683f7eae	true	access.token.claim
3604bb81-6c2b-454f-9204-da81683f7eae	resource_access.${client_id}.roles	claim.name
3604bb81-6c2b-454f-9204-da81683f7eae	String	jsonType.label
df57fe60-cd47-42b1-a0c2-4c5bb0c73956	true	userinfo.token.claim
df57fe60-cd47-42b1-a0c2-4c5bb0c73956	username	user.attribute
df57fe60-cd47-42b1-a0c2-4c5bb0c73956	true	id.token.claim
df57fe60-cd47-42b1-a0c2-4c5bb0c73956	true	access.token.claim
df57fe60-cd47-42b1-a0c2-4c5bb0c73956	upn	claim.name
df57fe60-cd47-42b1-a0c2-4c5bb0c73956	String	jsonType.label
ffbfa638-e330-4a4d-b902-f1a356f3304d	true	multivalued
ffbfa638-e330-4a4d-b902-f1a356f3304d	foo	user.attribute
ffbfa638-e330-4a4d-b902-f1a356f3304d	true	id.token.claim
ffbfa638-e330-4a4d-b902-f1a356f3304d	true	access.token.claim
ffbfa638-e330-4a4d-b902-f1a356f3304d	groups	claim.name
ffbfa638-e330-4a4d-b902-f1a356f3304d	String	jsonType.label
1c1c3ddb-b54e-47d5-8b31-4fec53ab0c0a	true	id.token.claim
1c1c3ddb-b54e-47d5-8b31-4fec53ab0c0a	true	access.token.claim
75176f27-ffa8-4c1e-be88-554517e2d0ed	false	single
75176f27-ffa8-4c1e-be88-554517e2d0ed	Basic	attribute.nameformat
75176f27-ffa8-4c1e-be88-554517e2d0ed	Role	attribute.name
2bb171bb-44bb-4fc6-8fa3-e80f17f70e5a	true	userinfo.token.claim
2bb171bb-44bb-4fc6-8fa3-e80f17f70e5a	lastName	user.attribute
2bb171bb-44bb-4fc6-8fa3-e80f17f70e5a	true	id.token.claim
2bb171bb-44bb-4fc6-8fa3-e80f17f70e5a	true	access.token.claim
2bb171bb-44bb-4fc6-8fa3-e80f17f70e5a	family_name	claim.name
2bb171bb-44bb-4fc6-8fa3-e80f17f70e5a	String	jsonType.label
457105cb-b838-41e2-a2ee-51f61ce43b74	true	userinfo.token.claim
457105cb-b838-41e2-a2ee-51f61ce43b74	website	user.attribute
457105cb-b838-41e2-a2ee-51f61ce43b74	true	id.token.claim
457105cb-b838-41e2-a2ee-51f61ce43b74	true	access.token.claim
457105cb-b838-41e2-a2ee-51f61ce43b74	website	claim.name
457105cb-b838-41e2-a2ee-51f61ce43b74	String	jsonType.label
574519d8-1c4a-4f7f-b2a4-406be2be8bf0	true	userinfo.token.claim
574519d8-1c4a-4f7f-b2a4-406be2be8bf0	updatedAt	user.attribute
574519d8-1c4a-4f7f-b2a4-406be2be8bf0	true	id.token.claim
574519d8-1c4a-4f7f-b2a4-406be2be8bf0	true	access.token.claim
574519d8-1c4a-4f7f-b2a4-406be2be8bf0	updated_at	claim.name
574519d8-1c4a-4f7f-b2a4-406be2be8bf0	long	jsonType.label
83b165cb-c322-4bba-89bc-41342abfd6a5	true	userinfo.token.claim
83b165cb-c322-4bba-89bc-41342abfd6a5	username	user.attribute
83b165cb-c322-4bba-89bc-41342abfd6a5	true	id.token.claim
83b165cb-c322-4bba-89bc-41342abfd6a5	true	access.token.claim
83b165cb-c322-4bba-89bc-41342abfd6a5	preferred_username	claim.name
83b165cb-c322-4bba-89bc-41342abfd6a5	String	jsonType.label
8ee3df76-5455-4cd0-bbce-923f78f4336b	true	userinfo.token.claim
8ee3df76-5455-4cd0-bbce-923f78f4336b	birthdate	user.attribute
8ee3df76-5455-4cd0-bbce-923f78f4336b	true	id.token.claim
8ee3df76-5455-4cd0-bbce-923f78f4336b	true	access.token.claim
8ee3df76-5455-4cd0-bbce-923f78f4336b	birthdate	claim.name
8ee3df76-5455-4cd0-bbce-923f78f4336b	String	jsonType.label
983cc907-9cd0-47d7-ad90-f2c858302e6f	true	userinfo.token.claim
983cc907-9cd0-47d7-ad90-f2c858302e6f	middleName	user.attribute
983cc907-9cd0-47d7-ad90-f2c858302e6f	true	id.token.claim
983cc907-9cd0-47d7-ad90-f2c858302e6f	true	access.token.claim
983cc907-9cd0-47d7-ad90-f2c858302e6f	middle_name	claim.name
983cc907-9cd0-47d7-ad90-f2c858302e6f	String	jsonType.label
98b49c2f-9fec-4ac8-ba4f-e98c43032734	true	userinfo.token.claim
98b49c2f-9fec-4ac8-ba4f-e98c43032734	profile	user.attribute
98b49c2f-9fec-4ac8-ba4f-e98c43032734	true	id.token.claim
98b49c2f-9fec-4ac8-ba4f-e98c43032734	true	access.token.claim
98b49c2f-9fec-4ac8-ba4f-e98c43032734	profile	claim.name
98b49c2f-9fec-4ac8-ba4f-e98c43032734	String	jsonType.label
b6933ed6-d03f-4551-a654-eed0ddd929d8	true	userinfo.token.claim
b6933ed6-d03f-4551-a654-eed0ddd929d8	true	id.token.claim
b6933ed6-d03f-4551-a654-eed0ddd929d8	true	access.token.claim
c81d2d01-c5c4-44f0-b933-f97b1eaa4a2e	true	userinfo.token.claim
c81d2d01-c5c4-44f0-b933-f97b1eaa4a2e	zoneinfo	user.attribute
c81d2d01-c5c4-44f0-b933-f97b1eaa4a2e	true	id.token.claim
c81d2d01-c5c4-44f0-b933-f97b1eaa4a2e	true	access.token.claim
c81d2d01-c5c4-44f0-b933-f97b1eaa4a2e	zoneinfo	claim.name
c81d2d01-c5c4-44f0-b933-f97b1eaa4a2e	String	jsonType.label
c931a9f1-3f11-4fa3-8405-c9fb043043cd	true	userinfo.token.claim
c931a9f1-3f11-4fa3-8405-c9fb043043cd	locale	user.attribute
c931a9f1-3f11-4fa3-8405-c9fb043043cd	true	id.token.claim
c931a9f1-3f11-4fa3-8405-c9fb043043cd	true	access.token.claim
c931a9f1-3f11-4fa3-8405-c9fb043043cd	locale	claim.name
c931a9f1-3f11-4fa3-8405-c9fb043043cd	String	jsonType.label
ccd9b51b-6a5e-4698-9a9d-a79689c8a2f3	true	userinfo.token.claim
ccd9b51b-6a5e-4698-9a9d-a79689c8a2f3	nickname	user.attribute
ccd9b51b-6a5e-4698-9a9d-a79689c8a2f3	true	id.token.claim
ccd9b51b-6a5e-4698-9a9d-a79689c8a2f3	true	access.token.claim
ccd9b51b-6a5e-4698-9a9d-a79689c8a2f3	nickname	claim.name
ccd9b51b-6a5e-4698-9a9d-a79689c8a2f3	String	jsonType.label
ebe1c1e7-f454-430a-942d-661654e0ee38	true	userinfo.token.claim
ebe1c1e7-f454-430a-942d-661654e0ee38	firstName	user.attribute
ebe1c1e7-f454-430a-942d-661654e0ee38	true	id.token.claim
ebe1c1e7-f454-430a-942d-661654e0ee38	true	access.token.claim
ebe1c1e7-f454-430a-942d-661654e0ee38	given_name	claim.name
ebe1c1e7-f454-430a-942d-661654e0ee38	String	jsonType.label
f183e9a3-0d3e-4d08-85eb-46622d8a3bac	true	userinfo.token.claim
f183e9a3-0d3e-4d08-85eb-46622d8a3bac	picture	user.attribute
f183e9a3-0d3e-4d08-85eb-46622d8a3bac	true	id.token.claim
f183e9a3-0d3e-4d08-85eb-46622d8a3bac	true	access.token.claim
f183e9a3-0d3e-4d08-85eb-46622d8a3bac	picture	claim.name
f183e9a3-0d3e-4d08-85eb-46622d8a3bac	String	jsonType.label
f7009cbf-6ccb-4324-8a93-070e1db7cd07	true	userinfo.token.claim
f7009cbf-6ccb-4324-8a93-070e1db7cd07	gender	user.attribute
f7009cbf-6ccb-4324-8a93-070e1db7cd07	true	id.token.claim
f7009cbf-6ccb-4324-8a93-070e1db7cd07	true	access.token.claim
f7009cbf-6ccb-4324-8a93-070e1db7cd07	gender	claim.name
f7009cbf-6ccb-4324-8a93-070e1db7cd07	String	jsonType.label
05ca8b9f-2df0-40cf-af71-b1b4df7fca74	true	userinfo.token.claim
05ca8b9f-2df0-40cf-af71-b1b4df7fca74	emailVerified	user.attribute
05ca8b9f-2df0-40cf-af71-b1b4df7fca74	true	id.token.claim
05ca8b9f-2df0-40cf-af71-b1b4df7fca74	true	access.token.claim
05ca8b9f-2df0-40cf-af71-b1b4df7fca74	email_verified	claim.name
05ca8b9f-2df0-40cf-af71-b1b4df7fca74	boolean	jsonType.label
3f17ab62-cd47-4dab-adda-cef6b8def8cb	true	userinfo.token.claim
3f17ab62-cd47-4dab-adda-cef6b8def8cb	email	user.attribute
3f17ab62-cd47-4dab-adda-cef6b8def8cb	true	id.token.claim
3f17ab62-cd47-4dab-adda-cef6b8def8cb	true	access.token.claim
3f17ab62-cd47-4dab-adda-cef6b8def8cb	email	claim.name
3f17ab62-cd47-4dab-adda-cef6b8def8cb	String	jsonType.label
2c3237eb-0e76-469e-9508-a847f159c0a9	formatted	user.attribute.formatted
2c3237eb-0e76-469e-9508-a847f159c0a9	country	user.attribute.country
2c3237eb-0e76-469e-9508-a847f159c0a9	postal_code	user.attribute.postal_code
2c3237eb-0e76-469e-9508-a847f159c0a9	true	userinfo.token.claim
2c3237eb-0e76-469e-9508-a847f159c0a9	street	user.attribute.street
2c3237eb-0e76-469e-9508-a847f159c0a9	true	id.token.claim
2c3237eb-0e76-469e-9508-a847f159c0a9	region	user.attribute.region
2c3237eb-0e76-469e-9508-a847f159c0a9	true	access.token.claim
2c3237eb-0e76-469e-9508-a847f159c0a9	locality	user.attribute.locality
03eef35f-99a4-4a0a-b7ee-6fb7ad8b8763	true	userinfo.token.claim
03eef35f-99a4-4a0a-b7ee-6fb7ad8b8763	phoneNumber	user.attribute
03eef35f-99a4-4a0a-b7ee-6fb7ad8b8763	true	id.token.claim
03eef35f-99a4-4a0a-b7ee-6fb7ad8b8763	true	access.token.claim
03eef35f-99a4-4a0a-b7ee-6fb7ad8b8763	phone_number	claim.name
03eef35f-99a4-4a0a-b7ee-6fb7ad8b8763	String	jsonType.label
c7b43d5e-32fb-47d7-9d34-c3e11427a48a	true	userinfo.token.claim
c7b43d5e-32fb-47d7-9d34-c3e11427a48a	phoneNumberVerified	user.attribute
c7b43d5e-32fb-47d7-9d34-c3e11427a48a	true	id.token.claim
c7b43d5e-32fb-47d7-9d34-c3e11427a48a	true	access.token.claim
c7b43d5e-32fb-47d7-9d34-c3e11427a48a	phone_number_verified	claim.name
c7b43d5e-32fb-47d7-9d34-c3e11427a48a	boolean	jsonType.label
27d4f06c-8d42-43ab-93bc-6e758a4be8df	true	multivalued
27d4f06c-8d42-43ab-93bc-6e758a4be8df	foo	user.attribute
27d4f06c-8d42-43ab-93bc-6e758a4be8df	true	access.token.claim
27d4f06c-8d42-43ab-93bc-6e758a4be8df	realm_access.roles	claim.name
27d4f06c-8d42-43ab-93bc-6e758a4be8df	String	jsonType.label
a194f635-db05-467c-928f-71caa62bda50	true	multivalued
a194f635-db05-467c-928f-71caa62bda50	foo	user.attribute
a194f635-db05-467c-928f-71caa62bda50	true	access.token.claim
a194f635-db05-467c-928f-71caa62bda50	resource_access.${client_id}.roles	claim.name
a194f635-db05-467c-928f-71caa62bda50	String	jsonType.label
60457894-6514-4268-931d-66c208a26eb6	true	userinfo.token.claim
60457894-6514-4268-931d-66c208a26eb6	username	user.attribute
60457894-6514-4268-931d-66c208a26eb6	true	id.token.claim
60457894-6514-4268-931d-66c208a26eb6	true	access.token.claim
60457894-6514-4268-931d-66c208a26eb6	upn	claim.name
60457894-6514-4268-931d-66c208a26eb6	String	jsonType.label
c1862b8f-4a5f-4c6f-9b00-bd099114029d	true	multivalued
c1862b8f-4a5f-4c6f-9b00-bd099114029d	foo	user.attribute
c1862b8f-4a5f-4c6f-9b00-bd099114029d	true	id.token.claim
c1862b8f-4a5f-4c6f-9b00-bd099114029d	true	access.token.claim
c1862b8f-4a5f-4c6f-9b00-bd099114029d	groups	claim.name
c1862b8f-4a5f-4c6f-9b00-bd099114029d	String	jsonType.label
4fd5455d-595c-4728-977d-eec8c613d977	true	id.token.claim
4fd5455d-595c-4728-977d-eec8c613d977	true	access.token.claim
c437a827-69de-4753-8a79-1e6c5e9f4506	true	userinfo.token.claim
c437a827-69de-4753-8a79-1e6c5e9f4506	locale	user.attribute
c437a827-69de-4753-8a79-1e6c5e9f4506	true	id.token.claim
c437a827-69de-4753-8a79-1e6c5e9f4506	true	access.token.claim
c437a827-69de-4753-8a79-1e6c5e9f4506	locale	claim.name
c437a827-69de-4753-8a79-1e6c5e9f4506	String	jsonType.label
40d9bdb0-baaa-495e-8a1e-a04e30e5bd48	clientAddress	user.session.note
40d9bdb0-baaa-495e-8a1e-a04e30e5bd48	true	id.token.claim
40d9bdb0-baaa-495e-8a1e-a04e30e5bd48	true	access.token.claim
40d9bdb0-baaa-495e-8a1e-a04e30e5bd48	clientAddress	claim.name
40d9bdb0-baaa-495e-8a1e-a04e30e5bd48	String	jsonType.label
8bd6909d-4027-4efb-91b9-d6ec9071ce07	client_id	user.session.note
8bd6909d-4027-4efb-91b9-d6ec9071ce07	true	id.token.claim
8bd6909d-4027-4efb-91b9-d6ec9071ce07	true	access.token.claim
8bd6909d-4027-4efb-91b9-d6ec9071ce07	client_id	claim.name
8bd6909d-4027-4efb-91b9-d6ec9071ce07	String	jsonType.label
e38bab21-124e-49f5-bbfe-3c74d1e59e0f	clientHost	user.session.note
e38bab21-124e-49f5-bbfe-3c74d1e59e0f	true	id.token.claim
e38bab21-124e-49f5-bbfe-3c74d1e59e0f	true	access.token.claim
e38bab21-124e-49f5-bbfe-3c74d1e59e0f	clientHost	claim.name
e38bab21-124e-49f5-bbfe-3c74d1e59e0f	String	jsonType.label
758e4af3-942f-4be0-96f6-d8c51c8166c3	true	multivalued
758e4af3-942f-4be0-96f6-d8c51c8166c3	true	userinfo.token.claim
758e4af3-942f-4be0-96f6-d8c51c8166c3	true	id.token.claim
758e4af3-942f-4be0-96f6-d8c51c8166c3	true	access.token.claim
758e4af3-942f-4be0-96f6-d8c51c8166c3	spring_sec_roles	claim.name
758e4af3-942f-4be0-96f6-d8c51c8166c3	String	jsonType.label
\.


--
-- Data for Name: realm; Type: TABLE DATA; Schema: keycloak; Owner: keycloak_user
--

COPY keycloak.realm (id, access_code_lifespan, user_action_lifespan, access_token_lifespan, account_theme, admin_theme, email_theme, enabled, events_enabled, events_expiration, login_theme, name, not_before, password_policy, registration_allowed, remember_me, reset_password_allowed, social, ssl_required, sso_idle_timeout, sso_max_lifespan, update_profile_on_soc_login, verify_email, master_admin_client, login_lifespan, internationalization_enabled, default_locale, reg_email_as_username, admin_events_enabled, admin_events_details_enabled, edit_username_allowed, otp_policy_counter, otp_policy_window, otp_policy_period, otp_policy_digits, otp_policy_alg, otp_policy_type, browser_flow, registration_flow, direct_grant_flow, reset_credentials_flow, client_auth_flow, offline_session_idle_timeout, revoke_refresh_token, access_token_life_implicit, login_with_email_allowed, duplicate_emails_allowed, docker_auth_flow, refresh_token_max_reuse, allow_user_managed_access, sso_max_lifespan_remember_me, sso_idle_timeout_remember_me, default_role) FROM stdin;
4e897766-489b-43e9-be69-b608772223be	60	300	9000	\N	\N	\N	t	f	0	\N	jenjetsu-realm	0	\N	t	t	t	f	EXTERNAL	1800	36000	f	f	0b11890e-cf7f-4430-b661-5f5812d4d0c1	1800	f	\N	f	f	f	f	0	1	30	6	HmacSHA1	totp	cd5c4eb6-86db-41c9-b481-d41b87e4de08	01533758-5a98-4190-a481-241638639824	bd7afdf1-0707-4ff8-94a3-d7c1993a7e5c	1f9424a8-508e-48fe-bbbf-6b8a656405d1	ddaf0d2e-7b80-49eb-93d2-1a9eff105ed5	2592000	f	1800	t	f	0449f0e8-69d1-4b8f-8198-f21cbb0c8d97	0	f	0	0	ee80ba20-3aa5-4a0f-81a9-0225009268cf
ef7e7262-1dbc-4bd5-a12e-57001411b301	60	300	60	\N	\N	\N	t	f	0	\N	master	0	\N	f	f	f	f	EXTERNAL	1800	36000	f	f	41c31c70-119e-4ff7-b3d9-f0cd0438a8f9	1800	f	\N	f	f	f	f	0	1	30	6	HmacSHA1	totp	ebbef321-181f-46e0-abe3-d33845db1355	d949687f-274b-4ad8-964e-7e70e7acfc4f	3178bb5f-3454-4327-a3a6-07401d290e0a	85c5c27a-e049-4b1f-9514-028463eab5fe	d8ce89eb-b693-4123-96f9-b7636865ce41	2592000	f	900	t	f	d3051b3c-d8f4-4f33-9cdc-86ba4ff271d4	0	f	0	0	8e710204-f697-4e3a-a36a-ce793c03feb4
\.


--
-- Data for Name: realm_attribute; Type: TABLE DATA; Schema: keycloak; Owner: keycloak_user
--

COPY keycloak.realm_attribute (name, realm_id, value) FROM stdin;
_browser_header.contentSecurityPolicyReportOnly	ef7e7262-1dbc-4bd5-a12e-57001411b301	
_browser_header.xContentTypeOptions	ef7e7262-1dbc-4bd5-a12e-57001411b301	nosniff
_browser_header.referrerPolicy	ef7e7262-1dbc-4bd5-a12e-57001411b301	no-referrer
_browser_header.xRobotsTag	ef7e7262-1dbc-4bd5-a12e-57001411b301	none
_browser_header.xFrameOptions	ef7e7262-1dbc-4bd5-a12e-57001411b301	SAMEORIGIN
_browser_header.contentSecurityPolicy	ef7e7262-1dbc-4bd5-a12e-57001411b301	frame-src 'self'; frame-ancestors 'self'; object-src 'none';
_browser_header.xXSSProtection	ef7e7262-1dbc-4bd5-a12e-57001411b301	1; mode=block
_browser_header.strictTransportSecurity	ef7e7262-1dbc-4bd5-a12e-57001411b301	max-age=31536000; includeSubDomains
bruteForceProtected	ef7e7262-1dbc-4bd5-a12e-57001411b301	false
permanentLockout	ef7e7262-1dbc-4bd5-a12e-57001411b301	false
maxFailureWaitSeconds	ef7e7262-1dbc-4bd5-a12e-57001411b301	900
minimumQuickLoginWaitSeconds	ef7e7262-1dbc-4bd5-a12e-57001411b301	60
waitIncrementSeconds	ef7e7262-1dbc-4bd5-a12e-57001411b301	60
quickLoginCheckMilliSeconds	ef7e7262-1dbc-4bd5-a12e-57001411b301	1000
maxDeltaTimeSeconds	ef7e7262-1dbc-4bd5-a12e-57001411b301	43200
failureFactor	ef7e7262-1dbc-4bd5-a12e-57001411b301	30
realmReusableOtpCode	ef7e7262-1dbc-4bd5-a12e-57001411b301	false
displayName	ef7e7262-1dbc-4bd5-a12e-57001411b301	Keycloak
displayNameHtml	ef7e7262-1dbc-4bd5-a12e-57001411b301	<div class="kc-logo-text"><span>Keycloak</span></div>
defaultSignatureAlgorithm	ef7e7262-1dbc-4bd5-a12e-57001411b301	RS256
offlineSessionMaxLifespanEnabled	ef7e7262-1dbc-4bd5-a12e-57001411b301	false
offlineSessionMaxLifespan	ef7e7262-1dbc-4bd5-a12e-57001411b301	5184000
shortVerificationUri	4e897766-489b-43e9-be69-b608772223be	
actionTokenGeneratedByUserLifespan-verify-email	4e897766-489b-43e9-be69-b608772223be	
actionTokenGeneratedByUserLifespan-idp-verify-account-via-email	4e897766-489b-43e9-be69-b608772223be	
actionTokenGeneratedByUserLifespan-reset-credentials	4e897766-489b-43e9-be69-b608772223be	
actionTokenGeneratedByUserLifespan-execute-actions	4e897766-489b-43e9-be69-b608772223be	
realmReusableOtpCode	4e897766-489b-43e9-be69-b608772223be	false
oauth2DeviceCodeLifespan	4e897766-489b-43e9-be69-b608772223be	600
oauth2DevicePollingInterval	4e897766-489b-43e9-be69-b608772223be	5
cibaBackchannelTokenDeliveryMode	4e897766-489b-43e9-be69-b608772223be	poll
cibaExpiresIn	4e897766-489b-43e9-be69-b608772223be	120
cibaInterval	4e897766-489b-43e9-be69-b608772223be	5
cibaAuthRequestedUserHint	4e897766-489b-43e9-be69-b608772223be	login_hint
parRequestUriLifespan	4e897766-489b-43e9-be69-b608772223be	60
clientSessionIdleTimeout	4e897766-489b-43e9-be69-b608772223be	0
clientSessionMaxLifespan	4e897766-489b-43e9-be69-b608772223be	0
clientOfflineSessionIdleTimeout	4e897766-489b-43e9-be69-b608772223be	0
clientOfflineSessionMaxLifespan	4e897766-489b-43e9-be69-b608772223be	0
bruteForceProtected	4e897766-489b-43e9-be69-b608772223be	false
permanentLockout	4e897766-489b-43e9-be69-b608772223be	false
maxFailureWaitSeconds	4e897766-489b-43e9-be69-b608772223be	900
minimumQuickLoginWaitSeconds	4e897766-489b-43e9-be69-b608772223be	60
waitIncrementSeconds	4e897766-489b-43e9-be69-b608772223be	60
quickLoginCheckMilliSeconds	4e897766-489b-43e9-be69-b608772223be	1000
maxDeltaTimeSeconds	4e897766-489b-43e9-be69-b608772223be	43200
failureFactor	4e897766-489b-43e9-be69-b608772223be	30
actionTokenGeneratedByAdminLifespan	4e897766-489b-43e9-be69-b608772223be	43200
actionTokenGeneratedByUserLifespan	4e897766-489b-43e9-be69-b608772223be	300
defaultSignatureAlgorithm	4e897766-489b-43e9-be69-b608772223be	RS256
offlineSessionMaxLifespanEnabled	4e897766-489b-43e9-be69-b608772223be	false
offlineSessionMaxLifespan	4e897766-489b-43e9-be69-b608772223be	5184000
webAuthnPolicyRpEntityName	4e897766-489b-43e9-be69-b608772223be	keycloak
webAuthnPolicySignatureAlgorithms	4e897766-489b-43e9-be69-b608772223be	ES256
webAuthnPolicyRpId	4e897766-489b-43e9-be69-b608772223be	
webAuthnPolicyAttestationConveyancePreference	4e897766-489b-43e9-be69-b608772223be	not specified
webAuthnPolicyAuthenticatorAttachment	4e897766-489b-43e9-be69-b608772223be	not specified
webAuthnPolicyRequireResidentKey	4e897766-489b-43e9-be69-b608772223be	not specified
webAuthnPolicyUserVerificationRequirement	4e897766-489b-43e9-be69-b608772223be	not specified
webAuthnPolicyCreateTimeout	4e897766-489b-43e9-be69-b608772223be	0
webAuthnPolicyAvoidSameAuthenticatorRegister	4e897766-489b-43e9-be69-b608772223be	false
webAuthnPolicyRpEntityNamePasswordless	4e897766-489b-43e9-be69-b608772223be	keycloak
webAuthnPolicySignatureAlgorithmsPasswordless	4e897766-489b-43e9-be69-b608772223be	ES256
webAuthnPolicyRpIdPasswordless	4e897766-489b-43e9-be69-b608772223be	
webAuthnPolicyAttestationConveyancePreferencePasswordless	4e897766-489b-43e9-be69-b608772223be	not specified
webAuthnPolicyAuthenticatorAttachmentPasswordless	4e897766-489b-43e9-be69-b608772223be	not specified
webAuthnPolicyRequireResidentKeyPasswordless	4e897766-489b-43e9-be69-b608772223be	not specified
webAuthnPolicyUserVerificationRequirementPasswordless	4e897766-489b-43e9-be69-b608772223be	not specified
webAuthnPolicyCreateTimeoutPasswordless	4e897766-489b-43e9-be69-b608772223be	0
webAuthnPolicyAvoidSameAuthenticatorRegisterPasswordless	4e897766-489b-43e9-be69-b608772223be	false
client-policies.profiles	4e897766-489b-43e9-be69-b608772223be	{"profiles":[]}
client-policies.policies	4e897766-489b-43e9-be69-b608772223be	{"policies":[]}
_browser_header.contentSecurityPolicyReportOnly	4e897766-489b-43e9-be69-b608772223be	
_browser_header.xContentTypeOptions	4e897766-489b-43e9-be69-b608772223be	nosniff
_browser_header.referrerPolicy	4e897766-489b-43e9-be69-b608772223be	no-referrer
_browser_header.xRobotsTag	4e897766-489b-43e9-be69-b608772223be	none
_browser_header.xFrameOptions	4e897766-489b-43e9-be69-b608772223be	SAMEORIGIN
_browser_header.contentSecurityPolicy	4e897766-489b-43e9-be69-b608772223be	frame-src 'self'; frame-ancestors 'self'; object-src 'none';
_browser_header.xXSSProtection	4e897766-489b-43e9-be69-b608772223be	1; mode=block
_browser_header.strictTransportSecurity	4e897766-489b-43e9-be69-b608772223be	max-age=31536000; includeSubDomains
\.


--
-- Data for Name: realm_default_groups; Type: TABLE DATA; Schema: keycloak; Owner: keycloak_user
--

COPY keycloak.realm_default_groups (realm_id, group_id) FROM stdin;
\.


--
-- Data for Name: realm_enabled_event_types; Type: TABLE DATA; Schema: keycloak; Owner: keycloak_user
--

COPY keycloak.realm_enabled_event_types (realm_id, value) FROM stdin;
\.


--
-- Data for Name: realm_events_listeners; Type: TABLE DATA; Schema: keycloak; Owner: keycloak_user
--

COPY keycloak.realm_events_listeners (realm_id, value) FROM stdin;
ef7e7262-1dbc-4bd5-a12e-57001411b301	jboss-logging
4e897766-489b-43e9-be69-b608772223be	jboss-logging
\.


--
-- Data for Name: realm_localizations; Type: TABLE DATA; Schema: keycloak; Owner: keycloak_user
--

COPY keycloak.realm_localizations (realm_id, locale, texts) FROM stdin;
\.


--
-- Data for Name: realm_required_credential; Type: TABLE DATA; Schema: keycloak; Owner: keycloak_user
--

COPY keycloak.realm_required_credential (type, form_label, input, secret, realm_id) FROM stdin;
password	password	t	t	ef7e7262-1dbc-4bd5-a12e-57001411b301
password	password	t	t	4e897766-489b-43e9-be69-b608772223be
\.


--
-- Data for Name: realm_smtp_config; Type: TABLE DATA; Schema: keycloak; Owner: keycloak_user
--

COPY keycloak.realm_smtp_config (realm_id, value, name) FROM stdin;
\.


--
-- Data for Name: realm_supported_locales; Type: TABLE DATA; Schema: keycloak; Owner: keycloak_user
--

COPY keycloak.realm_supported_locales (realm_id, value) FROM stdin;
\.


--
-- Data for Name: redirect_uris; Type: TABLE DATA; Schema: keycloak; Owner: keycloak_user
--

COPY keycloak.redirect_uris (client_id, value) FROM stdin;
84bab3ab-2028-431d-b0ba-0b1a79a30fdb	/realms/master/account/*
caedbae2-07e4-4861-815a-8a6261067bf2	/realms/master/account/*
133ec281-f2b7-40c3-a874-674a37e49388	/admin/master/console/*
941dbdc2-6ff7-4eb2-b5df-06bc0d9746d2	/realms/jenjetsu-realm/account/*
c37d0f0b-c932-4d3a-bd95-28a66e6ea5c9	/realms/jenjetsu-realm/account/*
1f2a4ae0-417e-4a9b-aca7-33612839bb03	/admin/jenjetsu-realm/console/*
b672abb4-231c-4b38-979b-27a876b88462	http://localhost:7777/login/oauth2/code/jenjetsu-sso
\.


--
-- Data for Name: required_action_config; Type: TABLE DATA; Schema: keycloak; Owner: keycloak_user
--

COPY keycloak.required_action_config (required_action_id, value, name) FROM stdin;
\.


--
-- Data for Name: required_action_provider; Type: TABLE DATA; Schema: keycloak; Owner: keycloak_user
--

COPY keycloak.required_action_provider (id, alias, name, realm_id, enabled, default_action, provider_id, priority) FROM stdin;
451ddcbb-8785-4edf-8d69-d598effc7887	VERIFY_EMAIL	Verify Email	ef7e7262-1dbc-4bd5-a12e-57001411b301	t	f	VERIFY_EMAIL	50
e950e38b-1bff-45be-9a22-3f8cfc76a9cc	UPDATE_PROFILE	Update Profile	ef7e7262-1dbc-4bd5-a12e-57001411b301	t	f	UPDATE_PROFILE	40
bf7f3bb6-726b-41e6-8eb7-c0b757d1e44a	CONFIGURE_TOTP	Configure OTP	ef7e7262-1dbc-4bd5-a12e-57001411b301	t	f	CONFIGURE_TOTP	10
eff06d02-0861-4ae5-9954-1dfed35b6338	UPDATE_PASSWORD	Update Password	ef7e7262-1dbc-4bd5-a12e-57001411b301	t	f	UPDATE_PASSWORD	30
f4d49fb6-487b-40f6-8684-2eeb961bed6f	TERMS_AND_CONDITIONS	Terms and Conditions	ef7e7262-1dbc-4bd5-a12e-57001411b301	f	f	TERMS_AND_CONDITIONS	20
43e1e091-c625-42f5-9b5c-7b7e9d2d5eaf	delete_account	Delete Account	ef7e7262-1dbc-4bd5-a12e-57001411b301	f	f	delete_account	60
3c98a4da-cbca-4515-8a5a-e61d429e84c4	update_user_locale	Update User Locale	ef7e7262-1dbc-4bd5-a12e-57001411b301	t	f	update_user_locale	1000
270ab534-9682-47d5-a271-83f687c35350	webauthn-register	Webauthn Register	ef7e7262-1dbc-4bd5-a12e-57001411b301	t	f	webauthn-register	70
aa57d42f-e132-4a92-a206-cab4d467b03e	webauthn-register-passwordless	Webauthn Register Passwordless	ef7e7262-1dbc-4bd5-a12e-57001411b301	t	f	webauthn-register-passwordless	80
e21011b1-8639-4ed9-a5e6-582c506bb5b6	VERIFY_EMAIL	Verify Email	4e897766-489b-43e9-be69-b608772223be	t	f	VERIFY_EMAIL	50
75d3fb94-7cc3-45bf-bee7-a231b0aa0e13	UPDATE_PROFILE	Update Profile	4e897766-489b-43e9-be69-b608772223be	t	f	UPDATE_PROFILE	40
231c135d-0cd9-4607-9e21-03c10ac3314d	CONFIGURE_TOTP	Configure OTP	4e897766-489b-43e9-be69-b608772223be	t	f	CONFIGURE_TOTP	10
6700a573-5bbd-4ac2-90af-d7a4d212f5fc	UPDATE_PASSWORD	Update Password	4e897766-489b-43e9-be69-b608772223be	t	f	UPDATE_PASSWORD	30
947b6f20-7049-4a0f-9234-5f229cb7c367	TERMS_AND_CONDITIONS	Terms and Conditions	4e897766-489b-43e9-be69-b608772223be	f	f	TERMS_AND_CONDITIONS	20
6a7323fb-8f4e-4ca7-b819-43edce735ed4	delete_account	Delete Account	4e897766-489b-43e9-be69-b608772223be	f	f	delete_account	60
49054b2c-f4a5-4b7f-aa0b-2bf12f3c234c	update_user_locale	Update User Locale	4e897766-489b-43e9-be69-b608772223be	t	f	update_user_locale	1000
ba869427-6c0d-47dd-a0a0-2f9b3bd8df8f	webauthn-register	Webauthn Register	4e897766-489b-43e9-be69-b608772223be	t	f	webauthn-register	70
13383a3f-c165-4ac0-ad21-5e185d0f9a52	webauthn-register-passwordless	Webauthn Register Passwordless	4e897766-489b-43e9-be69-b608772223be	t	f	webauthn-register-passwordless	80
\.


--
-- Data for Name: resource_attribute; Type: TABLE DATA; Schema: keycloak; Owner: keycloak_user
--

COPY keycloak.resource_attribute (id, name, value, resource_id) FROM stdin;
\.


--
-- Data for Name: resource_policy; Type: TABLE DATA; Schema: keycloak; Owner: keycloak_user
--

COPY keycloak.resource_policy (resource_id, policy_id) FROM stdin;
\.


--
-- Data for Name: resource_scope; Type: TABLE DATA; Schema: keycloak; Owner: keycloak_user
--

COPY keycloak.resource_scope (resource_id, scope_id) FROM stdin;
\.


--
-- Data for Name: resource_server; Type: TABLE DATA; Schema: keycloak; Owner: keycloak_user
--

COPY keycloak.resource_server (id, allow_rs_remote_mgmt, policy_enforce_mode, decision_strategy) FROM stdin;
b672abb4-231c-4b38-979b-27a876b88462	t	0	1
\.


--
-- Data for Name: resource_server_perm_ticket; Type: TABLE DATA; Schema: keycloak; Owner: keycloak_user
--

COPY keycloak.resource_server_perm_ticket (id, owner, requester, created_timestamp, granted_timestamp, resource_id, scope_id, resource_server_id, policy_id) FROM stdin;
\.


--
-- Data for Name: resource_server_policy; Type: TABLE DATA; Schema: keycloak; Owner: keycloak_user
--

COPY keycloak.resource_server_policy (id, name, description, type, decision_strategy, logic, resource_server_id, owner) FROM stdin;
73ddd0e8-fa34-4d4c-a901-86ed16d93470	Default Policy	A policy that grants access only for users within this realm	js	0	0	b672abb4-231c-4b38-979b-27a876b88462	\N
1c2e24d1-eb62-43ff-aaca-44a5a3f76f16	Default Permission	A permission that applies to the default resource type	resource	1	0	b672abb4-231c-4b38-979b-27a876b88462	\N
\.


--
-- Data for Name: resource_server_resource; Type: TABLE DATA; Schema: keycloak; Owner: keycloak_user
--

COPY keycloak.resource_server_resource (id, name, type, icon_uri, owner, resource_server_id, owner_managed_access, display_name) FROM stdin;
a55f86cc-8078-4ad4-adc3-475c425da16b	Default Resource	urn:jenjetsu-sso:resources:default	\N	b672abb4-231c-4b38-979b-27a876b88462	b672abb4-231c-4b38-979b-27a876b88462	f	\N
\.


--
-- Data for Name: resource_server_scope; Type: TABLE DATA; Schema: keycloak; Owner: keycloak_user
--

COPY keycloak.resource_server_scope (id, name, icon_uri, resource_server_id, display_name) FROM stdin;
\.


--
-- Data for Name: resource_uris; Type: TABLE DATA; Schema: keycloak; Owner: keycloak_user
--

COPY keycloak.resource_uris (resource_id, value) FROM stdin;
a55f86cc-8078-4ad4-adc3-475c425da16b	/*
\.


--
-- Data for Name: role_attribute; Type: TABLE DATA; Schema: keycloak; Owner: keycloak_user
--

COPY keycloak.role_attribute (id, role_id, name, value) FROM stdin;
\.


--
-- Data for Name: scope_mapping; Type: TABLE DATA; Schema: keycloak; Owner: keycloak_user
--

COPY keycloak.scope_mapping (client_id, role_id) FROM stdin;
caedbae2-07e4-4861-815a-8a6261067bf2	82fc91c1-e72a-4cb7-a6fc-8c10140c0695
caedbae2-07e4-4861-815a-8a6261067bf2	a00b6675-88d8-4439-b6e9-7eb4f0b9c260
c37d0f0b-c932-4d3a-bd95-28a66e6ea5c9	b29d9184-092e-4c68-b03c-5e1fe6f4abdd
c37d0f0b-c932-4d3a-bd95-28a66e6ea5c9	c576f994-24b5-4930-9bee-940fdae47c6f
\.


--
-- Data for Name: scope_policy; Type: TABLE DATA; Schema: keycloak; Owner: keycloak_user
--

COPY keycloak.scope_policy (scope_id, policy_id) FROM stdin;
\.


--
-- Data for Name: user_attribute; Type: TABLE DATA; Schema: keycloak; Owner: keycloak_user
--

COPY keycloak.user_attribute (name, value, user_id, id) FROM stdin;
\.


--
-- Data for Name: user_consent; Type: TABLE DATA; Schema: keycloak; Owner: keycloak_user
--

COPY keycloak.user_consent (id, client_id, user_id, created_date, last_updated_date, client_storage_provider, external_client_id) FROM stdin;
\.


--
-- Data for Name: user_consent_client_scope; Type: TABLE DATA; Schema: keycloak; Owner: keycloak_user
--

COPY keycloak.user_consent_client_scope (user_consent_id, scope_id) FROM stdin;
\.


--
-- Data for Name: user_entity; Type: TABLE DATA; Schema: keycloak; Owner: keycloak_user
--

COPY keycloak.user_entity (id, email, email_constraint, email_verified, enabled, federation_link, first_name, last_name, realm_id, username, created_timestamp, service_account_client_link, not_before) FROM stdin;
eed19d8f-7f23-42d0-a6e0-9c2aaf58b6bb	\N	179decd9-dd21-4711-945b-86f980ee0e24	f	t	\N	\N	\N	ef7e7262-1dbc-4bd5-a12e-57001411b301	admin	1699614243276	\N	0
5473e1db-5262-4f32-953b-227c2f98d23d	\N	8adc0cbe-07ab-4138-b063-8773511ed05b	f	t	\N	\N	\N	4e897766-489b-43e9-be69-b608772223be	service-account-jenjetsu-sso	1699710172520	b672abb4-231c-4b38-979b-27a876b88462	0
3d52e348-29c0-4abb-9db8-a39860c6cd1a	\N	0f514955-dbdd-4bf8-a2b8-dceaf4eb11da	f	t	\N	Hussein	bem Laden	ef7e7262-1dbc-4bd5-a12e-57001411b301	isis	1699828782147	\N	0
f3b7fe08-13b5-4eff-b128-7bbd768b2d2e	test@mail.com	test@mail.com	t	t	\N	Admin	admin	4e897766-489b-43e9-be69-b608772223be	admin	1699711554905	\N	0
58e7500d-888a-4a07-b04f-df3361059a65	nukebomb@mail.com	nukebomb@mail.com	t	t	\N	Hussein	bem Laden	4e897766-489b-43e9-be69-b608772223be	isis	1699829101723	\N	0
71334133-ecd8-41d6-a11e-4f2403b34bcb	manager@mail.com	manager@mail.com	t	t	\N	\N	\N	4e897766-489b-43e9-be69-b608772223be	manager	1700206812779	\N	0
a9a7f9ce-4298-4ee9-9158-dde196c047b1	tsvetstas30@gmail.com	tsvetstas30@gmail.com	f	t	\N	Stas	Tsvetkov	4e897766-489b-43e9-be69-b608772223be	lakmilak	1701345691024	\N	0
\.


--
-- Data for Name: user_federation_config; Type: TABLE DATA; Schema: keycloak; Owner: keycloak_user
--

COPY keycloak.user_federation_config (user_federation_provider_id, value, name) FROM stdin;
\.


--
-- Data for Name: user_federation_mapper; Type: TABLE DATA; Schema: keycloak; Owner: keycloak_user
--

COPY keycloak.user_federation_mapper (id, name, federation_provider_id, federation_mapper_type, realm_id) FROM stdin;
\.


--
-- Data for Name: user_federation_mapper_config; Type: TABLE DATA; Schema: keycloak; Owner: keycloak_user
--

COPY keycloak.user_federation_mapper_config (user_federation_mapper_id, value, name) FROM stdin;
\.


--
-- Data for Name: user_federation_provider; Type: TABLE DATA; Schema: keycloak; Owner: keycloak_user
--

COPY keycloak.user_federation_provider (id, changed_sync_period, display_name, full_sync_period, last_sync, priority, provider_name, realm_id) FROM stdin;
\.


--
-- Data for Name: user_group_membership; Type: TABLE DATA; Schema: keycloak; Owner: keycloak_user
--

COPY keycloak.user_group_membership (group_id, user_id) FROM stdin;
\.


--
-- Data for Name: user_required_action; Type: TABLE DATA; Schema: keycloak; Owner: keycloak_user
--

COPY keycloak.user_required_action (user_id, required_action) FROM stdin;
\.


--
-- Data for Name: user_role_mapping; Type: TABLE DATA; Schema: keycloak; Owner: keycloak_user
--

COPY keycloak.user_role_mapping (role_id, user_id) FROM stdin;
8e710204-f697-4e3a-a36a-ce793c03feb4	eed19d8f-7f23-42d0-a6e0-9c2aaf58b6bb
ce63dab4-15c2-4282-81f4-bb6fe59796dd	eed19d8f-7f23-42d0-a6e0-9c2aaf58b6bb
20ef7630-3baf-4f89-8091-7cb0bc0d2fdc	eed19d8f-7f23-42d0-a6e0-9c2aaf58b6bb
580a89ee-5dfc-4208-a1a1-04d629467df5	eed19d8f-7f23-42d0-a6e0-9c2aaf58b6bb
3c4dc751-522b-4a48-8675-c8fcb0c21003	eed19d8f-7f23-42d0-a6e0-9c2aaf58b6bb
1d4eaa64-a528-47d9-99ac-44f1496b6ee2	eed19d8f-7f23-42d0-a6e0-9c2aaf58b6bb
f174841b-d90f-47b2-a232-2d3e7c904d5e	eed19d8f-7f23-42d0-a6e0-9c2aaf58b6bb
7ce6724d-8188-48c4-b27a-213d21827425	eed19d8f-7f23-42d0-a6e0-9c2aaf58b6bb
0094fc7b-8ce5-4a4c-b266-4e0e59cc840e	eed19d8f-7f23-42d0-a6e0-9c2aaf58b6bb
2798e819-d327-46e2-8843-2141bd44f2dc	eed19d8f-7f23-42d0-a6e0-9c2aaf58b6bb
649e141f-ecb9-4532-9f38-866560313a7a	eed19d8f-7f23-42d0-a6e0-9c2aaf58b6bb
5fda429f-075d-4804-95f4-964cc0c71831	eed19d8f-7f23-42d0-a6e0-9c2aaf58b6bb
0008fdd2-df3c-45a2-9818-aaeb14e32e8d	eed19d8f-7f23-42d0-a6e0-9c2aaf58b6bb
025e21f3-4430-444c-abde-d671a85b9bf9	eed19d8f-7f23-42d0-a6e0-9c2aaf58b6bb
1c6e4bef-59bd-4bff-ae79-de0309b71d34	eed19d8f-7f23-42d0-a6e0-9c2aaf58b6bb
f83a5ae2-f4f5-48f5-9cdb-687a299714e6	eed19d8f-7f23-42d0-a6e0-9c2aaf58b6bb
8d61e8c7-9510-4602-a30e-9355310e6481	eed19d8f-7f23-42d0-a6e0-9c2aaf58b6bb
e8a0557c-b647-40c6-b29f-6b6444aed032	eed19d8f-7f23-42d0-a6e0-9c2aaf58b6bb
de246b83-541e-4285-aea7-224ba76dae10	eed19d8f-7f23-42d0-a6e0-9c2aaf58b6bb
ee80ba20-3aa5-4a0f-81a9-0225009268cf	5473e1db-5262-4f32-953b-227c2f98d23d
0cd759e7-ad55-4127-bd8c-1e2d2de6f9ff	5473e1db-5262-4f32-953b-227c2f98d23d
ee80ba20-3aa5-4a0f-81a9-0225009268cf	f3b7fe08-13b5-4eff-b128-7bbd768b2d2e
8e710204-f697-4e3a-a36a-ce793c03feb4	3d52e348-29c0-4abb-9db8-a39860c6cd1a
ee80ba20-3aa5-4a0f-81a9-0225009268cf	58e7500d-888a-4a07-b04f-df3361059a65
27de7004-2d5b-4914-ab75-e7361d8645e0	58e7500d-888a-4a07-b04f-df3361059a65
cd93cb14-0a0a-49f1-8281-a456f0c90ee7	58e7500d-888a-4a07-b04f-df3361059a65
ee80ba20-3aa5-4a0f-81a9-0225009268cf	71334133-ecd8-41d6-a11e-4f2403b34bcb
21283b40-cf23-4a3d-8d2d-42668a21c6b8	71334133-ecd8-41d6-a11e-4f2403b34bcb
ee80ba20-3aa5-4a0f-81a9-0225009268cf	a9a7f9ce-4298-4ee9-9158-dde196c047b1
\.


--
-- Data for Name: user_session; Type: TABLE DATA; Schema: keycloak; Owner: keycloak_user
--

COPY keycloak.user_session (id, auth_method, ip_address, last_session_refresh, login_username, realm_id, remember_me, started, user_id, user_session_state, broker_session_id, broker_user_id) FROM stdin;
\.


--
-- Data for Name: user_session_note; Type: TABLE DATA; Schema: keycloak; Owner: keycloak_user
--

COPY keycloak.user_session_note (user_session, name, value) FROM stdin;
\.


--
-- Data for Name: username_login_failure; Type: TABLE DATA; Schema: keycloak; Owner: keycloak_user
--

COPY keycloak.username_login_failure (realm_id, username, failed_login_not_before, last_failure, last_ip_failure, num_failures) FROM stdin;
\.


--
-- Data for Name: web_origins; Type: TABLE DATA; Schema: keycloak; Owner: keycloak_user
--

COPY keycloak.web_origins (client_id, value) FROM stdin;
133ec281-f2b7-40c3-a874-674a37e49388	+
1f2a4ae0-417e-4a9b-aca7-33612839bb03	+
b672abb4-231c-4b38-979b-27a876b88462	*
\.


--
-- Data for Name: t_activity_status; Type: TABLE DATA; Schema: public; Owner: Stey
--

COPY public.t_activity_status (activity_status_id, status) FROM stdin;
1	CREATED
2	FINISHED
\.


--
-- Data for Name: t_dashboard; Type: TABLE DATA; Schema: public; Owner: Stey
--

COPY public.t_dashboard (dashboard_id, created_at, is_deleted, is_hidden, name, creator_id) FROM stdin;
9d86655e-dff2-45af-acda-66bea421e72a	2023-11-30 10:33:42.344502	f	t	Dashboard 9d86655e-dff2	fb517256-d8d8-4b41-8e8d-6e0b05bdea38
\.


--
-- Data for Name: t_dashboard_user_invite; Type: TABLE DATA; Schema: public; Owner: Stey
--

COPY public.t_dashboard_user_invite (dashboard_user_invite_id, expiration_date, dashboard_id, inviter_id, receiver_id) FROM stdin;
\.


--
-- Data for Name: t_task; Type: TABLE DATA; Schema: public; Owner: Stey
--

COPY public.t_task (task_id, created_at, deleted, description, title, creator_id, task_status_id, dashboard_id) FROM stdin;
6480bd03-587c-4cfd-9fcf-272ef86025da	2023-11-30 14:02:07.575153	f	\N	test-task	fb517256-d8d8-4b41-8e8d-6e0b05bdea38	2	9d86655e-dff2-45af-acda-66bea421e72a
\.


--
-- Data for Name: t_task_activity; Type: TABLE DATA; Schema: public; Owner: Stey
--

COPY public.t_task_activity (task_activity_id, created_at, deleted, description, title, activity_status_id, creator_id, task_id, user_id) FROM stdin;
624d9e3d-d14c-4bdf-bcb1-8d660cca8a39	2023-11-30 15:34:24.482688	f	\N	test-activity	2	fb517256-d8d8-4b41-8e8d-6e0b05bdea38	6480bd03-587c-4cfd-9fcf-272ef86025da	c11cccea-df2d-45eb-aab7-4b47fc4a60e7
\.


--
-- Data for Name: t_task_comment; Type: TABLE DATA; Schema: public; Owner: Stey
--

COPY public.t_task_comment (task_comment_id, content, uploaded_at, task_id, uploader_id) FROM stdin;
\.


--
-- Data for Name: t_task_status; Type: TABLE DATA; Schema: public; Owner: Stey
--

COPY public.t_task_status (task_status_id, status) FROM stdin;
1	CREATED
2	FINISHED
\.


--
-- Data for Name: t_task_user_list; Type: TABLE DATA; Schema: public; Owner: Stey
--

COPY public.t_task_user_list (task_id, user_id) FROM stdin;
\.


--
-- Data for Name: t_user; Type: TABLE DATA; Schema: public; Owner: Stey
--

COPY public.t_user (user_id, blocked, email, firstname, lastname, phone_number, username) FROM stdin;
fb517256-d8d8-4b41-8e8d-6e0b05bdea38	f	manager@mail.com	\N	\N	\N	manager
382fce17-0911-4066-aa37-bceb5585d646	f	tcvetkov.so@dvfu.ru	Stas	Tsvetkov	\N	stey
c11cccea-df2d-45eb-aab7-4b47fc4a60e7	f	nukebomb@mail.com	Hussein	bem Laden	\N	isis
5dd7557d-e47a-400f-8847-cceb3ff57d9c	f	tsvetstas30@gmail.com	Stas	Tsvetkov	\N	lakmilak
\.


--
-- Data for Name: t_user_dashboard; Type: TABLE DATA; Schema: public; Owner: Stey
--

COPY public.t_user_dashboard (dashboard_id, user_id) FROM stdin;
9d86655e-dff2-45af-acda-66bea421e72a	fb517256-d8d8-4b41-8e8d-6e0b05bdea38
9d86655e-dff2-45af-acda-66bea421e72a	c11cccea-df2d-45eb-aab7-4b47fc4a60e7
9d86655e-dff2-45af-acda-66bea421e72a	5dd7557d-e47a-400f-8847-cceb3ff57d9c
\.


--
-- Data for Name: t_user_dashboard_task; Type: TABLE DATA; Schema: public; Owner: Stey
--

COPY public.t_user_dashboard_task (user_id, task_id, dashboard_id) FROM stdin;
c11cccea-df2d-45eb-aab7-4b47fc4a60e7	6480bd03-587c-4cfd-9fcf-272ef86025da	9d86655e-dff2-45af-acda-66bea421e72a
\.


--
-- Name: t_activity_status_activity_status_id_seq; Type: SEQUENCE SET; Schema: public; Owner: Stey
--

SELECT pg_catalog.setval('public.t_activity_status_activity_status_id_seq', 2, true);


--
-- Name: t_activity_status_seq; Type: SEQUENCE SET; Schema: public; Owner: Stey
--

SELECT pg_catalog.setval('public.t_activity_status_seq', 1, false);


--
-- Name: t_task_comment_task_comment_id_seq; Type: SEQUENCE SET; Schema: public; Owner: Stey
--

SELECT pg_catalog.setval('public.t_task_comment_task_comment_id_seq', 1, false);


--
-- Name: t_task_status_seq; Type: SEQUENCE SET; Schema: public; Owner: Stey
--

SELECT pg_catalog.setval('public.t_task_status_seq', 1, false);


--
-- Name: t_task_status_task_status_id_seq; Type: SEQUENCE SET; Schema: public; Owner: Stey
--

SELECT pg_catalog.setval('public.t_task_status_task_status_id_seq', 2, true);


--
-- Name: username_login_failure CONSTRAINT_17-2; Type: CONSTRAINT; Schema: keycloak; Owner: keycloak_user
--

ALTER TABLE ONLY keycloak.username_login_failure
    ADD CONSTRAINT "CONSTRAINT_17-2" PRIMARY KEY (realm_id, username);


--
-- Name: keycloak_role UK_J3RWUVD56ONTGSUHOGM184WW2-2; Type: CONSTRAINT; Schema: keycloak; Owner: keycloak_user
--

ALTER TABLE ONLY keycloak.keycloak_role
    ADD CONSTRAINT "UK_J3RWUVD56ONTGSUHOGM184WW2-2" UNIQUE (name, client_realm_constraint);


--
-- Name: client_auth_flow_bindings c_cli_flow_bind; Type: CONSTRAINT; Schema: keycloak; Owner: keycloak_user
--

ALTER TABLE ONLY keycloak.client_auth_flow_bindings
    ADD CONSTRAINT c_cli_flow_bind PRIMARY KEY (client_id, binding_name);


--
-- Name: client_scope_client c_cli_scope_bind; Type: CONSTRAINT; Schema: keycloak; Owner: keycloak_user
--

ALTER TABLE ONLY keycloak.client_scope_client
    ADD CONSTRAINT c_cli_scope_bind PRIMARY KEY (client_id, scope_id);


--
-- Name: client_initial_access cnstr_client_init_acc_pk; Type: CONSTRAINT; Schema: keycloak; Owner: keycloak_user
--

ALTER TABLE ONLY keycloak.client_initial_access
    ADD CONSTRAINT cnstr_client_init_acc_pk PRIMARY KEY (id);


--
-- Name: realm_default_groups con_group_id_def_groups; Type: CONSTRAINT; Schema: keycloak; Owner: keycloak_user
--

ALTER TABLE ONLY keycloak.realm_default_groups
    ADD CONSTRAINT con_group_id_def_groups UNIQUE (group_id);


--
-- Name: broker_link constr_broker_link_pk; Type: CONSTRAINT; Schema: keycloak; Owner: keycloak_user
--

ALTER TABLE ONLY keycloak.broker_link
    ADD CONSTRAINT constr_broker_link_pk PRIMARY KEY (identity_provider, user_id);


--
-- Name: client_user_session_note constr_cl_usr_ses_note; Type: CONSTRAINT; Schema: keycloak; Owner: keycloak_user
--

ALTER TABLE ONLY keycloak.client_user_session_note
    ADD CONSTRAINT constr_cl_usr_ses_note PRIMARY KEY (client_session, name);


--
-- Name: component_config constr_component_config_pk; Type: CONSTRAINT; Schema: keycloak; Owner: keycloak_user
--

ALTER TABLE ONLY keycloak.component_config
    ADD CONSTRAINT constr_component_config_pk PRIMARY KEY (id);


--
-- Name: component constr_component_pk; Type: CONSTRAINT; Schema: keycloak; Owner: keycloak_user
--

ALTER TABLE ONLY keycloak.component
    ADD CONSTRAINT constr_component_pk PRIMARY KEY (id);


--
-- Name: fed_user_required_action constr_fed_required_action; Type: CONSTRAINT; Schema: keycloak; Owner: keycloak_user
--

ALTER TABLE ONLY keycloak.fed_user_required_action
    ADD CONSTRAINT constr_fed_required_action PRIMARY KEY (required_action, user_id);


--
-- Name: fed_user_attribute constr_fed_user_attr_pk; Type: CONSTRAINT; Schema: keycloak; Owner: keycloak_user
--

ALTER TABLE ONLY keycloak.fed_user_attribute
    ADD CONSTRAINT constr_fed_user_attr_pk PRIMARY KEY (id);


--
-- Name: fed_user_consent constr_fed_user_consent_pk; Type: CONSTRAINT; Schema: keycloak; Owner: keycloak_user
--

ALTER TABLE ONLY keycloak.fed_user_consent
    ADD CONSTRAINT constr_fed_user_consent_pk PRIMARY KEY (id);


--
-- Name: fed_user_credential constr_fed_user_cred_pk; Type: CONSTRAINT; Schema: keycloak; Owner: keycloak_user
--

ALTER TABLE ONLY keycloak.fed_user_credential
    ADD CONSTRAINT constr_fed_user_cred_pk PRIMARY KEY (id);


--
-- Name: fed_user_group_membership constr_fed_user_group; Type: CONSTRAINT; Schema: keycloak; Owner: keycloak_user
--

ALTER TABLE ONLY keycloak.fed_user_group_membership
    ADD CONSTRAINT constr_fed_user_group PRIMARY KEY (group_id, user_id);


--
-- Name: fed_user_role_mapping constr_fed_user_role; Type: CONSTRAINT; Schema: keycloak; Owner: keycloak_user
--

ALTER TABLE ONLY keycloak.fed_user_role_mapping
    ADD CONSTRAINT constr_fed_user_role PRIMARY KEY (role_id, user_id);


--
-- Name: federated_user constr_federated_user; Type: CONSTRAINT; Schema: keycloak; Owner: keycloak_user
--

ALTER TABLE ONLY keycloak.federated_user
    ADD CONSTRAINT constr_federated_user PRIMARY KEY (id);


--
-- Name: realm_default_groups constr_realm_default_groups; Type: CONSTRAINT; Schema: keycloak; Owner: keycloak_user
--

ALTER TABLE ONLY keycloak.realm_default_groups
    ADD CONSTRAINT constr_realm_default_groups PRIMARY KEY (realm_id, group_id);


--
-- Name: realm_enabled_event_types constr_realm_enabl_event_types; Type: CONSTRAINT; Schema: keycloak; Owner: keycloak_user
--

ALTER TABLE ONLY keycloak.realm_enabled_event_types
    ADD CONSTRAINT constr_realm_enabl_event_types PRIMARY KEY (realm_id, value);


--
-- Name: realm_events_listeners constr_realm_events_listeners; Type: CONSTRAINT; Schema: keycloak; Owner: keycloak_user
--

ALTER TABLE ONLY keycloak.realm_events_listeners
    ADD CONSTRAINT constr_realm_events_listeners PRIMARY KEY (realm_id, value);


--
-- Name: realm_supported_locales constr_realm_supported_locales; Type: CONSTRAINT; Schema: keycloak; Owner: keycloak_user
--

ALTER TABLE ONLY keycloak.realm_supported_locales
    ADD CONSTRAINT constr_realm_supported_locales PRIMARY KEY (realm_id, value);


--
-- Name: identity_provider constraint_2b; Type: CONSTRAINT; Schema: keycloak; Owner: keycloak_user
--

ALTER TABLE ONLY keycloak.identity_provider
    ADD CONSTRAINT constraint_2b PRIMARY KEY (internal_id);


--
-- Name: client_attributes constraint_3c; Type: CONSTRAINT; Schema: keycloak; Owner: keycloak_user
--

ALTER TABLE ONLY keycloak.client_attributes
    ADD CONSTRAINT constraint_3c PRIMARY KEY (client_id, name);


--
-- Name: event_entity constraint_4; Type: CONSTRAINT; Schema: keycloak; Owner: keycloak_user
--

ALTER TABLE ONLY keycloak.event_entity
    ADD CONSTRAINT constraint_4 PRIMARY KEY (id);


--
-- Name: federated_identity constraint_40; Type: CONSTRAINT; Schema: keycloak; Owner: keycloak_user
--

ALTER TABLE ONLY keycloak.federated_identity
    ADD CONSTRAINT constraint_40 PRIMARY KEY (identity_provider, user_id);


--
-- Name: realm constraint_4a; Type: CONSTRAINT; Schema: keycloak; Owner: keycloak_user
--

ALTER TABLE ONLY keycloak.realm
    ADD CONSTRAINT constraint_4a PRIMARY KEY (id);


--
-- Name: client_session_role constraint_5; Type: CONSTRAINT; Schema: keycloak; Owner: keycloak_user
--

ALTER TABLE ONLY keycloak.client_session_role
    ADD CONSTRAINT constraint_5 PRIMARY KEY (client_session, role_id);


--
-- Name: user_session constraint_57; Type: CONSTRAINT; Schema: keycloak; Owner: keycloak_user
--

ALTER TABLE ONLY keycloak.user_session
    ADD CONSTRAINT constraint_57 PRIMARY KEY (id);


--
-- Name: user_federation_provider constraint_5c; Type: CONSTRAINT; Schema: keycloak; Owner: keycloak_user
--

ALTER TABLE ONLY keycloak.user_federation_provider
    ADD CONSTRAINT constraint_5c PRIMARY KEY (id);


--
-- Name: client_session_note constraint_5e; Type: CONSTRAINT; Schema: keycloak; Owner: keycloak_user
--

ALTER TABLE ONLY keycloak.client_session_note
    ADD CONSTRAINT constraint_5e PRIMARY KEY (client_session, name);


--
-- Name: client constraint_7; Type: CONSTRAINT; Schema: keycloak; Owner: keycloak_user
--

ALTER TABLE ONLY keycloak.client
    ADD CONSTRAINT constraint_7 PRIMARY KEY (id);


--
-- Name: client_session constraint_8; Type: CONSTRAINT; Schema: keycloak; Owner: keycloak_user
--

ALTER TABLE ONLY keycloak.client_session
    ADD CONSTRAINT constraint_8 PRIMARY KEY (id);


--
-- Name: scope_mapping constraint_81; Type: CONSTRAINT; Schema: keycloak; Owner: keycloak_user
--

ALTER TABLE ONLY keycloak.scope_mapping
    ADD CONSTRAINT constraint_81 PRIMARY KEY (client_id, role_id);


--
-- Name: client_node_registrations constraint_84; Type: CONSTRAINT; Schema: keycloak; Owner: keycloak_user
--

ALTER TABLE ONLY keycloak.client_node_registrations
    ADD CONSTRAINT constraint_84 PRIMARY KEY (client_id, name);


--
-- Name: realm_attribute constraint_9; Type: CONSTRAINT; Schema: keycloak; Owner: keycloak_user
--

ALTER TABLE ONLY keycloak.realm_attribute
    ADD CONSTRAINT constraint_9 PRIMARY KEY (name, realm_id);


--
-- Name: realm_required_credential constraint_92; Type: CONSTRAINT; Schema: keycloak; Owner: keycloak_user
--

ALTER TABLE ONLY keycloak.realm_required_credential
    ADD CONSTRAINT constraint_92 PRIMARY KEY (realm_id, type);


--
-- Name: keycloak_role constraint_a; Type: CONSTRAINT; Schema: keycloak; Owner: keycloak_user
--

ALTER TABLE ONLY keycloak.keycloak_role
    ADD CONSTRAINT constraint_a PRIMARY KEY (id);


--
-- Name: admin_event_entity constraint_admin_event_entity; Type: CONSTRAINT; Schema: keycloak; Owner: keycloak_user
--

ALTER TABLE ONLY keycloak.admin_event_entity
    ADD CONSTRAINT constraint_admin_event_entity PRIMARY KEY (id);


--
-- Name: authenticator_config_entry constraint_auth_cfg_pk; Type: CONSTRAINT; Schema: keycloak; Owner: keycloak_user
--

ALTER TABLE ONLY keycloak.authenticator_config_entry
    ADD CONSTRAINT constraint_auth_cfg_pk PRIMARY KEY (authenticator_id, name);


--
-- Name: authentication_execution constraint_auth_exec_pk; Type: CONSTRAINT; Schema: keycloak; Owner: keycloak_user
--

ALTER TABLE ONLY keycloak.authentication_execution
    ADD CONSTRAINT constraint_auth_exec_pk PRIMARY KEY (id);


--
-- Name: authentication_flow constraint_auth_flow_pk; Type: CONSTRAINT; Schema: keycloak; Owner: keycloak_user
--

ALTER TABLE ONLY keycloak.authentication_flow
    ADD CONSTRAINT constraint_auth_flow_pk PRIMARY KEY (id);


--
-- Name: authenticator_config constraint_auth_pk; Type: CONSTRAINT; Schema: keycloak; Owner: keycloak_user
--

ALTER TABLE ONLY keycloak.authenticator_config
    ADD CONSTRAINT constraint_auth_pk PRIMARY KEY (id);


--
-- Name: client_session_auth_status constraint_auth_status_pk; Type: CONSTRAINT; Schema: keycloak; Owner: keycloak_user
--

ALTER TABLE ONLY keycloak.client_session_auth_status
    ADD CONSTRAINT constraint_auth_status_pk PRIMARY KEY (client_session, authenticator);


--
-- Name: user_role_mapping constraint_c; Type: CONSTRAINT; Schema: keycloak; Owner: keycloak_user
--

ALTER TABLE ONLY keycloak.user_role_mapping
    ADD CONSTRAINT constraint_c PRIMARY KEY (role_id, user_id);


--
-- Name: composite_role constraint_composite_role; Type: CONSTRAINT; Schema: keycloak; Owner: keycloak_user
--

ALTER TABLE ONLY keycloak.composite_role
    ADD CONSTRAINT constraint_composite_role PRIMARY KEY (composite, child_role);


--
-- Name: client_session_prot_mapper constraint_cs_pmp_pk; Type: CONSTRAINT; Schema: keycloak; Owner: keycloak_user
--

ALTER TABLE ONLY keycloak.client_session_prot_mapper
    ADD CONSTRAINT constraint_cs_pmp_pk PRIMARY KEY (client_session, protocol_mapper_id);


--
-- Name: identity_provider_config constraint_d; Type: CONSTRAINT; Schema: keycloak; Owner: keycloak_user
--

ALTER TABLE ONLY keycloak.identity_provider_config
    ADD CONSTRAINT constraint_d PRIMARY KEY (identity_provider_id, name);


--
-- Name: policy_config constraint_dpc; Type: CONSTRAINT; Schema: keycloak; Owner: keycloak_user
--

ALTER TABLE ONLY keycloak.policy_config
    ADD CONSTRAINT constraint_dpc PRIMARY KEY (policy_id, name);


--
-- Name: realm_smtp_config constraint_e; Type: CONSTRAINT; Schema: keycloak; Owner: keycloak_user
--

ALTER TABLE ONLY keycloak.realm_smtp_config
    ADD CONSTRAINT constraint_e PRIMARY KEY (realm_id, name);


--
-- Name: credential constraint_f; Type: CONSTRAINT; Schema: keycloak; Owner: keycloak_user
--

ALTER TABLE ONLY keycloak.credential
    ADD CONSTRAINT constraint_f PRIMARY KEY (id);


--
-- Name: user_federation_config constraint_f9; Type: CONSTRAINT; Schema: keycloak; Owner: keycloak_user
--

ALTER TABLE ONLY keycloak.user_federation_config
    ADD CONSTRAINT constraint_f9 PRIMARY KEY (user_federation_provider_id, name);


--
-- Name: resource_server_perm_ticket constraint_fapmt; Type: CONSTRAINT; Schema: keycloak; Owner: keycloak_user
--

ALTER TABLE ONLY keycloak.resource_server_perm_ticket
    ADD CONSTRAINT constraint_fapmt PRIMARY KEY (id);


--
-- Name: resource_server_resource constraint_farsr; Type: CONSTRAINT; Schema: keycloak; Owner: keycloak_user
--

ALTER TABLE ONLY keycloak.resource_server_resource
    ADD CONSTRAINT constraint_farsr PRIMARY KEY (id);


--
-- Name: resource_server_policy constraint_farsrp; Type: CONSTRAINT; Schema: keycloak; Owner: keycloak_user
--

ALTER TABLE ONLY keycloak.resource_server_policy
    ADD CONSTRAINT constraint_farsrp PRIMARY KEY (id);


--
-- Name: associated_policy constraint_farsrpap; Type: CONSTRAINT; Schema: keycloak; Owner: keycloak_user
--

ALTER TABLE ONLY keycloak.associated_policy
    ADD CONSTRAINT constraint_farsrpap PRIMARY KEY (policy_id, associated_policy_id);


--
-- Name: resource_policy constraint_farsrpp; Type: CONSTRAINT; Schema: keycloak; Owner: keycloak_user
--

ALTER TABLE ONLY keycloak.resource_policy
    ADD CONSTRAINT constraint_farsrpp PRIMARY KEY (resource_id, policy_id);


--
-- Name: resource_server_scope constraint_farsrs; Type: CONSTRAINT; Schema: keycloak; Owner: keycloak_user
--

ALTER TABLE ONLY keycloak.resource_server_scope
    ADD CONSTRAINT constraint_farsrs PRIMARY KEY (id);


--
-- Name: resource_scope constraint_farsrsp; Type: CONSTRAINT; Schema: keycloak; Owner: keycloak_user
--

ALTER TABLE ONLY keycloak.resource_scope
    ADD CONSTRAINT constraint_farsrsp PRIMARY KEY (resource_id, scope_id);


--
-- Name: scope_policy constraint_farsrsps; Type: CONSTRAINT; Schema: keycloak; Owner: keycloak_user
--

ALTER TABLE ONLY keycloak.scope_policy
    ADD CONSTRAINT constraint_farsrsps PRIMARY KEY (scope_id, policy_id);


--
-- Name: user_entity constraint_fb; Type: CONSTRAINT; Schema: keycloak; Owner: keycloak_user
--

ALTER TABLE ONLY keycloak.user_entity
    ADD CONSTRAINT constraint_fb PRIMARY KEY (id);


--
-- Name: user_federation_mapper_config constraint_fedmapper_cfg_pm; Type: CONSTRAINT; Schema: keycloak; Owner: keycloak_user
--

ALTER TABLE ONLY keycloak.user_federation_mapper_config
    ADD CONSTRAINT constraint_fedmapper_cfg_pm PRIMARY KEY (user_federation_mapper_id, name);


--
-- Name: user_federation_mapper constraint_fedmapperpm; Type: CONSTRAINT; Schema: keycloak; Owner: keycloak_user
--

ALTER TABLE ONLY keycloak.user_federation_mapper
    ADD CONSTRAINT constraint_fedmapperpm PRIMARY KEY (id);


--
-- Name: fed_user_consent_cl_scope constraint_fgrntcsnt_clsc_pm; Type: CONSTRAINT; Schema: keycloak; Owner: keycloak_user
--

ALTER TABLE ONLY keycloak.fed_user_consent_cl_scope
    ADD CONSTRAINT constraint_fgrntcsnt_clsc_pm PRIMARY KEY (user_consent_id, scope_id);


--
-- Name: user_consent_client_scope constraint_grntcsnt_clsc_pm; Type: CONSTRAINT; Schema: keycloak; Owner: keycloak_user
--

ALTER TABLE ONLY keycloak.user_consent_client_scope
    ADD CONSTRAINT constraint_grntcsnt_clsc_pm PRIMARY KEY (user_consent_id, scope_id);


--
-- Name: user_consent constraint_grntcsnt_pm; Type: CONSTRAINT; Schema: keycloak; Owner: keycloak_user
--

ALTER TABLE ONLY keycloak.user_consent
    ADD CONSTRAINT constraint_grntcsnt_pm PRIMARY KEY (id);


--
-- Name: keycloak_group constraint_group; Type: CONSTRAINT; Schema: keycloak; Owner: keycloak_user
--

ALTER TABLE ONLY keycloak.keycloak_group
    ADD CONSTRAINT constraint_group PRIMARY KEY (id);


--
-- Name: group_attribute constraint_group_attribute_pk; Type: CONSTRAINT; Schema: keycloak; Owner: keycloak_user
--

ALTER TABLE ONLY keycloak.group_attribute
    ADD CONSTRAINT constraint_group_attribute_pk PRIMARY KEY (id);


--
-- Name: group_role_mapping constraint_group_role; Type: CONSTRAINT; Schema: keycloak; Owner: keycloak_user
--

ALTER TABLE ONLY keycloak.group_role_mapping
    ADD CONSTRAINT constraint_group_role PRIMARY KEY (role_id, group_id);


--
-- Name: identity_provider_mapper constraint_idpm; Type: CONSTRAINT; Schema: keycloak; Owner: keycloak_user
--

ALTER TABLE ONLY keycloak.identity_provider_mapper
    ADD CONSTRAINT constraint_idpm PRIMARY KEY (id);


--
-- Name: idp_mapper_config constraint_idpmconfig; Type: CONSTRAINT; Schema: keycloak; Owner: keycloak_user
--

ALTER TABLE ONLY keycloak.idp_mapper_config
    ADD CONSTRAINT constraint_idpmconfig PRIMARY KEY (idp_mapper_id, name);


--
-- Name: migration_model constraint_migmod; Type: CONSTRAINT; Schema: keycloak; Owner: keycloak_user
--

ALTER TABLE ONLY keycloak.migration_model
    ADD CONSTRAINT constraint_migmod PRIMARY KEY (id);


--
-- Name: offline_client_session constraint_offl_cl_ses_pk3; Type: CONSTRAINT; Schema: keycloak; Owner: keycloak_user
--

ALTER TABLE ONLY keycloak.offline_client_session
    ADD CONSTRAINT constraint_offl_cl_ses_pk3 PRIMARY KEY (user_session_id, client_id, client_storage_provider, external_client_id, offline_flag);


--
-- Name: offline_user_session constraint_offl_us_ses_pk2; Type: CONSTRAINT; Schema: keycloak; Owner: keycloak_user
--

ALTER TABLE ONLY keycloak.offline_user_session
    ADD CONSTRAINT constraint_offl_us_ses_pk2 PRIMARY KEY (user_session_id, offline_flag);


--
-- Name: protocol_mapper constraint_pcm; Type: CONSTRAINT; Schema: keycloak; Owner: keycloak_user
--

ALTER TABLE ONLY keycloak.protocol_mapper
    ADD CONSTRAINT constraint_pcm PRIMARY KEY (id);


--
-- Name: protocol_mapper_config constraint_pmconfig; Type: CONSTRAINT; Schema: keycloak; Owner: keycloak_user
--

ALTER TABLE ONLY keycloak.protocol_mapper_config
    ADD CONSTRAINT constraint_pmconfig PRIMARY KEY (protocol_mapper_id, name);


--
-- Name: redirect_uris constraint_redirect_uris; Type: CONSTRAINT; Schema: keycloak; Owner: keycloak_user
--

ALTER TABLE ONLY keycloak.redirect_uris
    ADD CONSTRAINT constraint_redirect_uris PRIMARY KEY (client_id, value);


--
-- Name: required_action_config constraint_req_act_cfg_pk; Type: CONSTRAINT; Schema: keycloak; Owner: keycloak_user
--

ALTER TABLE ONLY keycloak.required_action_config
    ADD CONSTRAINT constraint_req_act_cfg_pk PRIMARY KEY (required_action_id, name);


--
-- Name: required_action_provider constraint_req_act_prv_pk; Type: CONSTRAINT; Schema: keycloak; Owner: keycloak_user
--

ALTER TABLE ONLY keycloak.required_action_provider
    ADD CONSTRAINT constraint_req_act_prv_pk PRIMARY KEY (id);


--
-- Name: user_required_action constraint_required_action; Type: CONSTRAINT; Schema: keycloak; Owner: keycloak_user
--

ALTER TABLE ONLY keycloak.user_required_action
    ADD CONSTRAINT constraint_required_action PRIMARY KEY (required_action, user_id);


--
-- Name: resource_uris constraint_resour_uris_pk; Type: CONSTRAINT; Schema: keycloak; Owner: keycloak_user
--

ALTER TABLE ONLY keycloak.resource_uris
    ADD CONSTRAINT constraint_resour_uris_pk PRIMARY KEY (resource_id, value);


--
-- Name: role_attribute constraint_role_attribute_pk; Type: CONSTRAINT; Schema: keycloak; Owner: keycloak_user
--

ALTER TABLE ONLY keycloak.role_attribute
    ADD CONSTRAINT constraint_role_attribute_pk PRIMARY KEY (id);


--
-- Name: user_attribute constraint_user_attribute_pk; Type: CONSTRAINT; Schema: keycloak; Owner: keycloak_user
--

ALTER TABLE ONLY keycloak.user_attribute
    ADD CONSTRAINT constraint_user_attribute_pk PRIMARY KEY (id);


--
-- Name: user_group_membership constraint_user_group; Type: CONSTRAINT; Schema: keycloak; Owner: keycloak_user
--

ALTER TABLE ONLY keycloak.user_group_membership
    ADD CONSTRAINT constraint_user_group PRIMARY KEY (group_id, user_id);


--
-- Name: user_session_note constraint_usn_pk; Type: CONSTRAINT; Schema: keycloak; Owner: keycloak_user
--

ALTER TABLE ONLY keycloak.user_session_note
    ADD CONSTRAINT constraint_usn_pk PRIMARY KEY (user_session, name);


--
-- Name: web_origins constraint_web_origins; Type: CONSTRAINT; Schema: keycloak; Owner: keycloak_user
--

ALTER TABLE ONLY keycloak.web_origins
    ADD CONSTRAINT constraint_web_origins PRIMARY KEY (client_id, value);


--
-- Name: databasechangeloglock databasechangeloglock_pkey; Type: CONSTRAINT; Schema: keycloak; Owner: keycloak_user
--

ALTER TABLE ONLY keycloak.databasechangeloglock
    ADD CONSTRAINT databasechangeloglock_pkey PRIMARY KEY (id);


--
-- Name: client_scope_attributes pk_cl_tmpl_attr; Type: CONSTRAINT; Schema: keycloak; Owner: keycloak_user
--

ALTER TABLE ONLY keycloak.client_scope_attributes
    ADD CONSTRAINT pk_cl_tmpl_attr PRIMARY KEY (scope_id, name);


--
-- Name: client_scope pk_cli_template; Type: CONSTRAINT; Schema: keycloak; Owner: keycloak_user
--

ALTER TABLE ONLY keycloak.client_scope
    ADD CONSTRAINT pk_cli_template PRIMARY KEY (id);


--
-- Name: resource_server pk_resource_server; Type: CONSTRAINT; Schema: keycloak; Owner: keycloak_user
--

ALTER TABLE ONLY keycloak.resource_server
    ADD CONSTRAINT pk_resource_server PRIMARY KEY (id);


--
-- Name: client_scope_role_mapping pk_template_scope; Type: CONSTRAINT; Schema: keycloak; Owner: keycloak_user
--

ALTER TABLE ONLY keycloak.client_scope_role_mapping
    ADD CONSTRAINT pk_template_scope PRIMARY KEY (scope_id, role_id);


--
-- Name: default_client_scope r_def_cli_scope_bind; Type: CONSTRAINT; Schema: keycloak; Owner: keycloak_user
--

ALTER TABLE ONLY keycloak.default_client_scope
    ADD CONSTRAINT r_def_cli_scope_bind PRIMARY KEY (realm_id, scope_id);


--
-- Name: realm_localizations realm_localizations_pkey; Type: CONSTRAINT; Schema: keycloak; Owner: keycloak_user
--

ALTER TABLE ONLY keycloak.realm_localizations
    ADD CONSTRAINT realm_localizations_pkey PRIMARY KEY (realm_id, locale);


--
-- Name: resource_attribute res_attr_pk; Type: CONSTRAINT; Schema: keycloak; Owner: keycloak_user
--

ALTER TABLE ONLY keycloak.resource_attribute
    ADD CONSTRAINT res_attr_pk PRIMARY KEY (id);


--
-- Name: keycloak_group sibling_names; Type: CONSTRAINT; Schema: keycloak; Owner: keycloak_user
--

ALTER TABLE ONLY keycloak.keycloak_group
    ADD CONSTRAINT sibling_names UNIQUE (realm_id, parent_group, name);


--
-- Name: identity_provider uk_2daelwnibji49avxsrtuf6xj33; Type: CONSTRAINT; Schema: keycloak; Owner: keycloak_user
--

ALTER TABLE ONLY keycloak.identity_provider
    ADD CONSTRAINT uk_2daelwnibji49avxsrtuf6xj33 UNIQUE (provider_alias, realm_id);


--
-- Name: client uk_b71cjlbenv945rb6gcon438at; Type: CONSTRAINT; Schema: keycloak; Owner: keycloak_user
--

ALTER TABLE ONLY keycloak.client
    ADD CONSTRAINT uk_b71cjlbenv945rb6gcon438at UNIQUE (realm_id, client_id);


--
-- Name: client_scope uk_cli_scope; Type: CONSTRAINT; Schema: keycloak; Owner: keycloak_user
--

ALTER TABLE ONLY keycloak.client_scope
    ADD CONSTRAINT uk_cli_scope UNIQUE (realm_id, name);


--
-- Name: user_entity uk_dykn684sl8up1crfei6eckhd7; Type: CONSTRAINT; Schema: keycloak; Owner: keycloak_user
--

ALTER TABLE ONLY keycloak.user_entity
    ADD CONSTRAINT uk_dykn684sl8up1crfei6eckhd7 UNIQUE (realm_id, email_constraint);


--
-- Name: resource_server_resource uk_frsr6t700s9v50bu18ws5ha6; Type: CONSTRAINT; Schema: keycloak; Owner: keycloak_user
--

ALTER TABLE ONLY keycloak.resource_server_resource
    ADD CONSTRAINT uk_frsr6t700s9v50bu18ws5ha6 UNIQUE (name, owner, resource_server_id);


--
-- Name: resource_server_perm_ticket uk_frsr6t700s9v50bu18ws5pmt; Type: CONSTRAINT; Schema: keycloak; Owner: keycloak_user
--

ALTER TABLE ONLY keycloak.resource_server_perm_ticket
    ADD CONSTRAINT uk_frsr6t700s9v50bu18ws5pmt UNIQUE (owner, requester, resource_server_id, resource_id, scope_id);


--
-- Name: resource_server_policy uk_frsrpt700s9v50bu18ws5ha6; Type: CONSTRAINT; Schema: keycloak; Owner: keycloak_user
--

ALTER TABLE ONLY keycloak.resource_server_policy
    ADD CONSTRAINT uk_frsrpt700s9v50bu18ws5ha6 UNIQUE (name, resource_server_id);


--
-- Name: resource_server_scope uk_frsrst700s9v50bu18ws5ha6; Type: CONSTRAINT; Schema: keycloak; Owner: keycloak_user
--

ALTER TABLE ONLY keycloak.resource_server_scope
    ADD CONSTRAINT uk_frsrst700s9v50bu18ws5ha6 UNIQUE (name, resource_server_id);


--
-- Name: user_consent uk_jkuwuvd56ontgsuhogm8uewrt; Type: CONSTRAINT; Schema: keycloak; Owner: keycloak_user
--

ALTER TABLE ONLY keycloak.user_consent
    ADD CONSTRAINT uk_jkuwuvd56ontgsuhogm8uewrt UNIQUE (client_id, client_storage_provider, external_client_id, user_id);


--
-- Name: realm uk_orvsdmla56612eaefiq6wl5oi; Type: CONSTRAINT; Schema: keycloak; Owner: keycloak_user
--

ALTER TABLE ONLY keycloak.realm
    ADD CONSTRAINT uk_orvsdmla56612eaefiq6wl5oi UNIQUE (name);


--
-- Name: user_entity uk_ru8tt6t700s9v50bu18ws5ha6; Type: CONSTRAINT; Schema: keycloak; Owner: keycloak_user
--

ALTER TABLE ONLY keycloak.user_entity
    ADD CONSTRAINT uk_ru8tt6t700s9v50bu18ws5ha6 UNIQUE (realm_id, username);


--
-- Name: t_activity_status t_activity_status_pkey; Type: CONSTRAINT; Schema: public; Owner: Stey
--

ALTER TABLE ONLY public.t_activity_status
    ADD CONSTRAINT t_activity_status_pkey PRIMARY KEY (activity_status_id);


--
-- Name: t_dashboard t_dashboard_pkey; Type: CONSTRAINT; Schema: public; Owner: Stey
--

ALTER TABLE ONLY public.t_dashboard
    ADD CONSTRAINT t_dashboard_pkey PRIMARY KEY (dashboard_id);


--
-- Name: t_dashboard_user_invite t_dashboard_user_invite_pkey; Type: CONSTRAINT; Schema: public; Owner: Stey
--

ALTER TABLE ONLY public.t_dashboard_user_invite
    ADD CONSTRAINT t_dashboard_user_invite_pkey PRIMARY KEY (dashboard_user_invite_id);


--
-- Name: t_task_activity t_task_activity_pkey; Type: CONSTRAINT; Schema: public; Owner: Stey
--

ALTER TABLE ONLY public.t_task_activity
    ADD CONSTRAINT t_task_activity_pkey PRIMARY KEY (task_activity_id);


--
-- Name: t_task_comment t_task_comment_pkey; Type: CONSTRAINT; Schema: public; Owner: Stey
--

ALTER TABLE ONLY public.t_task_comment
    ADD CONSTRAINT t_task_comment_pkey PRIMARY KEY (task_comment_id);


--
-- Name: t_task t_task_pkey; Type: CONSTRAINT; Schema: public; Owner: Stey
--

ALTER TABLE ONLY public.t_task
    ADD CONSTRAINT t_task_pkey PRIMARY KEY (task_id);


--
-- Name: t_task_status t_task_status_pkey; Type: CONSTRAINT; Schema: public; Owner: Stey
--

ALTER TABLE ONLY public.t_task_status
    ADD CONSTRAINT t_task_status_pkey PRIMARY KEY (task_status_id);


--
-- Name: t_user_dashboard_task t_user_dashboard_task_user_id_task_id_key; Type: CONSTRAINT; Schema: public; Owner: Stey
--

ALTER TABLE ONLY public.t_user_dashboard_task
    ADD CONSTRAINT t_user_dashboard_task_user_id_task_id_key UNIQUE (user_id, task_id);


--
-- Name: t_user t_user_pkey; Type: CONSTRAINT; Schema: public; Owner: Stey
--

ALTER TABLE ONLY public.t_user
    ADD CONSTRAINT t_user_pkey PRIMARY KEY (user_id);


--
-- Name: t_task_status uk_57dacj9wd72mwecrnyll5tcf6; Type: CONSTRAINT; Schema: public; Owner: Stey
--

ALTER TABLE ONLY public.t_task_status
    ADD CONSTRAINT uk_57dacj9wd72mwecrnyll5tcf6 UNIQUE (status);


--
-- Name: t_user uk_i6qjjoe560mee5ajdg7v1o6mi; Type: CONSTRAINT; Schema: public; Owner: Stey
--

ALTER TABLE ONLY public.t_user
    ADD CONSTRAINT uk_i6qjjoe560mee5ajdg7v1o6mi UNIQUE (email);


--
-- Name: t_user uk_jhib4legehrm4yscx9t3lirqi; Type: CONSTRAINT; Schema: public; Owner: Stey
--

ALTER TABLE ONLY public.t_user
    ADD CONSTRAINT uk_jhib4legehrm4yscx9t3lirqi UNIQUE (username);


--
-- Name: t_activity_status uk_rnvq9cb5qv94qjxrxafscxdij; Type: CONSTRAINT; Schema: public; Owner: Stey
--

ALTER TABLE ONLY public.t_activity_status
    ADD CONSTRAINT uk_rnvq9cb5qv94qjxrxafscxdij UNIQUE (status);


--
-- Name: t_user_dashboard unique_pair; Type: CONSTRAINT; Schema: public; Owner: Stey
--

ALTER TABLE ONLY public.t_user_dashboard
    ADD CONSTRAINT unique_pair UNIQUE (user_id, dashboard_id);


--
-- Name: idx_admin_event_time; Type: INDEX; Schema: keycloak; Owner: keycloak_user
--

CREATE INDEX idx_admin_event_time ON keycloak.admin_event_entity USING btree (realm_id, admin_event_time);


--
-- Name: idx_assoc_pol_assoc_pol_id; Type: INDEX; Schema: keycloak; Owner: keycloak_user
--

CREATE INDEX idx_assoc_pol_assoc_pol_id ON keycloak.associated_policy USING btree (associated_policy_id);


--
-- Name: idx_auth_config_realm; Type: INDEX; Schema: keycloak; Owner: keycloak_user
--

CREATE INDEX idx_auth_config_realm ON keycloak.authenticator_config USING btree (realm_id);


--
-- Name: idx_auth_exec_flow; Type: INDEX; Schema: keycloak; Owner: keycloak_user
--

CREATE INDEX idx_auth_exec_flow ON keycloak.authentication_execution USING btree (flow_id);


--
-- Name: idx_auth_exec_realm_flow; Type: INDEX; Schema: keycloak; Owner: keycloak_user
--

CREATE INDEX idx_auth_exec_realm_flow ON keycloak.authentication_execution USING btree (realm_id, flow_id);


--
-- Name: idx_auth_flow_realm; Type: INDEX; Schema: keycloak; Owner: keycloak_user
--

CREATE INDEX idx_auth_flow_realm ON keycloak.authentication_flow USING btree (realm_id);


--
-- Name: idx_cl_clscope; Type: INDEX; Schema: keycloak; Owner: keycloak_user
--

CREATE INDEX idx_cl_clscope ON keycloak.client_scope_client USING btree (scope_id);


--
-- Name: idx_client_id; Type: INDEX; Schema: keycloak; Owner: keycloak_user
--

CREATE INDEX idx_client_id ON keycloak.client USING btree (client_id);


--
-- Name: idx_client_init_acc_realm; Type: INDEX; Schema: keycloak; Owner: keycloak_user
--

CREATE INDEX idx_client_init_acc_realm ON keycloak.client_initial_access USING btree (realm_id);


--
-- Name: idx_client_session_session; Type: INDEX; Schema: keycloak; Owner: keycloak_user
--

CREATE INDEX idx_client_session_session ON keycloak.client_session USING btree (session_id);


--
-- Name: idx_clscope_attrs; Type: INDEX; Schema: keycloak; Owner: keycloak_user
--

CREATE INDEX idx_clscope_attrs ON keycloak.client_scope_attributes USING btree (scope_id);


--
-- Name: idx_clscope_cl; Type: INDEX; Schema: keycloak; Owner: keycloak_user
--

CREATE INDEX idx_clscope_cl ON keycloak.client_scope_client USING btree (client_id);


--
-- Name: idx_clscope_protmap; Type: INDEX; Schema: keycloak; Owner: keycloak_user
--

CREATE INDEX idx_clscope_protmap ON keycloak.protocol_mapper USING btree (client_scope_id);


--
-- Name: idx_clscope_role; Type: INDEX; Schema: keycloak; Owner: keycloak_user
--

CREATE INDEX idx_clscope_role ON keycloak.client_scope_role_mapping USING btree (scope_id);


--
-- Name: idx_compo_config_compo; Type: INDEX; Schema: keycloak; Owner: keycloak_user
--

CREATE INDEX idx_compo_config_compo ON keycloak.component_config USING btree (component_id);


--
-- Name: idx_component_provider_type; Type: INDEX; Schema: keycloak; Owner: keycloak_user
--

CREATE INDEX idx_component_provider_type ON keycloak.component USING btree (provider_type);


--
-- Name: idx_component_realm; Type: INDEX; Schema: keycloak; Owner: keycloak_user
--

CREATE INDEX idx_component_realm ON keycloak.component USING btree (realm_id);


--
-- Name: idx_composite; Type: INDEX; Schema: keycloak; Owner: keycloak_user
--

CREATE INDEX idx_composite ON keycloak.composite_role USING btree (composite);


--
-- Name: idx_composite_child; Type: INDEX; Schema: keycloak; Owner: keycloak_user
--

CREATE INDEX idx_composite_child ON keycloak.composite_role USING btree (child_role);


--
-- Name: idx_defcls_realm; Type: INDEX; Schema: keycloak; Owner: keycloak_user
--

CREATE INDEX idx_defcls_realm ON keycloak.default_client_scope USING btree (realm_id);


--
-- Name: idx_defcls_scope; Type: INDEX; Schema: keycloak; Owner: keycloak_user
--

CREATE INDEX idx_defcls_scope ON keycloak.default_client_scope USING btree (scope_id);


--
-- Name: idx_event_time; Type: INDEX; Schema: keycloak; Owner: keycloak_user
--

CREATE INDEX idx_event_time ON keycloak.event_entity USING btree (realm_id, event_time);


--
-- Name: idx_fedidentity_feduser; Type: INDEX; Schema: keycloak; Owner: keycloak_user
--

CREATE INDEX idx_fedidentity_feduser ON keycloak.federated_identity USING btree (federated_user_id);


--
-- Name: idx_fedidentity_user; Type: INDEX; Schema: keycloak; Owner: keycloak_user
--

CREATE INDEX idx_fedidentity_user ON keycloak.federated_identity USING btree (user_id);


--
-- Name: idx_fu_attribute; Type: INDEX; Schema: keycloak; Owner: keycloak_user
--

CREATE INDEX idx_fu_attribute ON keycloak.fed_user_attribute USING btree (user_id, realm_id, name);


--
-- Name: idx_fu_cnsnt_ext; Type: INDEX; Schema: keycloak; Owner: keycloak_user
--

CREATE INDEX idx_fu_cnsnt_ext ON keycloak.fed_user_consent USING btree (user_id, client_storage_provider, external_client_id);


--
-- Name: idx_fu_consent; Type: INDEX; Schema: keycloak; Owner: keycloak_user
--

CREATE INDEX idx_fu_consent ON keycloak.fed_user_consent USING btree (user_id, client_id);


--
-- Name: idx_fu_consent_ru; Type: INDEX; Schema: keycloak; Owner: keycloak_user
--

CREATE INDEX idx_fu_consent_ru ON keycloak.fed_user_consent USING btree (realm_id, user_id);


--
-- Name: idx_fu_credential; Type: INDEX; Schema: keycloak; Owner: keycloak_user
--

CREATE INDEX idx_fu_credential ON keycloak.fed_user_credential USING btree (user_id, type);


--
-- Name: idx_fu_credential_ru; Type: INDEX; Schema: keycloak; Owner: keycloak_user
--

CREATE INDEX idx_fu_credential_ru ON keycloak.fed_user_credential USING btree (realm_id, user_id);


--
-- Name: idx_fu_group_membership; Type: INDEX; Schema: keycloak; Owner: keycloak_user
--

CREATE INDEX idx_fu_group_membership ON keycloak.fed_user_group_membership USING btree (user_id, group_id);


--
-- Name: idx_fu_group_membership_ru; Type: INDEX; Schema: keycloak; Owner: keycloak_user
--

CREATE INDEX idx_fu_group_membership_ru ON keycloak.fed_user_group_membership USING btree (realm_id, user_id);


--
-- Name: idx_fu_required_action; Type: INDEX; Schema: keycloak; Owner: keycloak_user
--

CREATE INDEX idx_fu_required_action ON keycloak.fed_user_required_action USING btree (user_id, required_action);


--
-- Name: idx_fu_required_action_ru; Type: INDEX; Schema: keycloak; Owner: keycloak_user
--

CREATE INDEX idx_fu_required_action_ru ON keycloak.fed_user_required_action USING btree (realm_id, user_id);


--
-- Name: idx_fu_role_mapping; Type: INDEX; Schema: keycloak; Owner: keycloak_user
--

CREATE INDEX idx_fu_role_mapping ON keycloak.fed_user_role_mapping USING btree (user_id, role_id);


--
-- Name: idx_fu_role_mapping_ru; Type: INDEX; Schema: keycloak; Owner: keycloak_user
--

CREATE INDEX idx_fu_role_mapping_ru ON keycloak.fed_user_role_mapping USING btree (realm_id, user_id);


--
-- Name: idx_group_att_by_name_value; Type: INDEX; Schema: keycloak; Owner: keycloak_user
--

CREATE INDEX idx_group_att_by_name_value ON keycloak.group_attribute USING btree (name, ((value)::character varying(250)));


--
-- Name: idx_group_attr_group; Type: INDEX; Schema: keycloak; Owner: keycloak_user
--

CREATE INDEX idx_group_attr_group ON keycloak.group_attribute USING btree (group_id);


--
-- Name: idx_group_role_mapp_group; Type: INDEX; Schema: keycloak; Owner: keycloak_user
--

CREATE INDEX idx_group_role_mapp_group ON keycloak.group_role_mapping USING btree (group_id);


--
-- Name: idx_id_prov_mapp_realm; Type: INDEX; Schema: keycloak; Owner: keycloak_user
--

CREATE INDEX idx_id_prov_mapp_realm ON keycloak.identity_provider_mapper USING btree (realm_id);


--
-- Name: idx_ident_prov_realm; Type: INDEX; Schema: keycloak; Owner: keycloak_user
--

CREATE INDEX idx_ident_prov_realm ON keycloak.identity_provider USING btree (realm_id);


--
-- Name: idx_keycloak_role_client; Type: INDEX; Schema: keycloak; Owner: keycloak_user
--

CREATE INDEX idx_keycloak_role_client ON keycloak.keycloak_role USING btree (client);


--
-- Name: idx_keycloak_role_realm; Type: INDEX; Schema: keycloak; Owner: keycloak_user
--

CREATE INDEX idx_keycloak_role_realm ON keycloak.keycloak_role USING btree (realm);


--
-- Name: idx_offline_css_preload; Type: INDEX; Schema: keycloak; Owner: keycloak_user
--

CREATE INDEX idx_offline_css_preload ON keycloak.offline_client_session USING btree (client_id, offline_flag);


--
-- Name: idx_offline_uss_by_user; Type: INDEX; Schema: keycloak; Owner: keycloak_user
--

CREATE INDEX idx_offline_uss_by_user ON keycloak.offline_user_session USING btree (user_id, realm_id, offline_flag);


--
-- Name: idx_offline_uss_by_usersess; Type: INDEX; Schema: keycloak; Owner: keycloak_user
--

CREATE INDEX idx_offline_uss_by_usersess ON keycloak.offline_user_session USING btree (realm_id, offline_flag, user_session_id);


--
-- Name: idx_offline_uss_createdon; Type: INDEX; Schema: keycloak; Owner: keycloak_user
--

CREATE INDEX idx_offline_uss_createdon ON keycloak.offline_user_session USING btree (created_on);


--
-- Name: idx_offline_uss_preload; Type: INDEX; Schema: keycloak; Owner: keycloak_user
--

CREATE INDEX idx_offline_uss_preload ON keycloak.offline_user_session USING btree (offline_flag, created_on, user_session_id);


--
-- Name: idx_protocol_mapper_client; Type: INDEX; Schema: keycloak; Owner: keycloak_user
--

CREATE INDEX idx_protocol_mapper_client ON keycloak.protocol_mapper USING btree (client_id);


--
-- Name: idx_realm_attr_realm; Type: INDEX; Schema: keycloak; Owner: keycloak_user
--

CREATE INDEX idx_realm_attr_realm ON keycloak.realm_attribute USING btree (realm_id);


--
-- Name: idx_realm_clscope; Type: INDEX; Schema: keycloak; Owner: keycloak_user
--

CREATE INDEX idx_realm_clscope ON keycloak.client_scope USING btree (realm_id);


--
-- Name: idx_realm_def_grp_realm; Type: INDEX; Schema: keycloak; Owner: keycloak_user
--

CREATE INDEX idx_realm_def_grp_realm ON keycloak.realm_default_groups USING btree (realm_id);


--
-- Name: idx_realm_evt_list_realm; Type: INDEX; Schema: keycloak; Owner: keycloak_user
--

CREATE INDEX idx_realm_evt_list_realm ON keycloak.realm_events_listeners USING btree (realm_id);


--
-- Name: idx_realm_evt_types_realm; Type: INDEX; Schema: keycloak; Owner: keycloak_user
--

CREATE INDEX idx_realm_evt_types_realm ON keycloak.realm_enabled_event_types USING btree (realm_id);


--
-- Name: idx_realm_master_adm_cli; Type: INDEX; Schema: keycloak; Owner: keycloak_user
--

CREATE INDEX idx_realm_master_adm_cli ON keycloak.realm USING btree (master_admin_client);


--
-- Name: idx_realm_supp_local_realm; Type: INDEX; Schema: keycloak; Owner: keycloak_user
--

CREATE INDEX idx_realm_supp_local_realm ON keycloak.realm_supported_locales USING btree (realm_id);


--
-- Name: idx_redir_uri_client; Type: INDEX; Schema: keycloak; Owner: keycloak_user
--

CREATE INDEX idx_redir_uri_client ON keycloak.redirect_uris USING btree (client_id);


--
-- Name: idx_req_act_prov_realm; Type: INDEX; Schema: keycloak; Owner: keycloak_user
--

CREATE INDEX idx_req_act_prov_realm ON keycloak.required_action_provider USING btree (realm_id);


--
-- Name: idx_res_policy_policy; Type: INDEX; Schema: keycloak; Owner: keycloak_user
--

CREATE INDEX idx_res_policy_policy ON keycloak.resource_policy USING btree (policy_id);


--
-- Name: idx_res_scope_scope; Type: INDEX; Schema: keycloak; Owner: keycloak_user
--

CREATE INDEX idx_res_scope_scope ON keycloak.resource_scope USING btree (scope_id);


--
-- Name: idx_res_serv_pol_res_serv; Type: INDEX; Schema: keycloak; Owner: keycloak_user
--

CREATE INDEX idx_res_serv_pol_res_serv ON keycloak.resource_server_policy USING btree (resource_server_id);


--
-- Name: idx_res_srv_res_res_srv; Type: INDEX; Schema: keycloak; Owner: keycloak_user
--

CREATE INDEX idx_res_srv_res_res_srv ON keycloak.resource_server_resource USING btree (resource_server_id);


--
-- Name: idx_res_srv_scope_res_srv; Type: INDEX; Schema: keycloak; Owner: keycloak_user
--

CREATE INDEX idx_res_srv_scope_res_srv ON keycloak.resource_server_scope USING btree (resource_server_id);


--
-- Name: idx_role_attribute; Type: INDEX; Schema: keycloak; Owner: keycloak_user
--

CREATE INDEX idx_role_attribute ON keycloak.role_attribute USING btree (role_id);


--
-- Name: idx_role_clscope; Type: INDEX; Schema: keycloak; Owner: keycloak_user
--

CREATE INDEX idx_role_clscope ON keycloak.client_scope_role_mapping USING btree (role_id);


--
-- Name: idx_scope_mapping_role; Type: INDEX; Schema: keycloak; Owner: keycloak_user
--

CREATE INDEX idx_scope_mapping_role ON keycloak.scope_mapping USING btree (role_id);


--
-- Name: idx_scope_policy_policy; Type: INDEX; Schema: keycloak; Owner: keycloak_user
--

CREATE INDEX idx_scope_policy_policy ON keycloak.scope_policy USING btree (policy_id);


--
-- Name: idx_update_time; Type: INDEX; Schema: keycloak; Owner: keycloak_user
--

CREATE INDEX idx_update_time ON keycloak.migration_model USING btree (update_time);


--
-- Name: idx_us_sess_id_on_cl_sess; Type: INDEX; Schema: keycloak; Owner: keycloak_user
--

CREATE INDEX idx_us_sess_id_on_cl_sess ON keycloak.offline_client_session USING btree (user_session_id);


--
-- Name: idx_usconsent_clscope; Type: INDEX; Schema: keycloak; Owner: keycloak_user
--

CREATE INDEX idx_usconsent_clscope ON keycloak.user_consent_client_scope USING btree (user_consent_id);


--
-- Name: idx_user_attribute; Type: INDEX; Schema: keycloak; Owner: keycloak_user
--

CREATE INDEX idx_user_attribute ON keycloak.user_attribute USING btree (user_id);


--
-- Name: idx_user_attribute_name; Type: INDEX; Schema: keycloak; Owner: keycloak_user
--

CREATE INDEX idx_user_attribute_name ON keycloak.user_attribute USING btree (name, value);


--
-- Name: idx_user_consent; Type: INDEX; Schema: keycloak; Owner: keycloak_user
--

CREATE INDEX idx_user_consent ON keycloak.user_consent USING btree (user_id);


--
-- Name: idx_user_credential; Type: INDEX; Schema: keycloak; Owner: keycloak_user
--

CREATE INDEX idx_user_credential ON keycloak.credential USING btree (user_id);


--
-- Name: idx_user_email; Type: INDEX; Schema: keycloak; Owner: keycloak_user
--

CREATE INDEX idx_user_email ON keycloak.user_entity USING btree (email);


--
-- Name: idx_user_group_mapping; Type: INDEX; Schema: keycloak; Owner: keycloak_user
--

CREATE INDEX idx_user_group_mapping ON keycloak.user_group_membership USING btree (user_id);


--
-- Name: idx_user_reqactions; Type: INDEX; Schema: keycloak; Owner: keycloak_user
--

CREATE INDEX idx_user_reqactions ON keycloak.user_required_action USING btree (user_id);


--
-- Name: idx_user_role_mapping; Type: INDEX; Schema: keycloak; Owner: keycloak_user
--

CREATE INDEX idx_user_role_mapping ON keycloak.user_role_mapping USING btree (user_id);


--
-- Name: idx_user_service_account; Type: INDEX; Schema: keycloak; Owner: keycloak_user
--

CREATE INDEX idx_user_service_account ON keycloak.user_entity USING btree (realm_id, service_account_client_link);


--
-- Name: idx_usr_fed_map_fed_prv; Type: INDEX; Schema: keycloak; Owner: keycloak_user
--

CREATE INDEX idx_usr_fed_map_fed_prv ON keycloak.user_federation_mapper USING btree (federation_provider_id);


--
-- Name: idx_usr_fed_map_realm; Type: INDEX; Schema: keycloak; Owner: keycloak_user
--

CREATE INDEX idx_usr_fed_map_realm ON keycloak.user_federation_mapper USING btree (realm_id);


--
-- Name: idx_usr_fed_prv_realm; Type: INDEX; Schema: keycloak; Owner: keycloak_user
--

CREATE INDEX idx_usr_fed_prv_realm ON keycloak.user_federation_provider USING btree (realm_id);


--
-- Name: idx_web_orig_client; Type: INDEX; Schema: keycloak; Owner: keycloak_user
--

CREATE INDEX idx_web_orig_client ON keycloak.web_origins USING btree (client_id);


--
-- Name: t_dashboard correct_dashboard_name; Type: TRIGGER; Schema: public; Owner: Stey
--

CREATE TRIGGER correct_dashboard_name BEFORE INSERT ON public.t_dashboard FOR EACH ROW EXECUTE FUNCTION public.correct_dashboard_name_function();


--
-- Name: client_session_auth_status auth_status_constraint; Type: FK CONSTRAINT; Schema: keycloak; Owner: keycloak_user
--

ALTER TABLE ONLY keycloak.client_session_auth_status
    ADD CONSTRAINT auth_status_constraint FOREIGN KEY (client_session) REFERENCES keycloak.client_session(id);


--
-- Name: identity_provider fk2b4ebc52ae5c3b34; Type: FK CONSTRAINT; Schema: keycloak; Owner: keycloak_user
--

ALTER TABLE ONLY keycloak.identity_provider
    ADD CONSTRAINT fk2b4ebc52ae5c3b34 FOREIGN KEY (realm_id) REFERENCES keycloak.realm(id);


--
-- Name: client_attributes fk3c47c64beacca966; Type: FK CONSTRAINT; Schema: keycloak; Owner: keycloak_user
--

ALTER TABLE ONLY keycloak.client_attributes
    ADD CONSTRAINT fk3c47c64beacca966 FOREIGN KEY (client_id) REFERENCES keycloak.client(id);


--
-- Name: federated_identity fk404288b92ef007a6; Type: FK CONSTRAINT; Schema: keycloak; Owner: keycloak_user
--

ALTER TABLE ONLY keycloak.federated_identity
    ADD CONSTRAINT fk404288b92ef007a6 FOREIGN KEY (user_id) REFERENCES keycloak.user_entity(id);


--
-- Name: client_node_registrations fk4129723ba992f594; Type: FK CONSTRAINT; Schema: keycloak; Owner: keycloak_user
--

ALTER TABLE ONLY keycloak.client_node_registrations
    ADD CONSTRAINT fk4129723ba992f594 FOREIGN KEY (client_id) REFERENCES keycloak.client(id);


--
-- Name: client_session_note fk5edfb00ff51c2736; Type: FK CONSTRAINT; Schema: keycloak; Owner: keycloak_user
--

ALTER TABLE ONLY keycloak.client_session_note
    ADD CONSTRAINT fk5edfb00ff51c2736 FOREIGN KEY (client_session) REFERENCES keycloak.client_session(id);


--
-- Name: user_session_note fk5edfb00ff51d3472; Type: FK CONSTRAINT; Schema: keycloak; Owner: keycloak_user
--

ALTER TABLE ONLY keycloak.user_session_note
    ADD CONSTRAINT fk5edfb00ff51d3472 FOREIGN KEY (user_session) REFERENCES keycloak.user_session(id);


--
-- Name: client_session_role fk_11b7sgqw18i532811v7o2dv76; Type: FK CONSTRAINT; Schema: keycloak; Owner: keycloak_user
--

ALTER TABLE ONLY keycloak.client_session_role
    ADD CONSTRAINT fk_11b7sgqw18i532811v7o2dv76 FOREIGN KEY (client_session) REFERENCES keycloak.client_session(id);


--
-- Name: redirect_uris fk_1burs8pb4ouj97h5wuppahv9f; Type: FK CONSTRAINT; Schema: keycloak; Owner: keycloak_user
--

ALTER TABLE ONLY keycloak.redirect_uris
    ADD CONSTRAINT fk_1burs8pb4ouj97h5wuppahv9f FOREIGN KEY (client_id) REFERENCES keycloak.client(id);


--
-- Name: user_federation_provider fk_1fj32f6ptolw2qy60cd8n01e8; Type: FK CONSTRAINT; Schema: keycloak; Owner: keycloak_user
--

ALTER TABLE ONLY keycloak.user_federation_provider
    ADD CONSTRAINT fk_1fj32f6ptolw2qy60cd8n01e8 FOREIGN KEY (realm_id) REFERENCES keycloak.realm(id);


--
-- Name: client_session_prot_mapper fk_33a8sgqw18i532811v7o2dk89; Type: FK CONSTRAINT; Schema: keycloak; Owner: keycloak_user
--

ALTER TABLE ONLY keycloak.client_session_prot_mapper
    ADD CONSTRAINT fk_33a8sgqw18i532811v7o2dk89 FOREIGN KEY (client_session) REFERENCES keycloak.client_session(id);


--
-- Name: realm_required_credential fk_5hg65lybevavkqfki3kponh9v; Type: FK CONSTRAINT; Schema: keycloak; Owner: keycloak_user
--

ALTER TABLE ONLY keycloak.realm_required_credential
    ADD CONSTRAINT fk_5hg65lybevavkqfki3kponh9v FOREIGN KEY (realm_id) REFERENCES keycloak.realm(id);


--
-- Name: resource_attribute fk_5hrm2vlf9ql5fu022kqepovbr; Type: FK CONSTRAINT; Schema: keycloak; Owner: keycloak_user
--

ALTER TABLE ONLY keycloak.resource_attribute
    ADD CONSTRAINT fk_5hrm2vlf9ql5fu022kqepovbr FOREIGN KEY (resource_id) REFERENCES keycloak.resource_server_resource(id);


--
-- Name: user_attribute fk_5hrm2vlf9ql5fu043kqepovbr; Type: FK CONSTRAINT; Schema: keycloak; Owner: keycloak_user
--

ALTER TABLE ONLY keycloak.user_attribute
    ADD CONSTRAINT fk_5hrm2vlf9ql5fu043kqepovbr FOREIGN KEY (user_id) REFERENCES keycloak.user_entity(id);


--
-- Name: user_required_action fk_6qj3w1jw9cvafhe19bwsiuvmd; Type: FK CONSTRAINT; Schema: keycloak; Owner: keycloak_user
--

ALTER TABLE ONLY keycloak.user_required_action
    ADD CONSTRAINT fk_6qj3w1jw9cvafhe19bwsiuvmd FOREIGN KEY (user_id) REFERENCES keycloak.user_entity(id);


--
-- Name: keycloak_role fk_6vyqfe4cn4wlq8r6kt5vdsj5c; Type: FK CONSTRAINT; Schema: keycloak; Owner: keycloak_user
--

ALTER TABLE ONLY keycloak.keycloak_role
    ADD CONSTRAINT fk_6vyqfe4cn4wlq8r6kt5vdsj5c FOREIGN KEY (realm) REFERENCES keycloak.realm(id);


--
-- Name: realm_smtp_config fk_70ej8xdxgxd0b9hh6180irr0o; Type: FK CONSTRAINT; Schema: keycloak; Owner: keycloak_user
--

ALTER TABLE ONLY keycloak.realm_smtp_config
    ADD CONSTRAINT fk_70ej8xdxgxd0b9hh6180irr0o FOREIGN KEY (realm_id) REFERENCES keycloak.realm(id);


--
-- Name: realm_attribute fk_8shxd6l3e9atqukacxgpffptw; Type: FK CONSTRAINT; Schema: keycloak; Owner: keycloak_user
--

ALTER TABLE ONLY keycloak.realm_attribute
    ADD CONSTRAINT fk_8shxd6l3e9atqukacxgpffptw FOREIGN KEY (realm_id) REFERENCES keycloak.realm(id);


--
-- Name: composite_role fk_a63wvekftu8jo1pnj81e7mce2; Type: FK CONSTRAINT; Schema: keycloak; Owner: keycloak_user
--

ALTER TABLE ONLY keycloak.composite_role
    ADD CONSTRAINT fk_a63wvekftu8jo1pnj81e7mce2 FOREIGN KEY (composite) REFERENCES keycloak.keycloak_role(id);


--
-- Name: authentication_execution fk_auth_exec_flow; Type: FK CONSTRAINT; Schema: keycloak; Owner: keycloak_user
--

ALTER TABLE ONLY keycloak.authentication_execution
    ADD CONSTRAINT fk_auth_exec_flow FOREIGN KEY (flow_id) REFERENCES keycloak.authentication_flow(id);


--
-- Name: authentication_execution fk_auth_exec_realm; Type: FK CONSTRAINT; Schema: keycloak; Owner: keycloak_user
--

ALTER TABLE ONLY keycloak.authentication_execution
    ADD CONSTRAINT fk_auth_exec_realm FOREIGN KEY (realm_id) REFERENCES keycloak.realm(id);


--
-- Name: authentication_flow fk_auth_flow_realm; Type: FK CONSTRAINT; Schema: keycloak; Owner: keycloak_user
--

ALTER TABLE ONLY keycloak.authentication_flow
    ADD CONSTRAINT fk_auth_flow_realm FOREIGN KEY (realm_id) REFERENCES keycloak.realm(id);


--
-- Name: authenticator_config fk_auth_realm; Type: FK CONSTRAINT; Schema: keycloak; Owner: keycloak_user
--

ALTER TABLE ONLY keycloak.authenticator_config
    ADD CONSTRAINT fk_auth_realm FOREIGN KEY (realm_id) REFERENCES keycloak.realm(id);


--
-- Name: client_session fk_b4ao2vcvat6ukau74wbwtfqo1; Type: FK CONSTRAINT; Schema: keycloak; Owner: keycloak_user
--

ALTER TABLE ONLY keycloak.client_session
    ADD CONSTRAINT fk_b4ao2vcvat6ukau74wbwtfqo1 FOREIGN KEY (session_id) REFERENCES keycloak.user_session(id);


--
-- Name: user_role_mapping fk_c4fqv34p1mbylloxang7b1q3l; Type: FK CONSTRAINT; Schema: keycloak; Owner: keycloak_user
--

ALTER TABLE ONLY keycloak.user_role_mapping
    ADD CONSTRAINT fk_c4fqv34p1mbylloxang7b1q3l FOREIGN KEY (user_id) REFERENCES keycloak.user_entity(id);


--
-- Name: client_scope_attributes fk_cl_scope_attr_scope; Type: FK CONSTRAINT; Schema: keycloak; Owner: keycloak_user
--

ALTER TABLE ONLY keycloak.client_scope_attributes
    ADD CONSTRAINT fk_cl_scope_attr_scope FOREIGN KEY (scope_id) REFERENCES keycloak.client_scope(id);


--
-- Name: client_scope_role_mapping fk_cl_scope_rm_scope; Type: FK CONSTRAINT; Schema: keycloak; Owner: keycloak_user
--

ALTER TABLE ONLY keycloak.client_scope_role_mapping
    ADD CONSTRAINT fk_cl_scope_rm_scope FOREIGN KEY (scope_id) REFERENCES keycloak.client_scope(id);


--
-- Name: client_user_session_note fk_cl_usr_ses_note; Type: FK CONSTRAINT; Schema: keycloak; Owner: keycloak_user
--

ALTER TABLE ONLY keycloak.client_user_session_note
    ADD CONSTRAINT fk_cl_usr_ses_note FOREIGN KEY (client_session) REFERENCES keycloak.client_session(id);


--
-- Name: protocol_mapper fk_cli_scope_mapper; Type: FK CONSTRAINT; Schema: keycloak; Owner: keycloak_user
--

ALTER TABLE ONLY keycloak.protocol_mapper
    ADD CONSTRAINT fk_cli_scope_mapper FOREIGN KEY (client_scope_id) REFERENCES keycloak.client_scope(id);


--
-- Name: client_initial_access fk_client_init_acc_realm; Type: FK CONSTRAINT; Schema: keycloak; Owner: keycloak_user
--

ALTER TABLE ONLY keycloak.client_initial_access
    ADD CONSTRAINT fk_client_init_acc_realm FOREIGN KEY (realm_id) REFERENCES keycloak.realm(id);


--
-- Name: component_config fk_component_config; Type: FK CONSTRAINT; Schema: keycloak; Owner: keycloak_user
--

ALTER TABLE ONLY keycloak.component_config
    ADD CONSTRAINT fk_component_config FOREIGN KEY (component_id) REFERENCES keycloak.component(id);


--
-- Name: component fk_component_realm; Type: FK CONSTRAINT; Schema: keycloak; Owner: keycloak_user
--

ALTER TABLE ONLY keycloak.component
    ADD CONSTRAINT fk_component_realm FOREIGN KEY (realm_id) REFERENCES keycloak.realm(id);


--
-- Name: realm_default_groups fk_def_groups_realm; Type: FK CONSTRAINT; Schema: keycloak; Owner: keycloak_user
--

ALTER TABLE ONLY keycloak.realm_default_groups
    ADD CONSTRAINT fk_def_groups_realm FOREIGN KEY (realm_id) REFERENCES keycloak.realm(id);


--
-- Name: user_federation_mapper_config fk_fedmapper_cfg; Type: FK CONSTRAINT; Schema: keycloak; Owner: keycloak_user
--

ALTER TABLE ONLY keycloak.user_federation_mapper_config
    ADD CONSTRAINT fk_fedmapper_cfg FOREIGN KEY (user_federation_mapper_id) REFERENCES keycloak.user_federation_mapper(id);


--
-- Name: user_federation_mapper fk_fedmapperpm_fedprv; Type: FK CONSTRAINT; Schema: keycloak; Owner: keycloak_user
--

ALTER TABLE ONLY keycloak.user_federation_mapper
    ADD CONSTRAINT fk_fedmapperpm_fedprv FOREIGN KEY (federation_provider_id) REFERENCES keycloak.user_federation_provider(id);


--
-- Name: user_federation_mapper fk_fedmapperpm_realm; Type: FK CONSTRAINT; Schema: keycloak; Owner: keycloak_user
--

ALTER TABLE ONLY keycloak.user_federation_mapper
    ADD CONSTRAINT fk_fedmapperpm_realm FOREIGN KEY (realm_id) REFERENCES keycloak.realm(id);


--
-- Name: associated_policy fk_frsr5s213xcx4wnkog82ssrfy; Type: FK CONSTRAINT; Schema: keycloak; Owner: keycloak_user
--

ALTER TABLE ONLY keycloak.associated_policy
    ADD CONSTRAINT fk_frsr5s213xcx4wnkog82ssrfy FOREIGN KEY (associated_policy_id) REFERENCES keycloak.resource_server_policy(id);


--
-- Name: scope_policy fk_frsrasp13xcx4wnkog82ssrfy; Type: FK CONSTRAINT; Schema: keycloak; Owner: keycloak_user
--

ALTER TABLE ONLY keycloak.scope_policy
    ADD CONSTRAINT fk_frsrasp13xcx4wnkog82ssrfy FOREIGN KEY (policy_id) REFERENCES keycloak.resource_server_policy(id);


--
-- Name: resource_server_perm_ticket fk_frsrho213xcx4wnkog82sspmt; Type: FK CONSTRAINT; Schema: keycloak; Owner: keycloak_user
--

ALTER TABLE ONLY keycloak.resource_server_perm_ticket
    ADD CONSTRAINT fk_frsrho213xcx4wnkog82sspmt FOREIGN KEY (resource_server_id) REFERENCES keycloak.resource_server(id);


--
-- Name: resource_server_resource fk_frsrho213xcx4wnkog82ssrfy; Type: FK CONSTRAINT; Schema: keycloak; Owner: keycloak_user
--

ALTER TABLE ONLY keycloak.resource_server_resource
    ADD CONSTRAINT fk_frsrho213xcx4wnkog82ssrfy FOREIGN KEY (resource_server_id) REFERENCES keycloak.resource_server(id);


--
-- Name: resource_server_perm_ticket fk_frsrho213xcx4wnkog83sspmt; Type: FK CONSTRAINT; Schema: keycloak; Owner: keycloak_user
--

ALTER TABLE ONLY keycloak.resource_server_perm_ticket
    ADD CONSTRAINT fk_frsrho213xcx4wnkog83sspmt FOREIGN KEY (resource_id) REFERENCES keycloak.resource_server_resource(id);


--
-- Name: resource_server_perm_ticket fk_frsrho213xcx4wnkog84sspmt; Type: FK CONSTRAINT; Schema: keycloak; Owner: keycloak_user
--

ALTER TABLE ONLY keycloak.resource_server_perm_ticket
    ADD CONSTRAINT fk_frsrho213xcx4wnkog84sspmt FOREIGN KEY (scope_id) REFERENCES keycloak.resource_server_scope(id);


--
-- Name: associated_policy fk_frsrpas14xcx4wnkog82ssrfy; Type: FK CONSTRAINT; Schema: keycloak; Owner: keycloak_user
--

ALTER TABLE ONLY keycloak.associated_policy
    ADD CONSTRAINT fk_frsrpas14xcx4wnkog82ssrfy FOREIGN KEY (policy_id) REFERENCES keycloak.resource_server_policy(id);


--
-- Name: scope_policy fk_frsrpass3xcx4wnkog82ssrfy; Type: FK CONSTRAINT; Schema: keycloak; Owner: keycloak_user
--

ALTER TABLE ONLY keycloak.scope_policy
    ADD CONSTRAINT fk_frsrpass3xcx4wnkog82ssrfy FOREIGN KEY (scope_id) REFERENCES keycloak.resource_server_scope(id);


--
-- Name: resource_server_perm_ticket fk_frsrpo2128cx4wnkog82ssrfy; Type: FK CONSTRAINT; Schema: keycloak; Owner: keycloak_user
--

ALTER TABLE ONLY keycloak.resource_server_perm_ticket
    ADD CONSTRAINT fk_frsrpo2128cx4wnkog82ssrfy FOREIGN KEY (policy_id) REFERENCES keycloak.resource_server_policy(id);


--
-- Name: resource_server_policy fk_frsrpo213xcx4wnkog82ssrfy; Type: FK CONSTRAINT; Schema: keycloak; Owner: keycloak_user
--

ALTER TABLE ONLY keycloak.resource_server_policy
    ADD CONSTRAINT fk_frsrpo213xcx4wnkog82ssrfy FOREIGN KEY (resource_server_id) REFERENCES keycloak.resource_server(id);


--
-- Name: resource_scope fk_frsrpos13xcx4wnkog82ssrfy; Type: FK CONSTRAINT; Schema: keycloak; Owner: keycloak_user
--

ALTER TABLE ONLY keycloak.resource_scope
    ADD CONSTRAINT fk_frsrpos13xcx4wnkog82ssrfy FOREIGN KEY (resource_id) REFERENCES keycloak.resource_server_resource(id);


--
-- Name: resource_policy fk_frsrpos53xcx4wnkog82ssrfy; Type: FK CONSTRAINT; Schema: keycloak; Owner: keycloak_user
--

ALTER TABLE ONLY keycloak.resource_policy
    ADD CONSTRAINT fk_frsrpos53xcx4wnkog82ssrfy FOREIGN KEY (resource_id) REFERENCES keycloak.resource_server_resource(id);


--
-- Name: resource_policy fk_frsrpp213xcx4wnkog82ssrfy; Type: FK CONSTRAINT; Schema: keycloak; Owner: keycloak_user
--

ALTER TABLE ONLY keycloak.resource_policy
    ADD CONSTRAINT fk_frsrpp213xcx4wnkog82ssrfy FOREIGN KEY (policy_id) REFERENCES keycloak.resource_server_policy(id);


--
-- Name: resource_scope fk_frsrps213xcx4wnkog82ssrfy; Type: FK CONSTRAINT; Schema: keycloak; Owner: keycloak_user
--

ALTER TABLE ONLY keycloak.resource_scope
    ADD CONSTRAINT fk_frsrps213xcx4wnkog82ssrfy FOREIGN KEY (scope_id) REFERENCES keycloak.resource_server_scope(id);


--
-- Name: resource_server_scope fk_frsrso213xcx4wnkog82ssrfy; Type: FK CONSTRAINT; Schema: keycloak; Owner: keycloak_user
--

ALTER TABLE ONLY keycloak.resource_server_scope
    ADD CONSTRAINT fk_frsrso213xcx4wnkog82ssrfy FOREIGN KEY (resource_server_id) REFERENCES keycloak.resource_server(id);


--
-- Name: composite_role fk_gr7thllb9lu8q4vqa4524jjy8; Type: FK CONSTRAINT; Schema: keycloak; Owner: keycloak_user
--

ALTER TABLE ONLY keycloak.composite_role
    ADD CONSTRAINT fk_gr7thllb9lu8q4vqa4524jjy8 FOREIGN KEY (child_role) REFERENCES keycloak.keycloak_role(id);


--
-- Name: user_consent_client_scope fk_grntcsnt_clsc_usc; Type: FK CONSTRAINT; Schema: keycloak; Owner: keycloak_user
--

ALTER TABLE ONLY keycloak.user_consent_client_scope
    ADD CONSTRAINT fk_grntcsnt_clsc_usc FOREIGN KEY (user_consent_id) REFERENCES keycloak.user_consent(id);


--
-- Name: user_consent fk_grntcsnt_user; Type: FK CONSTRAINT; Schema: keycloak; Owner: keycloak_user
--

ALTER TABLE ONLY keycloak.user_consent
    ADD CONSTRAINT fk_grntcsnt_user FOREIGN KEY (user_id) REFERENCES keycloak.user_entity(id);


--
-- Name: group_attribute fk_group_attribute_group; Type: FK CONSTRAINT; Schema: keycloak; Owner: keycloak_user
--

ALTER TABLE ONLY keycloak.group_attribute
    ADD CONSTRAINT fk_group_attribute_group FOREIGN KEY (group_id) REFERENCES keycloak.keycloak_group(id);


--
-- Name: group_role_mapping fk_group_role_group; Type: FK CONSTRAINT; Schema: keycloak; Owner: keycloak_user
--

ALTER TABLE ONLY keycloak.group_role_mapping
    ADD CONSTRAINT fk_group_role_group FOREIGN KEY (group_id) REFERENCES keycloak.keycloak_group(id);


--
-- Name: realm_enabled_event_types fk_h846o4h0w8epx5nwedrf5y69j; Type: FK CONSTRAINT; Schema: keycloak; Owner: keycloak_user
--

ALTER TABLE ONLY keycloak.realm_enabled_event_types
    ADD CONSTRAINT fk_h846o4h0w8epx5nwedrf5y69j FOREIGN KEY (realm_id) REFERENCES keycloak.realm(id);


--
-- Name: realm_events_listeners fk_h846o4h0w8epx5nxev9f5y69j; Type: FK CONSTRAINT; Schema: keycloak; Owner: keycloak_user
--

ALTER TABLE ONLY keycloak.realm_events_listeners
    ADD CONSTRAINT fk_h846o4h0w8epx5nxev9f5y69j FOREIGN KEY (realm_id) REFERENCES keycloak.realm(id);


--
-- Name: identity_provider_mapper fk_idpm_realm; Type: FK CONSTRAINT; Schema: keycloak; Owner: keycloak_user
--

ALTER TABLE ONLY keycloak.identity_provider_mapper
    ADD CONSTRAINT fk_idpm_realm FOREIGN KEY (realm_id) REFERENCES keycloak.realm(id);


--
-- Name: idp_mapper_config fk_idpmconfig; Type: FK CONSTRAINT; Schema: keycloak; Owner: keycloak_user
--

ALTER TABLE ONLY keycloak.idp_mapper_config
    ADD CONSTRAINT fk_idpmconfig FOREIGN KEY (idp_mapper_id) REFERENCES keycloak.identity_provider_mapper(id);


--
-- Name: web_origins fk_lojpho213xcx4wnkog82ssrfy; Type: FK CONSTRAINT; Schema: keycloak; Owner: keycloak_user
--

ALTER TABLE ONLY keycloak.web_origins
    ADD CONSTRAINT fk_lojpho213xcx4wnkog82ssrfy FOREIGN KEY (client_id) REFERENCES keycloak.client(id);


--
-- Name: scope_mapping fk_ouse064plmlr732lxjcn1q5f1; Type: FK CONSTRAINT; Schema: keycloak; Owner: keycloak_user
--

ALTER TABLE ONLY keycloak.scope_mapping
    ADD CONSTRAINT fk_ouse064plmlr732lxjcn1q5f1 FOREIGN KEY (client_id) REFERENCES keycloak.client(id);


--
-- Name: protocol_mapper fk_pcm_realm; Type: FK CONSTRAINT; Schema: keycloak; Owner: keycloak_user
--

ALTER TABLE ONLY keycloak.protocol_mapper
    ADD CONSTRAINT fk_pcm_realm FOREIGN KEY (client_id) REFERENCES keycloak.client(id);


--
-- Name: credential fk_pfyr0glasqyl0dei3kl69r6v0; Type: FK CONSTRAINT; Schema: keycloak; Owner: keycloak_user
--

ALTER TABLE ONLY keycloak.credential
    ADD CONSTRAINT fk_pfyr0glasqyl0dei3kl69r6v0 FOREIGN KEY (user_id) REFERENCES keycloak.user_entity(id);


--
-- Name: protocol_mapper_config fk_pmconfig; Type: FK CONSTRAINT; Schema: keycloak; Owner: keycloak_user
--

ALTER TABLE ONLY keycloak.protocol_mapper_config
    ADD CONSTRAINT fk_pmconfig FOREIGN KEY (protocol_mapper_id) REFERENCES keycloak.protocol_mapper(id);


--
-- Name: default_client_scope fk_r_def_cli_scope_realm; Type: FK CONSTRAINT; Schema: keycloak; Owner: keycloak_user
--

ALTER TABLE ONLY keycloak.default_client_scope
    ADD CONSTRAINT fk_r_def_cli_scope_realm FOREIGN KEY (realm_id) REFERENCES keycloak.realm(id);


--
-- Name: required_action_provider fk_req_act_realm; Type: FK CONSTRAINT; Schema: keycloak; Owner: keycloak_user
--

ALTER TABLE ONLY keycloak.required_action_provider
    ADD CONSTRAINT fk_req_act_realm FOREIGN KEY (realm_id) REFERENCES keycloak.realm(id);


--
-- Name: resource_uris fk_resource_server_uris; Type: FK CONSTRAINT; Schema: keycloak; Owner: keycloak_user
--

ALTER TABLE ONLY keycloak.resource_uris
    ADD CONSTRAINT fk_resource_server_uris FOREIGN KEY (resource_id) REFERENCES keycloak.resource_server_resource(id);


--
-- Name: role_attribute fk_role_attribute_id; Type: FK CONSTRAINT; Schema: keycloak; Owner: keycloak_user
--

ALTER TABLE ONLY keycloak.role_attribute
    ADD CONSTRAINT fk_role_attribute_id FOREIGN KEY (role_id) REFERENCES keycloak.keycloak_role(id);


--
-- Name: realm_supported_locales fk_supported_locales_realm; Type: FK CONSTRAINT; Schema: keycloak; Owner: keycloak_user
--

ALTER TABLE ONLY keycloak.realm_supported_locales
    ADD CONSTRAINT fk_supported_locales_realm FOREIGN KEY (realm_id) REFERENCES keycloak.realm(id);


--
-- Name: user_federation_config fk_t13hpu1j94r2ebpekr39x5eu5; Type: FK CONSTRAINT; Schema: keycloak; Owner: keycloak_user
--

ALTER TABLE ONLY keycloak.user_federation_config
    ADD CONSTRAINT fk_t13hpu1j94r2ebpekr39x5eu5 FOREIGN KEY (user_federation_provider_id) REFERENCES keycloak.user_federation_provider(id);


--
-- Name: user_group_membership fk_user_group_user; Type: FK CONSTRAINT; Schema: keycloak; Owner: keycloak_user
--

ALTER TABLE ONLY keycloak.user_group_membership
    ADD CONSTRAINT fk_user_group_user FOREIGN KEY (user_id) REFERENCES keycloak.user_entity(id);


--
-- Name: policy_config fkdc34197cf864c4e43; Type: FK CONSTRAINT; Schema: keycloak; Owner: keycloak_user
--

ALTER TABLE ONLY keycloak.policy_config
    ADD CONSTRAINT fkdc34197cf864c4e43 FOREIGN KEY (policy_id) REFERENCES keycloak.resource_server_policy(id);


--
-- Name: identity_provider_config fkdc4897cf864c4e43; Type: FK CONSTRAINT; Schema: keycloak; Owner: keycloak_user
--

ALTER TABLE ONLY keycloak.identity_provider_config
    ADD CONSTRAINT fkdc4897cf864c4e43 FOREIGN KEY (identity_provider_id) REFERENCES keycloak.identity_provider(internal_id);


--
-- Name: t_dashboard_user_invite fk3sx1b6cail2acyktwancqec67; Type: FK CONSTRAINT; Schema: public; Owner: Stey
--

ALTER TABLE ONLY public.t_dashboard_user_invite
    ADD CONSTRAINT fk3sx1b6cail2acyktwancqec67 FOREIGN KEY (dashboard_id) REFERENCES public.t_dashboard(dashboard_id);


--
-- Name: t_dashboard_user_invite fk64nl2xsvdnlaokbxuixvfncua; Type: FK CONSTRAINT; Schema: public; Owner: Stey
--

ALTER TABLE ONLY public.t_dashboard_user_invite
    ADD CONSTRAINT fk64nl2xsvdnlaokbxuixvfncua FOREIGN KEY (receiver_id) REFERENCES public.t_user(user_id);


--
-- Name: t_task fk72ag4al7giy7yvff0rvcpnsp0; Type: FK CONSTRAINT; Schema: public; Owner: Stey
--

ALTER TABLE ONLY public.t_task
    ADD CONSTRAINT fk72ag4al7giy7yvff0rvcpnsp0 FOREIGN KEY (task_status_id) REFERENCES public.t_task_status(task_status_id);


--
-- Name: t_user_dashboard fk8p0tseklikftx7l9015k5vl4g; Type: FK CONSTRAINT; Schema: public; Owner: Stey
--

ALTER TABLE ONLY public.t_user_dashboard
    ADD CONSTRAINT fk8p0tseklikftx7l9015k5vl4g FOREIGN KEY (dashboard_id) REFERENCES public.t_dashboard(dashboard_id);


--
-- Name: t_task_comment fk9eilywwv0cvv2qrvl417felp5; Type: FK CONSTRAINT; Schema: public; Owner: Stey
--

ALTER TABLE ONLY public.t_task_comment
    ADD CONSTRAINT fk9eilywwv0cvv2qrvl417felp5 FOREIGN KEY (task_id) REFERENCES public.t_task(task_id);


--
-- Name: t_dashboard_user_invite fkddekgvoirxtw8rn87cx37l0y4; Type: FK CONSTRAINT; Schema: public; Owner: Stey
--

ALTER TABLE ONLY public.t_dashboard_user_invite
    ADD CONSTRAINT fkddekgvoirxtw8rn87cx37l0y4 FOREIGN KEY (inviter_id) REFERENCES public.t_user(user_id);


--
-- Name: t_user_dashboard fkft6dov9vbr657tmwuwvqtjvkj; Type: FK CONSTRAINT; Schema: public; Owner: Stey
--

ALTER TABLE ONLY public.t_user_dashboard
    ADD CONSTRAINT fkft6dov9vbr657tmwuwvqtjvkj FOREIGN KEY (user_id) REFERENCES public.t_user(user_id);


--
-- Name: t_task_comment fkiej6k0o9qg8v87x3h10dll2p0; Type: FK CONSTRAINT; Schema: public; Owner: Stey
--

ALTER TABLE ONLY public.t_task_comment
    ADD CONSTRAINT fkiej6k0o9qg8v87x3h10dll2p0 FOREIGN KEY (uploader_id) REFERENCES public.t_user(user_id);


--
-- Name: t_task fkj875vucl6wo87md8b7bpi2rg4; Type: FK CONSTRAINT; Schema: public; Owner: Stey
--

ALTER TABLE ONLY public.t_task
    ADD CONSTRAINT fkj875vucl6wo87md8b7bpi2rg4 FOREIGN KEY (creator_id) REFERENCES public.t_user(user_id);


--
-- Name: t_dashboard fkt94mq9ev6ox5v021j6pwphoxu; Type: FK CONSTRAINT; Schema: public; Owner: Stey
--

ALTER TABLE ONLY public.t_dashboard
    ADD CONSTRAINT fkt94mq9ev6ox5v021j6pwphoxu FOREIGN KEY (creator_id) REFERENCES public.t_user(user_id);


--
-- Name: t_task_activity foreign_pair; Type: FK CONSTRAINT; Schema: public; Owner: Stey
--

ALTER TABLE ONLY public.t_task_activity
    ADD CONSTRAINT foreign_pair FOREIGN KEY (task_id, user_id) REFERENCES public.t_user_dashboard_task(task_id, user_id);


--
-- Name: t_task t_task_dashboard_id_fkey; Type: FK CONSTRAINT; Schema: public; Owner: Stey
--

ALTER TABLE ONLY public.t_task
    ADD CONSTRAINT t_task_dashboard_id_fkey FOREIGN KEY (dashboard_id) REFERENCES public.t_dashboard(dashboard_id);


--
-- Name: t_user_dashboard_task t_user_dashboard_task_task_id_fkey; Type: FK CONSTRAINT; Schema: public; Owner: Stey
--

ALTER TABLE ONLY public.t_user_dashboard_task
    ADD CONSTRAINT t_user_dashboard_task_task_id_fkey FOREIGN KEY (task_id) REFERENCES public.t_task(task_id);


--
-- Name: t_user_dashboard_task t_user_dashboard_task_user_id_dashboard_id_fkey; Type: FK CONSTRAINT; Schema: public; Owner: Stey
--

ALTER TABLE ONLY public.t_user_dashboard_task
    ADD CONSTRAINT t_user_dashboard_task_user_id_dashboard_id_fkey FOREIGN KEY (user_id, dashboard_id) REFERENCES public.t_user_dashboard(user_id, dashboard_id);


--
-- Name: SCHEMA keycloak; Type: ACL; Schema: -; Owner: Stey
--

GRANT ALL ON SCHEMA keycloak TO keycloak_user;


--
-- PostgreSQL database dump complete
--

